주류명,주종,원산지,용량,도수,제조사,특성
청하,청주,대한민국,300,13,롯데칠성음료,"깔끔한 맛과 향을 자랑하는 청하는 1986년 출시 이래 차게 마시는 청주의 대명사로 오랫동안 사랑받고 있습니다. 세 번 깎은 쌀의 속살을 12~15도 사이의 저온에서 한 달간 서서히 발효시켜, 잡미, 잡향이 없으며, 냉각 여과장치를 이용해 쓴맛과 알코올 냄새를 제거해 더욱 부드러운 술입니다. 청하에 포함되어 있는 아미노산류는 요리의 풍미를 더 해주고 뒷맛을 깔끔하게 하여 음식을 참 맛을 살립니다."
순희,전통주,대한민국,750,6,보해양조,"노령산맥 지하 253m의 천연 암반수로 빚었으며, 16일간의 장기 저온발효 후 숙성하는 차별화된 공법을 사용해 맛과 향이 뛰어납니다. 또한 파스퇴르 공법을 적용, 막걸리 본연의 영양과 신선한 맛이 균일하게 오랫동안 유지되는 게 특징입니다."
국순당 생막걸리,전통주,대한민국,750,6,국순당,유산균 발효 과정에서 생기는 기분 좋은 산미와 직접 키운 건강한 효모가 만들어내는 산뜻한 향미를 더해 신선한 막걸리의 맛을 살렸습니다.
대박,전통주,대한민국,700,6,국순당,"3단 발효법으로 풍미는 높이고 신선함은 그대로 담아냈으며, 냉장숙성을 통해 더욱 부드러운 목넘김과 깔끔한 맛을 느낄 수 있습니다."
옛날 막걸리,전통주,대한민국,750,7.8,국순당,"누룩의 양을 3배 이상 사용하여 맛과 향이 배우 진하고 구수하며, 인공 감미료를 첨가하지 않은 막걸리입니다."
국순당 쌀막걸리,전통주,대한민국,750,5.8,국순당,"곱게 갈아낸 쌀, 직접 키운 누룩과 효모로 세번 발효하여 부드러운 막걸리의 풍미를 살렸습니다."
반하나에 반하나,전통주,대한민국,750,4,국순당,"쌀로 빚은 술에 바나나를 넣은 신개념 술로, 탄산의 청량감과 낮은 알코올 도수로 인해 누구나 가볍게 마시기에 좋습니다. 특히 매운 음식과 아주 잘 어울립니다."
백세주,전통주,대한민국,375,13,국순당,양조전용쌀 설갱미와 좋은 누룩. 엄선한 열두 가지 좋은 약재를 발효시킨 백세주 입니다.
산사춘,전통주,대한민국,375,12,배상면주가,"새콤한 맛과 단맛의 적절한 조화, 과실향이 은은하게 풍겨 마치 와인을 마시는 듯한 기분. 산사춘은 어떤 음식과도 잘 어울려 부담없이 즐기기 좋은 우리술인데요, 특히 고기류, 찜, 편육 등 육류와 함께 곁들이면 아주 좋습니다."
더 클래스,위스키 ,대한민국,450,40,하이트진로,스코틀랜드 위스키 명장과 하이트진로의 합작으로 만든 원액을 정장 스타일에 담은 정통 스카치 위스키입니다.
더 클래스 1933,위스키,대한민국,450,33,하이트진로,풍부한 19년산 원액과 그래인 위스키를 최적화하여 한국인의 입맛에 맞는 위스키를 개발하기 위하여 국내 최정상 연구진이 4년에 걸쳐 만들어낸 최고의 명작입니다.
더 클래스 33도,위스키,대한민국,320,33,하이트진로,대한민국 최고의 위스키 전문가들이 만들어 낸 한국인의 입맛에 가장 잘 맞는 국내 최초 33도 위스키입니다.
더 클래스 33도,위스키,대한민국,450,33,하이트진로,대한민국 최고의 위스키 전문가들이 만들어 낸 한국인의 입맛에 가장 잘 맞는 국내 최초 33도 위스키입니다.
가을국화,약주,대한민국,375,12.5,무학,"야생국화 산국의 꽃잎을 담아 국화 본연의 깊은 향을 간직함. 국내산 찹쌀, 누룩을 정성껏 빚어 부드러운 맛"
참이슬 fresh,소주,대한민국,200,16.5,하이트진로,대나무 숯으로 4번 걸러 더 깨끗한 목넘김과 이슬형태의 곡선 라벨로 더욱 트렌디해진 참이슬fresh 입니다.
참이슬 fresh,소주,대한민국,360,16.5,하이트진로,대나무 숯으로 4번 걸러 더 깨끗한 목넘김과 이슬형태의 곡선 라벨로 더욱 트렌디해진 참이슬fresh 입니다.
참이슬 fresh,소주,대한민국,400,16.5,하이트진로,대나무 숯으로 4번 걸러 더 깨끗한 목넘김과 이슬형태의 곡선 라벨로 더욱 트렌디해진 참이슬fresh 입니다.
참이슬 fresh,소주,대한민국,500,16.5,하이트진로,대나무 숯으로 4번 걸러 더 깨끗한 목넘김과 이슬형태의 곡선 라벨로 더욱 트렌디해진 참이슬fresh 입니다.
참이슬 fresh,소주,대한민국,620,16.5,하이트진로,대나무 숯으로 4번 걸러 더 깨끗한 목넘김과 이슬형태의 곡선 라벨로 더욱 트렌디해진 참이슬fresh 입니다.
참이슬 오리지널,소주,대한민국,200,20.1,하이트진로,"대한민국 소주의 정통성을 지켜온 정통소주로서 대나무 숯으로 4번 걸러, 숙취 유발 물질을 깨끗하게 제거하고 레귤러 대비 높은 도수로, 깊고 진한 맛을 구현해 진짜 소주의 참맛을 아는 소비자들에게 꾸준히 사랑받는 제품입니다."
참이슬 오리지널,소주,대한민국,360,20.1,하이트진로,"대한민국 소주의 정통성을 지켜온 정통소주로서 대나무 숯으로 4번 걸러, 숙취 유발 물질을 깨끗하게 제거하고 레귤러 대비 높은 도수로, 깊고 진한 맛을 구현해 진짜 소주의 참맛을 아는 소비자들에게 꾸준히 사랑받는 제품입니다."
참이슬 오리지널,소주,대한민국,640,20.1,하이트진로,"대한민국 소주의 정통성을 지켜온 정통소주로서 대나무 숯으로 4번 걸러, 숙취 유발 물질을 깨끗하게 제거하고 레귤러 대비 높은 도수로, 깊고 진한 맛을 구현해 진짜 소주의 참맛을 아는 소비자들에게 꾸준히 사랑받는 제품입니다."
진로,소주,대한민국,160,16,하이트진로,진로만이 가지고 있는 No.1 헤리티지를 재해석하여 스카이 블루 색상의 병과 은색 트위스트 캡으로 복원한 소주의 원조 진로가 재탄생했습니다.
진로,소주,대한민국,360,16,하이트진로,진로만이 가지고 있는 No.1 헤리티지를 재해석하여 스카이 블루 색상의 병과 은색 트위스트 캡으로 복원한 소주의 원조 진로가 재탄생했습니다.
진로,소주,대한민국,400,16,하이트진로,진로만이 가지고 있는 No.1 헤리티지를 재해석하여 스카이 블루 색상의 병과 은색 트위스트 캡으로 복원한 소주의 원조 진로가 재탄생했습니다.
진로,소주,대한민국,640,16,하이트진로,진로만이 가지고 있는 No.1 헤리티지를 재해석하여 스카이 블루 색상의 병과 은색 트위스트 캡으로 복원한 소주의 원조 진로가 재탄생했습니다.
진로 제로슈거,소주,대한민국,160,16,하이트진로,2023년 1월 새해을 맞아 제로슈거 및 알코올 도수 16도의 진로 오리지널 레시피를 완성하여 초깔끔하고 부드러운 목넘김을 한층 강화했습니다
진로 제로슈거,소주,대한민국,360,16,하이트진로,2023년 1월 새해을 맞아 제로슈거 및 알코올 도수 16도의 진로 오리지널 레시피를 완성하여 초깔끔하고 부드러운 목넘김을 한층 강화했습니다
진로 제로슈거,소주,대한민국,400,16,하이트진로,2023년 1월 새해을 맞아 제로슈거 및 알코올 도수 16도의 진로 오리지널 레시피를 완성하여 초깔끔하고 부드러운 목넘김을 한층 강화했습니다
진로 제로슈거,소주,대한민국,640,16,하이트진로,2023년 1월 새해을 맞아 제로슈거 및 알코올 도수 16도의 진로 오리지널 레시피를 완성하여 초깔끔하고 부드러운 목넘김을 한층 강화했습니다
진로 1924 헤리티지,소주,대한민국,700,30,하이트진로,최고급 임금님표 이천쌀만을 100% 사용하였으며 정성껏 3번 증류하여 불순물과 잡미를 제거함으로써 증류식 소주 최고의 깊고 깔끔한 맛을 구현
일품진로,소주,대한민국,375,25,하이트진로,"증류의 처음과 마지막에 나오는 원액은 과감히 버리고 향과 풍미가 뛰어난 중간 원액만을 사용하였으며 냉동여과공법으로 영하의 온도에서 잡미, 불순물을 제거하여 깔끔하고 부드러운 목넘김과 은은한 맛을 구연하였습니다."
일품진로 22년산,소주,대한민국,375,31,하이트진로,최상의 향과 풍미를 품을 수 있도록 참나무통에 담아 22년의 기다림과 정성으로 마침내 탄생한 대한민국 최상급 프리미엄 소주
진로 골드,소주,대한민국,360,25,하이트진로,초정밀 여과처리로 깨끗한 맛! 90여년의 노하우로 블렌딩 한 정통 소주
비타500에이슬,소주,대한민국,360,12,하이트진로,"비타500의 상큼함, 참이슬의 깔끔함이 어우러진 비타500에이슬로 입안에서 상큼 깔끔하게 팡팡 터지는 색다르고 즐거운 음용 경험을 느껴보세요"
아이셔에이슬,소주,대한민국,360,12,하이트진로,상큼한 레몬 맛에 강렬한 짜릿함을 더한 ‘아이셔에이슬’로 색다른 재미와 분위기를 선사합니다.
메로나에이슬,소주,대한민국,360,12,하이트진로,멜론의 달콤한 첫 향과 입안을 부드럽게 감싸는 풍미의 ‘메로나에이슬’로 색다르고 즐거운 음용 겸험을 느껴보세요
자몽에이슬,소주,대한민국,360,13,하이트진로,"여성들이 사랑하는 대표 과일 자몽과 대한민국 대표 소주 참이슬이 만나, 상큼함과 청량감은 더하고 13도의 도수로 부담은 낮췄습니다."
청포도에이슬,소주,대한민국,360,13,하이트진로,"달콤한 청포도가 깨끗한 이슬을 만나, 달콤함과 청량감은 한층 업그레이드 되고 13도의 도수로 부담 없이 즐길 수 있습니다."
처음처럼,소주,대한민국,200,16.5,롯데칠성음료,소주의 80%를 차지하고 있는 물은 제품의 맛과 품질을 좌우하는 중요한 요소입니다. 대관령 기슭 암반수로 만들어 술맛이 부드럽고 목 넘김이 좋은 특징을 가지고 있습니다.
처음처럼,소주,대한민국,360,16.5,롯데칠성음료,소주의 80%를 차지하고 있는 물은 제품의 맛과 품질을 좌우하는 중요한 요소입니다. 대관령 기슭 암반수로 만들어 술맛이 부드럽고 목 넘김이 좋은 특징을 가지고 있습니다.
처음처럼,소주,대한민국,400,16.5,롯데칠성음료,소주의 80%를 차지하고 있는 물은 제품의 맛과 품질을 좌우하는 중요한 요소입니다. 대관령 기슭 암반수로 만들어 술맛이 부드럽고 목 넘김이 좋은 특징을 가지고 있습니다.
처음처럼,소주,대한민국,640,16.5,롯데칠성음료,소주의 80%를 차지하고 있는 물은 제품의 맛과 품질을 좌우하는 중요한 요소입니다. 대관령 기슭 암반수로 만들어 술맛이 부드럽고 목 넘김이 좋은 특징을 가지고 있습니다.
순하리 처음처럼 복숭아,소주,대한민국,360,14,롯데칠성음료,
순하리 처음처럼 딸기,소주,대한민국,360,14,롯데칠성음료,
순하리 처음처럼 사과,소주,대한민국,360,12,롯데칠성음료,
순하리 처음처럼 청포도,소주,대한민국,360,12,롯데칠성음료,
순하리 처음처럼 소다,소주,대한민국,360,12,롯데칠성음료,
처음처럼 순,소주,대한민국,360,16,롯데칠성음료,소주의 80%를 차지하고 있는 물은 제품의 맛과 품질을 좌우하는 중요한 요소입니다. 대관령 기슭 암반수로 만들어 술맛이 부드럽고 목 넘김이 좋은 특징을 가지고 있습니다.
처음처럼 진,소주,대한민국,360,20,롯데칠성음료,소주의 80%를 차지하고 있는 물은 제품의 맛과 품질을 좌우하는 중요한 요소입니다. 대관령 기슭 암반수로 만들어 술맛이 부드럽고 목 넘김이 좋은 특징을 가지고 있습니다.
좋은데이,소주,대한민국,360,16.5,무학,72시간 산소숙성 부드러운 맛. 깔끔한 과당제로 소주. 히말라야핑크솔트로 감칠맛 UP. 100ml당 90kcal로 부담없이.
좋은데이,소주,대한민국,450,16.5,무학,72시간 산소숙성 부드러운 맛. 깔끔한 과당제로 소주. 히말라야핑크솔트로 감칠맛 UP. 100ml당 90kcal로 부담없이.
좋은데이,소주,대한민국,640,16.5,무학,72시간 산소숙성 부드러운 맛. 깔끔한 과당제로 소주. 히말라야핑크솔트로 감칠맛 UP. 100ml당 90kcal로 부담없이.
화이트,소주,대한민국,360,19,무학,부드러운 목넘김과 상쾌한 아침을 드리는 자연소주 입니다.
청춘소주,소주,대한민국,360,16.9,무학,가벼운 과당제로 소주. 10회 여과로 순도가 높은 소주 본연의 맛 구현
석류 톡톡,소주,대한민국,360,7,무학,상큼한 과즙과 청량한 탄산이 어우러진 무학의 과일 리큐르 제품입니다.
블루베리 톡톡,소주,대한민국,360,7,무학,상큼한 과즙과 청량한 탄산이 어우러진 무학의 과일 리큐르 제품입니다.
사과 톡톡,소주,대한민국,360,7,무학,상큼한 과즙과 청량한 탄산이 어우러진 무학의 과일 리큐르 제품입니다.
파인애플 톡톡,소주,대한민국,360,7,무학,상큼한 과즙과 청량한 탄산이 어우러진 무학의 과일 리큐르 제품입니다.
민트초코,소주,대한민국,360,12.5,무학,상쾌한 민트와 달콤한 초코의 만남
좋은데이 깔라만시,소주,대한민국,360,12.5,무학,깔라만시 과즙 2.5% 함유! 상큼한 과즙이 그대로 들어갔습니다.
보해소주,소주,대한민국,375,16.8,보해양조,보해소주의 가장 큰 특징은 소금을 넣었다는 것입니다. 수억 년 전 태초의 바다로부터 온 히말라야 핑크솔트와 안데스산맥 호수 소금 그리고 남해바다 신안 토판염까지 세계 3대 소금을 더했습니다. 바다로부터 얻은 가장 자연스러운 소금으로 소주의 쓴맛과 알코올 향을 잡았습니다. 게다가 용량을 기존 녹색병 소주보다 15ml를 늘려 더욱 넉넉하게 즐기실 수 있습니다.
잎새주,소주,대한민국,360,16.5,보해양조,"잎새주는 100% 자연에서 추출한 감미료만을 사용했습니다. 잎새주는 당과 나트륨, MSG를 넣지 않은 소주입니다. 지하 253M 방울샘 천연암반수로 빚은 잎새주. 일반 수돗물을 걸러서 만든 소주와는 비교할 수 없을 만큼 그 맛이 싱그럽습니다."
보해골드,소주,대한민국,375,23,보해양조,"보해골드는 지난 1992년, 희석식 소주의 고급화를 목표로 출시된 후 큰 인기를 얻다가 저도주 열풍으로 잠시 사라졌지만 제품을 찾는 소비자들의 요청이 이어지면서 2017년 재출시 됐습니다. 국내산 쌀보리 주정으로 만들어지며 여기에 최고급 보성녹차를 더해 한층 더 부드럽고 깊은 소주 본연의 맛을 느낄 수 있습니다. 소주 본래의 맛을 기억하고 그리워하는 분들을 위한 술, 바로 보해골드입니다."
여수밤바다,소주,대한민국,360,16.5,보해양조,"2019년 출시된 여수밤바다는 관광명소인 여수를 위해 제작한 특화제품으로 여수를 상징하는 돌산대교와 반짝이는 별빛을 이미지화 시킨 아름다운 소주 라벨이 특징입니다. 2022년 7월에는 웹툰작가 기안84와 협업하여 리뉴얼 제품을 출시했습니다. “여수밤바다 아트홀”이라는 콘셉트로, 제품 라벨을 캔버스로 활용해 작가의 작품을 전시하며 많은 소비자들에게 꾸준한 사랑을 받고 있습니다."
천년애,소주,대한민국,360,17.2,보해양조,천년애는 소주 특유의 알코올 향과 쓴맛을 줄이면서도 소주의 좋은 맛은 남겼습니다.
한라산 21,소주,대한민국,360,21,한라산소주,청정 제주에서 생산된 쌀로 만든 증류원액과 화산암반수로 만든 프리미엄 소주입니다.
한라산 17,소주,대한민국,360,17,한라산소주,청정 제주에서 생산된 쌀로 만든 증류원액과 화산암반수로 만든 프리미엄 소주입니다. 순하고 목넘긴이 부드러운 저도수 소주입니다
시원한 청풍,소주,대한민국,360,16.7,충북소주,
이제우린,소주,대한민국,360,16.5,맥키스컴퍼니,산소가 3배 많아 깔끔한 목넘김과 맛이 부드럽습니다.
선양,소주,대한민국,360,14.9,맥키스컴퍼니,"국내 최저 도수, 국내 최저 칼로리 소주입니다. 제로 슈거입니다."
린21,소주,대한민국,360,21,맥키스컴퍼니,100% 국내산 보리증원액을 첨가한 유일한 희석식 보리소주
다이아몬드,소주,대한민국,360,16.9,대선주조,"에리스리톨 첨가, 식물성 토마틴 첨가, 다중 수(水)처리 공정 정제수 사용"
시원블루,소주,대한민국,360,16.5,대선주조,"헬시플레저 트렌드에 발맞춘 무가당 소주, 최고급 식물성 원료 토마틴 첨가, 5중 水처리 정제수 사용. 제로 슈거"
대선,소주,대한민국,360,16.5,대선주조,"과당, 소금 아미노산 등 무첨가. 기존 제품 보다 낮은 칼로리. 식물성 원료 토마틴 첨가 제로슈거."
시원,소주,대한민국,360,19,대선주조,"부산의 상징 'C1소주' 식물성 토마틴 첨가 아스파라진, 아르지닌 첨가"
준마이다이긴죠겐슈 사카마이 키쿠스이,사케,일본,720,17,키쿠스이,"전 세계에서 오직 키쿠스이에서만 재배 가능한 [환상의 쌀 키쿠스이], 프리미엄 그 이상의 사케 50여년 만에 부활시킨 환상의 쌀 [키쿠스이]와 니이가타현의 깨끗한 물, 그리고 키쿠스이의 양조기술로 탄생시킨 명주로?상쾌한 향기와 원주(겐슈) 특유의 깊이가 특징인 사케입니다."
사카마이 키쿠스이 준마이 다이긴죠,사케,일본,720,15,키쿠스이,환상의 쌀 [키쿠스이]를 부활시켜 만든 준마이다이긴죠! 기분 좋은 향기와 부드러운 맛이 특징으로 키쿠스이의 자신감으로 빚어낸 준마이다이긴죠입니다.
키쿠스이 준마이,사케,일본,720,15,키쿠스이,"여름에는 시원하게, 겨울에는 따뜻하게 즐기는 준마이 풍부한 감칠맛, 하지만 결코 무겁지 않은 깊은 맛으로 많은 분들에게 사랑 받고 있는?키쿠스이를 대표하는 준마이입니다."
키쿠스이 카라구치,사케,일본,720,15,키쿠스이,"부드러운 맛이 기존의 준마이와 차별성을 보여주는 사케 니이가타 사케의 특징인 깨끗하고 깔끔한 맛의 선구자! 1978년 당시 유행하였던 달았던 사케를 대신하여 어떤 음식과도 어울리는 깨끗하고 깔끔한 맛의 사케가 탄생하였습니다.?그 이후, 키쿠스이 카라구치는 니이가타 사케의 기반을 만들며 유행을 선도하는 사케로 자리매김 하였습니다."
다카시미즈 준마이 다이긴죠,사케,일본,720,15.5,다카시미즈,아키타 우수 기능자 표창에 빛나는 장인의 혼을 담은 다카시미즈 프리미엄 사케
다카시미즈 혼죠조,사케,일본,720,15.5,다카시미즈,양조장의 자랑인 맑은 물을 사용한 고품격의 혼죠조! 다카시미즈 베스트 셀러
다카시미즈 준마이 겐테이,사케,일본,720,15.3,다카시미즈,기존 준마이의 한정판으로 한정된 업장에만 공급하고 있는 준마이
다카시미즈 다이긴죠,사케,일본,720,15.5,다카시미즈,상쾌한 향기와 깨끗한 맛! 아키타현 우수 기능자 표창에 빛나는 장인이 정성껏 빚은 다이긴죠
마보로시 준마이 긴죠,사케,일본,720,15.5,마보로시,화려한 향과 상쾌함으로 쌓은 명성이 라벨 그대로 환상인 사케
아마노토 준마이 다이긴죠45,사케,일본,720,16.5,아모노토,준마이 다이긴죠의 품격! 철저한 수작업을 통해 소량 생산
하이네켄,맥주 ,네덜란드 ,500,5,하이네켄,하이네켄은 100% 보리 맥아와 하이네켄만의 독자적인 효모 에이-이스트(A-Yeast)로 만든 골드 컬러의 라거 맥주입니다. 이 에이-이스트가 하이네켄 특유의 깊은 풍미와 미세한 과일 향을 만들어 가벼우면서도 부드럽게 쌉쌀한 맛이 탄생할 수 있었습니다. 하이네켄 캔 역시 이러한 하이네켄 맥주의 완벽함을 그대로를 간직하고 있습니다.
켈리,맥주,대한민국,355,4.5,하이트진로,"북대서양에서 불어오는 해풍을 맞고 자라 부드러운 덴마크 프리미엄 맥아 100%와 더블 숙성 공법으로 탄산감이 강렬한 맥주 '켈리' 입에 닿을 때는 부드럽고, 목으로 넘어갈 때는 탄산감이 강렬한 완벽한 밸런스의 라거 맥주입니다."
켈리,맥주,대한민국,365,4.5,하이트진로,"북대서양에서 불어오는 해풍을 맞고 자라 부드러운 덴마크 프리미엄 맥아 100%와 더블 숙성 공법으로 탄산감이 강렬한 맥주 '켈리' 입에 닿을 때는 부드럽고, 목으로 넘어갈 때는 탄산감이 강렬한 완벽한 밸런스의 라거 맥주입니다."
켈리,맥주,대한민국,463,4.5,하이트진로,"북대서양에서 불어오는 해풍을 맞고 자라 부드러운 덴마크 프리미엄 맥아 100%와 더블 숙성 공법으로 탄산감이 강렬한 맥주 '켈리' 입에 닿을 때는 부드럽고, 목으로 넘어갈 때는 탄산감이 강렬한 완벽한 밸런스의 라거 맥주입니다."
켈리,맥주,대한민국,500,4.5,하이트진로,"북대서양에서 불어오는 해풍을 맞고 자라 부드러운 덴마크 프리미엄 맥아 100%와 더블 숙성 공법으로 탄산감이 강렬한 맥주 '켈리' 입에 닿을 때는 부드럽고, 목으로 넘어갈 때는 탄산감이 강렬한 완벽한 밸런스의 라거 맥주입니다."
켈리,맥주,대한민국,1000,4.5,하이트진로,"북대서양에서 불어오는 해풍을 맞고 자라 부드러운 덴마크 프리미엄 맥아 100%와 더블 숙성 공법으로 탄산감이 강렬한 맥주 '켈리' 입에 닿을 때는 부드럽고, 목으로 넘어갈 때는 탄산감이 강렬한 완벽한 밸런스의 라거 맥주입니다."
켈리,맥주,대한민국,1600,4.5,하이트진로,"북대서양에서 불어오는 해풍을 맞고 자라 부드러운 덴마크 프리미엄 맥아 100%와 더블 숙성 공법으로 탄산감이 강렬한 맥주 '켈리' 입에 닿을 때는 부드럽고, 목으로 넘어갈 때는 탄산감이 강렬한 완벽한 밸런스의 라거 맥주입니다."
테라,맥주,대한민국,250,4.6,하이트진로,테라는 세계 공기질 부문 1위 호주에서 자란 청정맥아와 오직 발효공정에서 나오는 리얼탄산을 100% 사용하여 거품은 조밀하고 탄산은 오래 지속됩니다.
테라,맥주,대한민국,355,4.6,하이트진로,테라는 세계 공기질 부문 1위 호주에서 자란 청정맥아와 오직 발효공정에서 나오는 리얼탄산을 100% 사용하여 거품은 조밀하고 탄산은 오래 지속됩니다.
테라,맥주,대한민국,463,4.6,하이트진로,테라는 세계 공기질 부문 1위 호주에서 자란 청정맥아와 오직 발효공정에서 나오는 리얼탄산을 100% 사용하여 거품은 조밀하고 탄산은 오래 지속됩니다.
테라,맥주,대한민국,500,4.6,하이트진로,테라는 세계 공기질 부문 1위 호주에서 자란 청정맥아와 오직 발효공정에서 나오는 리얼탄산을 100% 사용하여 거품은 조밀하고 탄산은 오래 지속됩니다.
테라,맥주,대한민국,1000,4.6,하이트진로,테라는 세계 공기질 부문 1위 호주에서 자란 청정맥아와 오직 발효공정에서 나오는 리얼탄산을 100% 사용하여 거품은 조밀하고 탄산은 오래 지속됩니다.
테라,맥주,대한민국,1600,4.6,하이트진로,테라는 세계 공기질 부문 1위 호주에서 자란 청정맥아와 오직 발효공정에서 나오는 리얼탄산을 100% 사용하여 거품은 조밀하고 탄산은 오래 지속됩니다.
하이트,맥주,대한민국,330,4.5,하이트진로,"숙성에서부터 여과까지 생산 전 공정을 맥주가 얼기 직전, 영하의 온도에서 제조하여 시원하고 청량한 페일라거 맥주 본연의 맛을 극대화"
하이트,맥주,대한민국,355,4.5,하이트진로,"숙성에서부터 여과까지 생산 전 공정을 맥주가 얼기 직전, 영하의 온도에서 제조하여 시원하고 청량한 페일라거 맥주 본연의 맛을 극대화"
하이트,맥주,대한민국,500,4.5,하이트진로,"숙성에서부터 여과까지 생산 전 공정을 맥주가 얼기 직전, 영하의 온도에서 제조하여 시원하고 청량한 페일라거 맥주 본연의 맛을 극대화"
하이트,맥주,대한민국,1000,4.5,하이트진로,"숙성에서부터 여과까지 생산 전 공정을 맥주가 얼기 직전, 영하의 온도에서 제조하여 시원하고 청량한 페일라거 맥주 본연의 맛을 극대화"
하이트,맥주,대한민국,1600,4.5,하이트진로,"숙성에서부터 여과까지 생산 전 공정을 맥주가 얼기 직전, 영하의 온도에서 제조하여 시원하고 청량한 페일라거 맥주 본연의 맛을 극대화"
맥스,맥주,대한민국,355,4.5,하이트진로,"국내 최초 All Malt Beer로서, 크리미한 맥주 거품과 All Malt Beer 15년의 내공으로 재탄생했습니다."
맥스,맥주,대한민국,500,4.5,하이트진로,"국내 최초 All Malt Beer로서, 크리미한 맥주 거품과 All Malt Beer 15년의 내공으로 재탄생했습니다."
맥스,맥주,대한민국,1000,4.5,하이트진로,"국내 최초 All Malt Beer로서, 크리미한 맥주 거품과 All Malt Beer 15년의 내공으로 재탄생했습니다."
맥스,맥주,대한민국,1600,4.5,하이트진로,"국내 최초 All Malt Beer로서, 크리미한 맥주 거품과 All Malt Beer 15년의 내공으로 재탄생했습니다."
에스 라이트,맥주,대한민국,330,3.8,하이트진로,"초고발효(SAB) 공법으로 탄수화물을 극소화 시켜 맥주 대비 34% 낮은 100 mL당 26칼로리로 완성, 기존 맛은 유지했습니다. 알코올 도수를 기존과 동일한 3.8%로 구현하여 가볍고 상쾌한 맛뿐만 아니라 부드럽고 편안한 목넘김을 선사합니다."
스타우트,맥주,대한민국,355,5,하이트진로,"누구나 가볍게 즐길 수 있는 부드럽고 깔끔한 라거타입 흑맥주, 스타우트!"
필라이트,맥주,대한민국,355,4.5,하이트진로,늘 새로움을 추구하는 필라이트의 새로운 에디션을 통해 일상 속 즐거움과 시원상쾌함을 느껴보세요!
1664 블랑,맥주,프랑스,330,5,크로넨버그,"프렌치 퀴진에서 사용되는 오렌지, 그레이프 프룻, 레몬, 코리앤더 등을 사용하여, 상쾌한 시트러스 향과 독특한 플로럴 향이 특징인 밀맥주"
1664 블랑,맥주,프랑스,500,5,크로넨버그,"프렌치 퀴진에서 사용되는 오렌지, 그레이프 프룻, 레몬, 코리앤더 등을 사용하여, 상쾌한 시트러스 향과 독특한 플로럴 향이 특징인 밀맥주"
1664 블랑 라거,맥주,프랑스,330,5,크로넨버그,"완벽히 균형 잡힌 바디를 가지고 있으며, 약간의 쓴맛과 크리미하고 부드러운 거품이 특징. 특히 홉 중의 최상품인 스트리셀팔트(Strisselspalt)를 사용하여, 깔끔하게 절제된 쓴맛과 아로마와 과일향이 어우러지는 슈퍼 프리미엄 맥주"
1664 블랑 라거,맥주,프랑스,500,5,크로넨버그,"완벽히 균형 잡힌 바디를 가지고 있으며, 약간의 쓴맛과 크리미하고 부드러운 거품이 특징. 특히 홉 중의 최상품인 스트리셀팔트(Strisselspalt)를 사용하여, 깔끔하게 절제된 쓴맛과 아로마와 과일향이 어우러지는 슈퍼 프리미엄 맥주"
써머스비,맥주,덴마크,330,4.5,칼스버그,"써머스비(Somersby)는 사과로 발효하여 만든 알코올 4.5%의 저 알코올 과실주입니다. 향긋한 사과향과 달콤한 맛, 그리고 상쾌한 청량감을 주는 탄산 거품을 느낄 수 있습니다."
써머스비,맥주,덴마크,500,4.5,칼스버그,"써머스비(Somersby)는 사과로 발효하여 만든 알코올 4.5%의 저 알코올 과실주입니다. 향긋한 사과향과 달콤한 맛, 그리고 상쾌한 청량감을 주는 탄산 거품을 느낄 수 있습니다."
파울라너 바이스비어,맥주,독일,330,5.5,파울라너,"풍부하고 크리미한 거품 아래 바나나 힌트와 2,500여 개의 아로마를 즐길 수 있는 정통 독일식 프리미엄 밀맥주 	육류, 생선, 샐러드, 치즈, 파스타 등 대부분의 음식과 잘 어울림"
파울라너 바이스비어,맥주,독일,500,5.5,파울라너,"풍부하고 크리미한 거품 아래 바나나 힌트와 2,500여 개의 아로마를 즐길 수 있는 정통 독일식 프리미엄 밀맥주 	육류, 생선, 샐러드, 치즈, 파스타 등 대부분의 음식과 잘 어울림"
기린 이치방 시보리,맥주,일본,330,5,기린브루,맥아의 첫 번째 즙만을 사용한 ‘이치방 시보리 제법’으로 더욱 맑고 깨끗한 맥주 100% all malt이기에 맥주 본연의 풍부하고 깊은 맛 140년 이상의 오랜 역사를 지닌 기린 맥주사의 핵심 브랜드
기린 이치방 시보리,맥주,일본,350,5,기린브루,맥아의 첫 번째 즙만을 사용한 ‘이치방 시보리 제법’으로 더욱 맑고 깨끗한 맥주 100% all malt이기에 맥주 본연의 풍부하고 깊은 맛 140년 이상의 오랜 역사를 지닌 기린 맥주사의 핵심 브랜드
기린 이치방 시보리,맥주,일본,500,5,기린브루,맥아의 첫 번째 즙만을 사용한 ‘이치방 시보리 제법’으로 더욱 맑고 깨끗한 맥주 100% all malt이기에 맥주 본연의 풍부하고 깊은 맛 140년 이상의 오랜 역사를 지닌 기린 맥주사의 핵심 브랜드
싱하,맥주,태국,330,5,분럿,"태국 왕실의 명성과 권위를 이어받은 유일한 태국 맥주. 100% 보리맥주의 풀바디감과 독일산 이스트, 홉의 쌉싸름한 맛이 특징"
싱하,맥주,태국,490,5,분럿,"태국 왕실의 명성과 권위를 이어받은 유일한 태국 맥주. 100% 보리맥주의 풀바디감과 독일산 이스트, 홉의 쌉싸름한 맛이 특징"
스컬핀 IPA,맥주,미국,355,7,발라스트포인트 스컬핀,"""Sculpin (둑중개)"" 이라는 물고기 같이 톡 쏘는 맛과 복숭아, 망고, 레몬 향이 특징인 발라스트 포인트 대표 맥주"
패덤 IPA,맥주,미국,355,6,발라스트포인트 스컬핀,적당한 깊이감으로 마시기 쉬운 미국 서부 해안 스타일의 깔끔한 IPA
빅토리 앳 씨,맥주,미국,355,10,발라스트포인트 스컬핀,"적당한 단맛의 대담하면서 부드러운 임페리얼 포터. 콜드부르 커피의 최소한의 산도와 약한 볶은 향, 몰트의 달콤한 카라멜 향이 완벽한 조화를 이루는 맥주. 오크통 숙성 맥주로 시간이 지날수록 더 깊고 부드러운 맛이 특징(품질유지기한 2년)"
만타 레이 더블 IPA,맥주,미국,355,8.5,발라스트포인트 스컬핀,"신선한 귤, 그리고 멜론과 가벼운 솔향의 아로마로 시작하여 부드럽게 마무리되는 맥주로 이름의 큰가오리처럼 살며시 다가오는 부드러운 맥주"
캘리포니아 콜쉬,맥주,미국,355,5.2,발라스트포인트 스컬핀,"독일 아로마홉과 미국과 뮌헨 몰트가 블렌딩된 황금빛 맥주. 라거 같지만, 에일식으로 발효시켜 과일과 향신료 향이 살짝 느껴지는 부드럽고 가벼운 맛의 매우 마시기 쉬운 콜쉬*다운 맥주 발라스트 포인트의 초창기 맥주로 처음 ""Yellow Tale Pale Ale""로 시작하여 오늘날 ""캘리포니아 콜쉬""로 이름 변경"
알로하 스컬핀 IPA,맥주,미국,355,7,발라스트포인트 스컬핀,"쓴맛은 줄이고 망고, 파인애플, 구아바 등 열대과일 향을 즐길 수 있는 탁도가 높은 IPA"
그레이프후르츠 스컬핀 IPA,맥주,미국,355,7,발라스트포인트 스컬핀,스컬핀 시리즈의 최신작으로 자몽의 산미가 더해져 쉽게 마실 수 있는 자몽향의 IPA
클라우드,맥주,대한민국,330,5,롯데칠성음료,100% 발효원액에 추가로 물을 타지 않은 오리지널 그래비티 공법으로 만들어 맛이 깊고 풍부한 맥주입니다. 최고 품질의 원료를 엄선해 유럽 정통 맥주의 맛을 구현했습니다.
클라우드,맥주,대한민국,355,5,롯데칠성음료,100% 발효원액에 추가로 물을 타지 않은 오리지널 그래비티 공법으로 만들어 맛이 깊고 풍부한 맥주입니다. 최고 품질의 원료를 엄선해 유럽 정통 맥주의 맛을 구현했습니다.
클라우드,맥주,대한민국,500,5,롯데칠성음료,100% 발효원액에 추가로 물을 타지 않은 오리지널 그래비티 공법으로 만들어 맛이 깊고 풍부한 맥주입니다. 최고 품질의 원료를 엄선해 유럽 정통 맥주의 맛을 구현했습니다.
카스,맥주,대한민국,350,4.5,오비맥주,카스 프레시는 비열처리공법으로 맥주의 신선한고 톡 쏘는 맛을 더욱 향상시켰습니다. 톡 쏘는 상쾌한 맛으로 대한민국에서 가장 사랑 받는 카스 프레시는 언제 어디서나 신선한 활력과 짜릿한 즐거움을 선사합니다.?
카스,맥주,대한민국,500,4.5,오비맥주,카스 프레시는 비열처리공법으로 맥주의 신선한고 톡 쏘는 맛을 더욱 향상시켰습니다. 톡 쏘는 상쾌한 맛으로 대한민국에서 가장 사랑 받는 카스 프레시는 언제 어디서나 신선한 활력과 짜릿한 즐거움을 선사합니다.?
카스화이트,맥주,대한민국,330,4.5,오비맥주,"때로는 밀맥주 같은 부드러운 맥주를, 때로는 라거 스타일의 톡 쏘는 짜릿한 맥주를 원할때가 있습니다. 바로 그럴 때, 카스 화이트가 정답일 수 있습니다."
카스화이트,맥주,대한민국,473,4.5,오비맥주,"때로는 밀맥주 같은 부드러운 맥주를, 때로는 라거 스타일의 톡 쏘는 짜릿한 맥주를 원할때가 있습니다. 바로 그럴 때, 카스 화이트가 정답일 수 있습니다."
카스라이트,맥주,대한민국,355,4,오비맥주,독자적인 고 발효 공법을 통해 칼로리는 33% 낮췄습니다. 맛과 칼로리를 모두 만족시키는 특별한 경험을 통해 부담 없이 일상 속에서 가벼운 즐거움을 느끼게 해주는 스마트한 제품입니다.
카스0.0,맥주,대한민국,355,0.05,오비맥주,"카스 0.0은 일반 맥주와 같은 원료를 사용하여 동일한 발효 및 숙성 과정을 거칩니다. 마지막 여과 단계에서 ‘스마트 알코올 분리 공법’을 통해 알코올만 추출하여, 카스 고유의 짜릿하고 청량한 맛을 그대로 느낄 수 있습니다. 알코올의 음용이 부담스러운 상황에서도 알코올 없이 카스의 짜릿함을 그대로 느낄 수 있어 언제 어디서나 즐길 수 있습니다."
필굿,맥주,대한민국,500,4.5,오비맥주,필굿은 시원하고 상쾌한 아로마 홉과 감미로운 크리스탈 몰트를 사용해 맛의 품격과 깊이를 더한 하이퀄리티 발포주입니다. 가벼운 목넘김과 깔끔한 끝맛으로 필굿은 언제나 마시기에 편안한 느낌을 선사합니다.
필굿 세븐,맥주,대한민국,500,7,오비맥주,필굿은 시원하고 상쾌한 아로마 홉과 감미로운 크리스탈 몰트를 사용해 맛의 품격과 깊이를 더한 하이퀄리티 발포주입니다. 가벼운 목넘김과 깔끔한 끝맛으로 필굿은 언제나 마시기에 편안한 느낌을 선사합니다.
버드와이저,맥주,미국,355,4.5,앤하이저부시,"버드와이저는 단일 브랜드 판매량 세계 1위의 아메리칸 스타일의 프리미엄 맥주로, 비치우드 숙성공법을 사용하여 깨끗하고 부드러운 맛이 특징입니다."
버드와이저,맥주,미국,500,4.5,앤하이저부시,"버드와이저는 단일 브랜드 판매량 세계 1위의 아메리칸 스타일의 프리미엄 맥주로, 비치우드 숙성공법을 사용하여 깨끗하고 부드러운 맛이 특징입니다."
스텔라아르투아,맥주,벨기에,350,5,앤하이저부시 인베브,"벨기에를 대표하는 프리미엄 맥주로 체코산 노블 사츠홉을 사용하여 기분 좋은 쌉쌀한 맛과 청량한 끝 맛을 선사하며, 모든 요리와 환상적인 조화를 이룹니다."
스텔라아르투아,맥주,벨기에,500,5,앤하이저부시 인베브,"벨기에를 대표하는 프리미엄 맥주로 체코산 노블 사츠홉을 사용하여 기분 좋은 쌉쌀한 맛과 청량한 끝 맛을 선사하며, 모든 요리와 환상적인 조화를 이룹니다."
호가든,맥주,벨기에,500,4.9,앤하이저부시 인베브,"호가든은 독일의 ‘맥주순수령’과는 달리 약초, 허브, 과일 등을 사용해 다양한 맛의 맥주를 개발한 벨기에 사람들의 창의성과 오랜 정통 기법의 만남으로 탄생한 맥주입니다. 밀, 코리엔더 씨드, 오렌지 필을 사용해 매혹적인 오렌지 향과 은은한 향이 특징이고, 특유의 부드럽고 풍성한 맛, 구름 거품, 매혹적인 향을 지닌 맥주입니다."
호가든로제,맥주,벨기에,500,3,앤하이저부시 인베브,호가든 로제는 호가든 고유의 밀맥주에 라즈베리의 달콤함이 어우러진 핑크빛 맥주입니다.
코로나,맥주,멕시코,330,4.5,앤하이저부시 인베브,"상쾌하고 깨끗한 청량감으로 즐거운 일탈과 자유를 느낄 수 있는 맥주 코로나는 필스너맥주에 속하며, 선인장의 용설란을 발효시켜 제조하여 특유의 풍미를 느낄 수 있습니다. 코로나는 데낄라와 더불어 멕시코를 대표하는 술로 멕시코 시장 1위, 전세계 170여개국에 수출되고 있으며 투명한 병과 라임을 넣어 마시는 것이 특징입니다."
오비라거,맥주,대한민국,355,4.6,오비맥주,"100% 맥아와 독일산 호프만을 사용해 오리지널 100% 몰트 맥주가 주는 깊은 맛은 그대로, 알코올 도수를 5.2도에서 4.6도로 낮춰 쓴 맛을 줄여 목넘김은 더욱 좋아졌습니다.?"
카프리,맥주,대한민국,355,4.2,오비맥주,"프리미엄 아로마 홉과 청정지역 맥아를 엄선하여, 깨끗하고 부드러운 맛을 살린 맥주로 일반 맥주보다 비교적 칼로리가 낮아 가볍게 즐길 수 있습니다."
한맥,맥주,대한민국,355,4.6,오비맥주,"우리의 주식이기도 한 ‘쌀’은 한국인의 식탁에서 빼놓을 수 없는
필수적인 요소입니다. 100% 고품질 국내산 쌀을 첨가하여 한맥만의 상쾌한 풍미를
완성시켰습니다."
한맥,맥주,대한민국,500,4.6,오비맥주,"우리의 주식이기도 한 ‘쌀’은 한국인의 식탁에서 빼놓을 수 없는
필수적인 요소입니다. 100% 고품질 국내산 쌀을 첨가하여 한맥만의 상쾌한 풍미를
완성시켰습니다."
하얼빈,맥주,중국,500,4.3,인베브?하얼빈?브루잉,"1900년에 시작된 중국 최초의 맥주 하얼빈은 당시 만주에 철도를 건설하던 러시아 노동자들을 위해 공급되던 것에서 시작되었습니다. 러시아인과 유럽 최고 맥주 장인들이 유럽 전통의 맛을 동방에서 이어가기 위해 최고의 물을 사용했으며, 하얼빈에서 직접 제조한 효모로 만든 맥주입니다.
장인의 감정을 직접 거쳐 생산되며, 순하고 목 넘김이 부드러운 것이 특징입니다. 하얼빈은 중국 4대 맥주로 꼽히며 중국 젊은이들이 가장 선호하는 맥주입니다. 뿐만 아니라 현재 한국, 영국, 미국, 홍콩, 싱가포르 외의 약 30개 국가에도 수출 중인 글로벌 맥주입니다."
레페브라운,맥주,벨기에,500,6.5,앤하이저부시 인베브,"레페는 중세기 수도사들의 양조기술과 전통을 그대로 계승한 맥주로 레페 브라운은 구운맥아의 은은한 향과 달콤함이 어우러진 부드러운 흑맥주이며, 레페 블론드는 정향나무의 향이 조화된 신선하고 풍부한 맛의 담백한 맥주입니다

남부 벨기에에 건립된 레페 수도원은 1240년 고장에서 가장 신선한 재료를 엄선하여 수도원 맥주를 제조하였습니다. 당시 맥주제조는 봉헌의 의미가 내포되어 엄격한 절차와 규율에 따라 행해졌습니다"
레페블론드,맥주,벨기에 ,500,6.5,앤하이저부시 인베브,"레페는 중세기 수도사들의 양조기술과 전통을 그대로 계승한 맥주로 레페 브라운은 구운맥아의 은은한 향과 달콤함이 어우러진 부드러운 흑맥주이며, 레페 블론드는 정향나무의 향이 조화된 신선하고 풍부한 맛의 담백한 맥주입니다

남부 벨기에에 건립된 레페 수도원은 1240년 고장에서 가장 신선한 재료를 엄선하여 수도원 맥주를 제조하였습니다. 당시 맥주제조는 봉헌의 의미가 내포되어 엄격한 절차와 규율에 따라 행해졌습니다"
산토리 프리미엄 몰트,맥주,일본,500,5.5,산토리무사시노,"“세계 최고의 맥주를 만들고 싶다.” 산토리 프리미엄 몰트는 개발자인 야마모토 류조(山本隆三)의 이러한 신념에서 1989년 탄생하였습니다. 맥주의 본고장인 체코와 독일의 필스너맥주를 이상으로 삼은 거듭된 연구를 통해 세계 어디에서도 찾아볼 수 없는 섬세한 홉의 향과 고귀하면서도 꼭 죄는 쓴 맛, 그리고 순식간에 사라지는 기분 좋은 쓴 맛을 지닌 맥주로 만들어내는데 약 10년이라는 세월이 걸렸습니다.
산토리 프리미엄 몰트는 맥주의 본 고장 유럽, 벨기에에서 펼쳐지는 MONDE DE SELECTION에서 2005년, 2006년, 2007년 3년 연속으로 맥주 부문에서 최고 금상을 수상하였습니다.
산토리 프리미엄 몰트의 특징은 화려한 향과 깊고 진한 맛. 그리고 마신 후에 찾아오는 감동적인 여운. 프리미엄 맥주의 이상을 추구하고, 소재와 제조법에 철저한 ‘남다른 집념’을 가지고 만들고 있습니다."
구스 아일랜드 IPA,맥주,미국,473,5.2,구스아일랜드,"Great American Beer Festival에서 6차례 수상한 맥주, 영국식 IPA로 적당한 홉 향과 함께 오렌지 향 또한 느낄 수 있습니다. 단맛이 부드럽고 은은하게 느껴지며, 어떠한 음식과도 조화를 잘 이루는 균형 잡힌 IPA 맥주입니다."
구스 아일랜드 312 얼반 위트 ,맥주,미국,473,4.2,구스아일랜드,"312라는 이 맥주의 이름은 구스 아일랜드 양조장이 위치한 시카고의 지역 번호에서 유래되었고, 현재 시카고를 대표하는 맥주가 되었습니다. 케스케이드 홉의 스파이시한 향과 함께 상쾌한 과일 향을 느낄 수 있는 부드러운 밀맥주입니다."
덕덕구스 세션 IPA,맥주,미국,500,4.7,덕덕구스,IPA에서 쓴맛은 줄이고 상쾌함은 더한 세션 IPA로 파인애플과 복숭아의 트로피컬한 과일향이 특징인 맥주입니다. 구스아일랜드 브루하우스 강남의 레시피로 연간 6만잔 이상 판매 되었던 베스트셀러 맥주입니다.
구스 아일랜드 Sofie,맥주,미국 ,330,6.5,앤하이저부시 인베브,"Sofie는 새콤하고 드라이한 벨기에 스타일의 팜하우스 스파클링 에일로, 와인 배럴에서 오렌지껍질과 함께 숙성시켜 깊은 풍미를 느낄 수 있습니다. 전반적으로 은은한 오렌지 향이 느껴지고, 끝 맛에서는 부드러운 바닐라 향이 더해져 훌륭한 밸런스를 완성합니다.
특히 샴페인 애호가라면, Sofie의 신선하고 부드러운 바닐라 피니시를 더욱 선호할 것입니다."
구스 아일랜드 Matilda,맥주,미국,355,7,구스아일랜드,"Matilda는 훌륭한 트라피스트 맥주에서 영감을 받은 벨기에식 페일 에일입니다. 야생 효모인 브레타노미세(Brettanomyces)로 발효하여 매콤한 효모의 풍미와 만족스러운 드라이 피니쉬가 특징입니다. 특히, 금빛 일출의 컬러와 더불어 말린 과일과 정향이 매력적입니다.

전해지는 말에 의하면, 마틸다 백작부인이 세운 수도원에서 수도사들이 수세기 동안이나 이 독특한 에일 맥주를 양조해왔다고 합니다. 구스 아일랜드 팀이 벨기에에 머무는 동안 이 전설적인 수도원과 수도사들의 맥주에 영감을 받고, 시카고에 돌아온 이후 존경의 마음을 담아 Matilda를 만들었다는 후문입니다."
구스 아일랜드 Lolita,맥주,미국,765,7.5,구스아일랜드,"Lolita는 분홍장미 빛을 띤 벨기에 스타일 와일드 에일 맥주입니다. 야생 효모를 사용하여 발효시킨 후 라즈베리와 함께 와인 배럴에서 숙성시켰습니다.
청량한 바디감과 라즈베리 향은 물론, 과일 잼의 풍미 또한 은은하게 느낄 수 있습니다. 벨기에 블랑부아즈 또는 람빅과 같이 과일향이 풍부한 맥주를 즐기는 사람들에게 특히 추천하는 맥주입니다."
구스 아일랜드 Bourbon County Stout,맥주,미국,500,13.8,구스아일랜드,"구스 아일랜드의 최초의 양조장인 클라이본 브루펍의 1,000번째 배치에 대한 경의를 표하기 위해 만들어진 버번 카운티 브랜드 스타우트는 블랙홀처럼 검고 진한 리퀴드에 버번 배럴 색의 묵직한 거품을 가진 맥주입니다. 그을린 오크와 초콜릿, 바닐라, 카라멜과 스모크향이 결합된 강렬한 향으로 단 한 모금만으로도 다른 맥주에 비해 훨씬 풍부한 맛을 경험할 수 있습니다."
레드락 오리지널,맥주,중국,500,5,오비맥주,"오리지널 레드락은 부드러운 카라멜 몰트 아로마에 섬세한 홉 향을 느낄 수 있는 밸런스가 좋은 레드 라거입니다. 언제 어디서나 즐기기 좋은 부드러운 맛의 맥주로서, 한국 최초의 프리미엄 비어로 오랜 기간 동안 인기를 끌며 누구에게나 사랑 받았던 “레드락” 맥주에 대한 오마쥬의 의미를 담은 맥주입니다."
레드락 힙 호피 IPA,맥주,중국,500,5,오비맥주,"미국 서부 지역에서 재배된 홉을 사용하여 복숭아, 시트러스함, 열대 과일의 향이 강하게 느껴지는 맥주입니다. 홉 향이 가득한 과일의 풍미는 캐러멜 몰트에서 나오는 단맛과 조화를 이루면서 상쾌하면서도 기분 좋은 쌉쌀함을 남깁니다.
홉의 향이 강하게 느껴지면서도 상대적으로 낮은 알코올 도수로 마시기 편안한 IPA 입니다."
레드락 바이닐 스타우트,맥주,중국,500,5.2,오비맥주,"4가지의 다른 특별한 몰트를 다크 로스팅하여 풍부한 맛을 주는 스타우트입니다. 구운 맥아의 향이 풍부하게 풍기는 꽉 찬 바디감을 느낄 수 있습니다.
진한 초콜릿과 커피향이 느껴지면서, 풍부한 향이 선명한 캐러멜의 달콤한 맛과 훌륭한 조화를 이룹니다."
버드 아이스,맥주,미국,355,5.5,오비맥주,"버드 아이스는 엷은 황금색을 띄며 약간 달콤한 플레이와 부드러운 피니시, 그리고 풍부한 보리의 향과 맛이 특징입니다. 특히 차가운 온도에서 가볍게 마실 수 있도록 쌀이 함유돼 있습니다. 또한 버드 아이스만의 특별한 홉은 햇빛으로부터 맥주를 보호하여 항상 신선하고 부드러운 맛을 유지해 줍니다.
버드 아이스는 1944년 미국 아이스공법으로 만들어진 맥주입니다. 아이스공법은 한겨울에 미국의 한 맥주가게의 직원이 맥주통을 실수로 밖에 놓았다가 얼어버린 일에서 비롯하였습니다.
얼어버린 맥주를 아까워한 맥주장인이 표면의 얼음부터 제거한 후 남아있는 맥주의 맛을 보았는데 예상 외로 맛이 순하고 좋았다고 합니다. 이와 같은 맛을 재현하기 위해 영하에서 주조하는 공법을 아이스공법이라고 합니다.
아이스공법으로 주조된 맥주의 맛에 매료된 맥주 제조자가 같은 방법으로 만들기 시작한 것이 버드 아이스의 시초입니다."
벡스,맥주,독일,500,5,벡스,"벡스는 1873년 독일의 북서부에 위치한 브레멘주에서 처음 제조되었습니다. 브레멘 음악단과 함께 브레멘주를 대표하는 Beck’s의 이름은 양조장인 Heinrich Beck의 성을 따온 것이며, 세계 최초로 초록색 병을 사용하였습니다. 아티스트와의 컬래버레이션과 페스티벌 개최를 통해 그들만의 혁신적이고 자유로운 문화를 전파하고 있습니다. 벡스는 담백하고 깔끔한 맛을 인정받아 독일 내 맥주 수출량 1위를 기록하고 있으며 전 세계 80여 개국에 수출하고 있습니다. 1분에 3,000병씩 팔릴 정도로 전 세계인의 사랑을 받고 있습니다."
핸드앤몰트 상상 PALE ALE,맥주,대한민국,500,5.1,오비맥주,"산 꿀을 넣어 쓴 맛이 적은 PALE ALE로, 4가지 홉의 블렌딩으로 진한 시트러스향과,
허니몰트와 국내산 꿀이 주는 달콤함이 매력적인 페일 에일입니다."
핸드앤몰트 슬로우IPA,맥주,대한민국,355,4.6,오비맥주,"여유롭게, 편하게 즐기는 저도수 IPA로, 완벽한 시트러스향과 깔끔한 끝 맛을 지닌 세션 IPA로,
감귤향과 쌉쌀한 향은 살리면서 도수가 낮아 편하게 즐기실 수 있습니다."
핸드앤몰트 모카 STOUT,맥주,대한민국,500,5,오비맥주,"입안을 감싸는 부드러운 향을 지닌 제품으로, 갓 볶은 커피와
다크 초콜릿향이 부드럽게 입안을 감싸는 풍부한 맛의 흑맥주입니다."
핸드앤몰트 구름 WIT ALE,맥주,대한민국,500,5,오비맥주,"구름처럼 부드럽고 가벼운 거품, 상큼한 과일 맛, 목 넘김이 부드러운
유럽식 밀맥주로 남?여 구분 없이 누구나 즐길 수 있는 것이
특징입니다."
핸드앤몰트 폭포 PALE ALE ,맥주,대한민국,385,5.2,오비맥주,"라거와 에일을 모두 즐기고픈 당신에게 추천하는 페일에일로,
드라이한 맛과 솔향, 폭포처럼 시원하고 청량한 맥주의 맛을 느낄 수 있습니다."
에딩거 바이스비어,맥주,독일,500,5.3,에딩거 바이스 브라우,"정통 바이에른 양조 기술과 최상급 효모가 만나 탄생한 독일 정통 밀맥주 입니다. 은은한 밀 맥아의 풍미, 효모와 쌉쌀한 홉의 조화가 매력적이며, 부드러운 목 넘김은 바이에른 스타일 맥주의 정수를 보여줍니다."
에스트렐라 담,맥주,스페인,500,4.6,S.A Damm 브루,"에스트렐라는 스페인어로 별을 의미한다.

맑은 황금빛을 가지고 있으며 기분좋은 탄산감을 가지고 있다.

옥수수 향과 홉향을 느낄 수 있다.

입안에서는 깔끔한 라거 본연의 맛을 느낄 수 있다.
"
밀러,맥주,미국,500,4.7,밀러,
하이네켄,맥주,네덜란드,355,5,하이네켄,하이네켄은 100% 보리 맥아와 하이네켄만의 독자적인 효모 에이-이스트(A-Yeast)로 만든 골드 컬러의 라거 맥주입니다. 이 에이-이스트가 하이네켄 특유의 깊은 풍미와 미세한 과일 향을 만들어 가벼우면서도 부드럽게 쌉쌀한 맛이 탄생할 수 있었습니다. 하이네켄 캔 역시 이러한 하이네켄 맥주의 완벽함을 그대로를 간직하고 있습니다.
하이네켄 다크 라거,맥주,네덜란드,355,5,하이네켄,"하이네켄 다크는 전통적인 흑맥주는 아니다. 흑맥주의 탈을 쓴 라거. 즉 하이브리드랄까. 하이네켄의 가벼운 맛을 아래로 끌어내리고, 흑맥주의 무거운 맛을 약간 끌어올린 회색 지대의 맛. 아니, 이렇게 이야기하자. 라거의 장점과 흑맥주의 장점을 모두 갖췄다."
하이네켄 다크 라거,맥주,네덜란드,500,5,하이네켄,"하이네켄 다크는 전통적인 흑맥주는 아니다. 흑맥주의 탈을 쓴 라거. 즉 하이브리드랄까. 하이네켄의 가벼운 맛을 아래로 끌어내리고, 흑맥주의 무거운 맛을 약간 끌어올린 회색 지대의 맛. 아니, 이렇게 이야기하자. 라거의 장점과 흑맥주의 장점을 모두 갖췄다."
기네스,맥주,아일랜드,350,4.2,기네스,"향: 커피, 맥아 향과 어우러진 달콤한 향. 풍미: 맥아와 로스팅 특성을 살린 쌉싸름한 맛과 단맛의 완벽한 조화. 맛: 부드럽고 크리미하며 조화로운 균형 "
기네스,맥주,아일랜드,500,4.2,기네스,"향: 커피, 맥아 향과 어우러진 달콤한 향. 풍미: 맥아와 로스팅 특성을 살린 쌉싸름한 맛과 단맛의 완벽한 조화. 맛: 부드럽고 크리미하며 조화로운 균형 "
칭따오,맥주,중국,500,4.7,칭따오 맥주,
삿포로,맥주,일본,500,5,큐슈 히타,
이슬톡톡 폴라포,기타 주류,대한민국,355,3,하이트진로,가볍게 즐길 수 있는 알코올 도수 3%에 달콤한 맛 그리고 톡!톡! 튀는 짜릿한 탄산의 이슬톡톡에 상큼한 폴라포 아이스크림의 포도맛이 더해진 이슬톡톡 폴라포
이슬톡톡 복숭아,기타 주류,대한민국,355,3,하이트진로,톡! 톡! 튀는 탄산을 타고 입안 가득 산뜻하게 퍼지는 상콤달콤한 복숭아 맛의 이슬톡톡은 3%의 낮은 도수로 누구나 맛있게 즐길 수 있습니다.
이슬톡톡 파인애플,기타 주류,대한민국,355,3,하이트진로,톡! 톡! 튀는 탄산을 타고 입안 가득 산뜻하게 퍼지는 새콤달콤한 파인애플 맛의 이슬톡톡은 3%의 낮은 도수로 누구나 맛있게 즐길 수 있습니다.
이슬톡톡 캔디바,기타 주류,대한민국,355,3,하이트진로,톡! 톡! 튀는 탄산의 ‘이슬톡톡’과 소다맛 아이스크림‘캔디바’가 만나 탄생한 ‘이슬톡톡 캔디바’로무더운 여름철 더위를 한방에 날려버릴 청량함을 느껴보세요
망고링고,기타 주류,대한민국,355,2.5,하이트진로,과즙미 팡팡 터지는 망고 과즙과 부담 없는 알코올 도수 2.5%! 그 이름도 달콤 상큼한 망고링고. 매콤하고 짭잘한 음식과 환상 조합입니다.
망고링고,기타 주류,대한민국,500,2.5,하이트진로,과즙미 팡팡 터지는 망고 과즙과 부담 없는 알코올 도수 2.5%! 그 이름도 달콤 상큼한 망고링고. 매콤하고 짭잘한 음식과 환상 조합입니다.
부라더소다,기타 주류,대한민국,355,3,보해양조,부라더소다는 달콤한 밀키맛에 톡 쏘는 탄산을 더한 신개념 주류입니다. 화이트와인을 더해 풍미를 살리고 부드러운 소다 맛으로 알코올의 쓴맛을 잡았습니다. 또한 기존 주류에 비해 도수가 낮은 점을 감안해 750ml 로 넉넉한 용량을 갖췄습니다.
부라더소다,기타 주류,대한민국,750,3,보해양조,부라더소다는 달콤한 밀키맛에 톡 쏘는 탄산을 더한 신개념 주류입니다. 화이트와인을 더해 풍미를 살리고 부드러운 소다 맛으로 알코올의 쓴맛을 잡았습니다. 또한 기존 주류에 비해 도수가 낮은 점을 감안해 750ml 로 넉넉한 용량을 갖췄습니다.
매화수,과실주,대한민국,300,12,하이트진로,청매실 원액과 화이트 와인을 최적의 비율로 블렌딩 부담 없는 알코올 도수 12도에 단맛을 낮추고 화이트 와인과 청매실의 상큼한 맛을 강조
매실마을,과실주,대한민국,330,12.5,무학,청정지역에서 재배 생산된 청매실로 만든 매실 침출주를 16년 숙성하여 진한 풍미와 달콤함이 가득
톡소다,과실주,대한민국,360,5,무학,스페인산 화이트와인이 첨가된 스파클링 와인. 톡쏘는 탄산으로 더 청량하게
복분자주,과실주,대한민국,375,15,보해양조,보해 복분자주는 2004년 출시 이후 보해를 넘어 대한민국을 대표하는 과실주로 국민들에게 사랑받는 제품입니다. 최상급 복분자만을 사용해 그 누구도 따라할 수 없는 보해만의 깊은 맛을 자랑합니다.
복분자주,과실주,대한민국,750,15,보해양죠,보해 복분자주는 2004년 출시 이후 보해를 넘어 대한민국을 대표하는 과실주로 국민들에게 사랑받는 제품입니다. 최상급 복분자만을 사용해 그 누구도 따라할 수 없는 보해만의 깊은 맛을 자랑합니다.
매취순,과실주,대한민국,375,14,보해양조,‘매취순’은 국내 최대 매실농원인 전남 해남 ‘보해매실농원’에서 직접 수확한 국산 청매실로만 담근 프리미엄 매실주 입니다. 남도의 해풍을 맞고 알차게 자란 매실만을 사용해 아름다운 황금빛에 풍부하고 진한 향을 자랑합니다. 매취순은 5년이라는 숙성의 시간을 거쳐 탄생합니다. 또한 더욱 깊은 맛을 원하는 소비자를 위해 10년·12년·15년 숙성 매취순을 선보이고 있습니다.
새로,소주,대한민국,360,16,롯데칠성음료,맛은 부드러우면서도 달콤하고 그러면서도 소주 특유의 알콜향이 적어서 거부감도 적고 먹기도 편하며 맛있다는 평이다. 특히 기존 소주들의 역한 사카린 향이 나지 않아 좋은 편이며 제로 슈거이다.
