주종,주류명,생산국가,용량,도수,특징
위스키,1792 스몰배치,미국,700,46.8,
위스키,고마가타케,일본,700,52,
위스키,고모가타케2020,일본,700,50,
위스키,골드바위스키,미국,750,40,
위스키,골든블루20년,대한민국,450,36.5,
위스키,골든블루22년,영국,450,36.5,
위스키,골든블루다이아몬드17,영국,450,36.5,
위스키,골든블루사피루스12,영국,450,36.5,
위스키,교토위스키 무라사키오비,일본,700,43,
위스키,교토위스키 아카오비,일본,700,40,
위스키,교토위스키 쿠로오비,일본,700,46,
위스키,그레이트 킹 스트리트,영국,700,43,"베이킹 향신료와 셰리와인의 특징들과 함께 입안에 머금었을 때 느껴지는 바디감과 풍부함 그리고 스모키.스트레이트, 물을 타거나 또는 얼음과 함께, 그리고 탄산수와 함께하는 하이볼이나 모든 스타일의 칵테일 등 다양한 스타일로 즐길 수 있습니다."
위스키,그레이트 킹 스트리트,영국,700,43,"베이킹 향신료와 셰리와인의 특징들과 함께 입안에 머금었을 때 느껴지는 바디감과 풍부함 그리고 스모키.스트레이트, 물을 타거나 또는 얼음과 함께, 그리고 탄산수와 함께하는 하이볼이나 모든 스타일의 칵테일 등 다양한 스타일로 즐길 수 있습니다."
위스키,그린자켓 12년,캐나다,450,36.5,
위스키,그린자켓17년,캐나다,450,36.5,
위스키,글렌 스코티아,스코틀랜드,700,46,"Glen Scotia 15 Year Old is an exceptional single malt whisky matured from specially selected casks that deliver the true character of a 15 year old Campbeltown malt whisky. The whisky has been gently matured in finest American oak barrels before bottling. The signature nose has hints of vanilla oak, interwoven with the subtle notes of sea spray and spicy aromatic fruits."
위스키,글렌 알라키10년,영국,700,56.8,글렌알라키 위스키의 가장 큰 특징중의 하나는 연도별로 발매되는 싱글캐스크 제품입니다.하나의 캐스크에서 숙성된 위스키 원액만으로 출시되며 연도에 따라 맛과 향 그리고 도수까지 모두 다른 특성을 가지고 있는 것이 특징입니다.
위스키,글렌 알라키15년,영국,700,46,글렌알라키 위스키의 가장 큰 특징중의 하나는 연도별로 발매되는 싱글캐스크 제품입니다.하나의 캐스크에서 숙성된 위스키 원액만으로 출시되며 연도에 따라 맛과 향 그리고 도수까지 모두 다른 특성을 가지고 있는 것이 특징입니다.
위스키,글렌고인 12년,스코틀랜드,700,43,"글렌고인의 최대 특징은 바로 피트를 사용하지 않는다는 것인데, 보리 건조에서부터 숙성까지 정말 철저하게 사용하지 않는다.피트의 영향을 받지 않은 순수한 몰트 위스키의 맛을 느낄수 있다."
위스키,글렌고인18년,영국,700,43,"글렌고인의 최대 특징은 바로 피트를 사용하지 않는다는 것인데, 보리 건조에서부터 숙성까지 정말 철저하게 사용하지 않는다.피트의 영향을 받지 않은 순수한 몰트 위스키의 맛을 느낄수 있다."
위스키,글렌고인21년,영국,700,43,"글렌고인의 최대 특징은 바로 피트를 사용하지 않는다는 것인데, 보리 건조에서부터 숙성까지 정말 철저하게 사용하지 않는다.피트의 영향을 받지 않은 순수한 몰트 위스키의 맛을 느낄수 있다."
위스키,글렌그란트,영국,700,40,"글렌 그란트의 유명한 James ‘The Major’ Grant가 개발한 라이트한 스타일의 싱글 몰트 위스키. 크리미한 맛과 약한 드라이 터치가 있으며, 피니시에서 견과류 맛을 느낄 수 있다."
위스키,글렌그란트,영국,700,40,"글렌 그란트의 유명한 James ‘The Major’ Grant가 개발한 라이트한 스타일의 싱글 몰트 위스키. 크리미한 맛과 약한 드라이 터치가 있으며, 피니시에서 견과류 맛을 느낄 수 있다."
위스키,글렌그란트 10년,영국,700,43,"위스키를 생산하는 최고의 지역으로는 단연 스코틀랜드의 스페이사이드(Spe yside)를 꼽을 수 있다. 하일랜드 동북쪽에 자리 잡은 스페이사이드는 깨끗한 물과 비옥한 토양, 자연친화적인 주변 환경 등 위스키 생산을 위한 최상의 요건을 갖추고 있어 스코틀랜드 몰트 위스키 증류소의 핵심 지역으로 자리 잡았다. 스코틀랜드의 정원’이라 불리는 스페이사이드에는 170년의 역사를 자랑하는 싱글 몰트 위스키 명가, 글렌 그란트(Glen Grant)가 있다. 글렌 그란트만의 독창적인 맛과 향은 맥아를 건조할 때 피트(이탄)를 태워 훈연하는 과정을 생략해 얻는다. 일반적으로 피트를 사용해 훈연하면 진한 스모키함이 묵직하게 느껴지는데 글렌 그란트는 향긋한 과일향과 상쾌한 맛을 유지하기 위해 이 단계를 생략하는 것. 또한 다른 증류소보다 긴 증류기를 사용하고 직접 개발한 여과기에 2번에 걸친 필터링을 통해 차별화된 위스키 원액을 얻어 목 넘김이 부드럽고 순수한 느낌이 풍부한 최상의 글렌 그란트를 완성한다"
위스키,글렌그란트 12년,스코틀랜드 스페이사이드,700,43,"위스키를 생산하는 최고의 지역으로는 단연 스코틀랜드의 스페이사이드(Spe yside)를 꼽을 수 있다. 하일랜드 동북쪽에 자리 잡은 스페이사이드는 깨끗한 물과 비옥한 토양, 자연친화적인 주변 환경 등 위스키 생산을 위한 최상의 요건을 갖추고 있어 스코틀랜드 몰트 위스키 증류소의 핵심 지역으로 자리 잡았다. 스코틀랜드의 정원’이라 불리는 스페이사이드에는 170년의 역사를 자랑하는 싱글 몰트 위스키 명가, 글렌 그란트(Glen Grant)가 있다. 글렌 그란트만의 독창적인 맛과 향은 맥아를 건조할 때 피트(이탄)를 태워 훈연하는 과정을 생략해 얻는다. 일반적으로 피트를 사용해 훈연하면 진한 스모키함이 묵직하게 느껴지는데 글렌 그란트는 향긋한 과일향과 상쾌한 맛을 유지하기 위해 이 단계를 생략하는 것. 또한 다른 증류소보다 긴 증류기를 사용하고 직접 개발한 여과기에 2번에 걸친 필터링을 통해 차별화된 위스키 원액을 얻어 목 넘김이 부드럽고 순수한 느낌이 풍부한 최상의 글렌 그란트를 완성한다"
위스키,글렌그란트 16년,영국,700,43,"위스키를 생산하는 최고의 지역으로는 단연 스코틀랜드의 스페이사이드(Spe yside)를 꼽을 수 있다. 하일랜드 동북쪽에 자리 잡은 스페이사이드는 깨끗한 물과 비옥한 토양, 자연친화적인 주변 환경 등 위스키 생산을 위한 최상의 요건을 갖추고 있어 스코틀랜드 몰트 위스키 증류소의 핵심 지역으로 자리 잡았다. 스코틀랜드의 정원’이라 불리는 스페이사이드에는 170년의 역사를 자랑하는 싱글 몰트 위스키 명가, 글렌 그란트(Glen Grant)가 있다. 글렌 그란트만의 독창적인 맛과 향은 맥아를 건조할 때 피트(이탄)를 태워 훈연하는 과정을 생략해 얻는다. 일반적으로 피트를 사용해 훈연하면 진한 스모키함이 묵직하게 느껴지는데 글렌 그란트는 향긋한 과일향과 상쾌한 맛을 유지하기 위해 이 단계를 생략하는 것. 또한 다른 증류소보다 긴 증류기를 사용하고 직접 개발한 여과기에 2번에 걸친 필터링을 통해 차별화된 위스키 원액을 얻어 목 넘김이 부드럽고 순수한 느낌이 풍부한 최상의 글렌 그란트를 완성한다"
위스키,글렌그란트 18년,스코틀랜드 스페이사이드,700,43,
위스키,글렌그란트15년,영국,700,43,
위스키,글렌글라사 에볼루션,영국,700,50,
위스키,글렌글라사리바이벌,영국,700,46,
위스키,글렌글라사토파,영국,700,50,
위스키,글렌도워 블랜디드,영국,700,40,
위스키,글렌드로냑 피티드,영국,700,43,
위스키,글렌드로냑12년,영국,700,43,
위스키,글렌드로냑18년,영국,700,46,
위스키,글렌드로냑21년,영국,700,48,
위스키,글렌드로냑킹스맨,영국,700,48.2,
위스키,글렌로티스 12년,영국,700,40,"12 year old single malt from the Glenrothes distillery, released as part of the Soleo Collection. This range takes its name from the process of sun-drying grapes in Jerez for sherry production, so it shouldn't come as a surprise that sherried deliciousness is a focus here. Also noteworthy is the lack of vintage on the label, with Glenrothes decides to eschew them in favour of age statements for the majority of the series."
위스키,글렌로티스 18년,영국,700,43,
위스키,글렌로티스 1998,영국,700,43,"향 : 풍부하고 매운 바닐라, 골든 시럽과 레몬의 풀 향글렌로티스 빈티지 1991, 1994를 잊는 빈티지 1998은 계피의 강렬하고 톡 쏘는 매운 향과 기분좋은 꽃 향기를 가지고 있습니다. 미국산 셰리오크와 스페인산 셰리오크 그리고 리필 캐스크를 통해 잘 익은 오크와 바닐라의 풍성한 달콤함을 갖게 됩니다."
위스키,글렌로티스 25년,영국,700,43,"The Soleo Collection from Glenrothes takes its name from the process of sun-drying grapes for sherry making in Jerez, so you're in for a sherried treat here. The range also eschews the vintages as seen on previous Glenrothes bottlings, instead featuring age statements on most of them. This one is a 25 year old expression, and features a high proportion of first fill sherry seasoned oak casks at its core. Yummers."
위스키,글렌로티스 WMC,영국,700,48.8,"The Whisky Maker's Cut expression from Glenrothes' Soleo Collection is completely matured in first-fill sherry seasoned casks, resulting in punchy notes of orange, cinnamon and dried fruit. The whole range is named after the process of sun-drying grapes in preparation for sherry production, hence the particularly heavy focus on sherry throughout the series."
위스키,글렌로티스1995,영국,700,43,"향 : 꽃 향, 시트러스와 버터스카치글렌로티스 1995는 글렌로티스로 병입된 최초의 빈티지입니다. 버터 스카치가 전해지는 미국산 셰리오크 통으로 30%를 채우고 스페인산 셰리오크에서 말린 과일 향을 더합니다. 나머지는 글렌로티스의 특징인 독특한 맛과 복잡성을 주기 위해 리필 캐스크로 채우게 됩니다. 벌꿀 버터스카치로 코팅된 시트러스의 감미로운 향은 매혹적이고 이국적입니다."
위스키,글렌리벳 15년,스코틀랜드 스페이사이드,700,43,"더 글렌리벳사는 미국 판매 1위를 자랑하는 대표적인 싱글 몰트 위스키 브랜드. 더 글렌리벳 15년산은 강렬한 황금색에 크리미하고 풍부한 버터향과 과일, 견과류 맛을 느낄 수 있다."
위스키,글렌리벳 18년,스코틀랜드 스페이사이드,700,40,"더 글렌리벳 사는 미국 판매 1위를 자랑하는 대표적인 싱글 몰트 위스키 브랜드. 더 글렌리벳 18년은 풍부한 아로마 향과 밸런스가 특징. 달콤한 오렌지, 열대과일의 풍미를 느낄 수 있다.     Tasting NotesApricot-hued appearance, along with an aroma of dried fruits - particularly mangoes - and toffee. Palate is wonderfully balanced, with notes of ripe oranges, raisins and ginger, and leads to a phenomenal finish marked by butterscotch candy and lemon squares."
위스키,글렌리벳 21년,스코틀랜드 스페이사이드,700,43,더 글렌리벳 사는 미국 판매 1위를 자랑하는 대표적인 싱글 몰트 위스키 브랜드. 더 글렌리벳 21년은 주문 생산으로 소량만 생산한다. 엄선된 위스키 원액만을 사용하고 입안 가득 시럽 같은 달달한 계피와 생강의 강렬한 풍미가 오래도록 지속 된다.
위스키,글렌리벳 25년,스코틀랜드 스페이사이드,700,43,"스페이사이드알콜도수:43%가격:     더 글렌리벳 사는 미국 판매 1위를 자랑하는 대표적인 싱글 몰트 위스키 브랜드. 더 글렌리벳 25년은 개별적으로 선별된 셰리 오크에서 제작된다. 시나몬의 부드럽고 우아하면서도 강렬한 맛을 느낄 수 있고, 오래도록 입안에 남아있는 것이 특징     Tasting NotesAroma of ripe fruits, dark chocolate and creamy vanilla. Hints of raisins, dates and figs on the palate, which complement notes of walnuts, brown sugar and cinnamon. Finish is long and opulent, with notes of sherry, red fruits and spices mingled together."
위스키,글렌리벳12년,영국,700,40,"1800년대 초 스코틀랜드에서 불법 증류가 성행하던 시절에 뛰어난 통찰력과 장인 정신으로 최고의 위스키를 꿈꾸던 조지 스미스는 1824년에 글렌리벳 지역에서 최초의 합법적인 증류 면허를 취득하였다. 글렌리벳은 위스키 생산에 최적의 자연환경을 갖춘 스코틀랜드 하이랜드 북동부에 위치한 마을의 이름이다. 글렌리벳은 고품질의 대명사가 되었고, 스페이사이드 지역 증류소들은 글렌리벳의 맛에 감탄하여 그 스타일을 모방하려고 했다.심지어 글렌리벳 지역과 무관한 수많은 증류업자들도 브랜드 이름에 글렌리벳을 추가함으로써 그 명성을 도용하려고 했다. 글렌리벳은 타 증류업자들과의 차별화를 위해 드디어 1884년에 글렌리벳이란 이름 앞에 ‘단 하나의’라는 뜻으로 정관사 ‘더(The)’를 붙여 법원으로부터 상표 등록 인증을 받게 된다. 그리하여 유일하게 ‘더 글렌리벳’으로 불리는 영광을 얻게 되었다.달콤한 몰트와 신선한 꽃향기가 나며, 사과 파이와 버터 향이 물씬 풍긴다. 민트와 함께 적당한 향신료가 열대 과일 맛과 조화를 이룬다. 부드럽고 깔끔한 여운을 남긴다"
위스키,글렌리벳12년,영국,700,40,"글렌리벳12년 잔세트1800년대 초 스코틀랜드에서 불법 증류가 성행하던 시절에 뛰어난 통찰력과 장인 정신으로 최고의 위스키를 꿈꾸던 조지 스미스는 1824년에 글렌리벳 지역에서 최초의 합법적인 증류 면허를 취득하였다. 글렌리벳은 위스키 생산에 최적의 자연환경을 갖춘 스코틀랜드 하이랜드 북동부에 위치한 마을의 이름이다. 글렌리벳은 고품질의 대명사가 되었고, 스페이사이드 지역 증류소들은 글렌리벳의 맛에 감탄하여 그 스타일을 모방하려고 했다.심지어 글렌리벳 지역과 무관한 수많은 증류업자들도 브랜드 이름에 글렌리벳을 추가함으로써 그 명성을 도용하려고 했다. 글렌리벳은 타 증류업자들과의 차별화를 위해 드디어 1884년에 글렌리벳이란 이름 앞에 ‘단 하나의’라는 뜻으로 정관사 ‘더(The)’를 붙여 법원으로부터 상표 등록 인증을 받게 된다. 그리하여 유일하게 ‘더 글렌리벳’으로 불리는 영광을 얻게 되었다.달콤한 몰트와 신선한 꽃향기가 나며, 사과 파이와 버터 향이 물씬 풍긴다.민트와 함께 적당한 향신료가 열대 과일 맛과 조화를 이룬다. 부드럽고 깔끔한 여운을 남긴다."
위스키,글렌모레이12년,영국,700,40,"스카치 몰트로서는 부드럽고 연한 타입의 대표격. 증류소는 18세기 이래 맥주 공장 자리였던 곳에 1897년에 설립되었다. 조업 중지된 후 1920년에 맥도날드맥도날드&뮤어사의 손으로 옮겨진다. 이후, 동사가 소유하는 글렌모렌지 증류소의 몰트와 함께 하이랜드 퀸이라는 브렌디드 스카치의 중핵을 이루는 몰트로 사용되고 있다.현재, 4기가 가동 중.병은 포트 스틸(단식 증류기)의 모양을 본뜬 유니크한 디자인으로 호평을 받고 있다. 12년산은 숙성된 위스키 맛의 최절정을 즐길 수 있다"
위스키,글렌모레이15년,영국,700,40,
위스키,글렌모레이클래식,영국,700,40,"스카치 몰트로서는 부드럽고 연한 타입의 대표격.증류소는 18세기 이래 맥주 공장 자리였던 곳에 1897년에 설립되었다. 조업 중지된 후 1920년에 맥도날드맥도날드&뮤어사의 손으로 옮겨진다. 이후, 동사가 소유하는 글렌모렌지 증류소의 몰트와 함께 하이랜드 퀸이라는 브렌디드 스카치의 중핵을 이루는 몰트로 사용되고 있다.현재, 4기가 가동 중.병은 포트 스틸(단식 증류기)의 모양을 본뜬 유니크한 디자인으로 호평을 받고 있다"
위스키,글렌모렌지 시그넷,스코틀랜드-하일런스,700,46,"부담스럽지 않으면서도 매우 고급스러운 풍미. 글렌모렌지에서 가장 오래 되고 희귀한 위스키 원액과 하이 로스티드 초콜렛 맥아(20%정도)를 배합. 다크 초콜렛, 모카커피, 오렌지, 시나몬 향"
위스키,글렌모렌지10년,영국,700,40,"맛:The Original Glenmorangie has flavours of honeyed sweetness fused with notes of citrus, vanilla and almonds, making it delicate, alluring and very complex."
위스키,글렌모렌지12년,영국,700,46,
위스키,글렌모렌지14년,영국,700,46,
위스키,글렌모렌지18년(싱글몰트),영국,700,43,"글렌모렌지는 저장고에서 18년의 숙성을 거치게 된 후 완벽한 균형과 복잡미묘한 맛을 함께 갖게 된다. 길고 높은 증류기를 통한 전통증류법을 통해 감미로운 꽃향과 과일향 (시트스, 배)을 얻게 되고, 버번을 담았던 오크 배럴에서의 숙성으로부터 바닐라향, 향신료향, 오크향과 스모크향을 간직하게 된다10년 산은 약간의 단맛과 대맥을 연상시키는 향기가 조화를 이루고 있다. 상큼하며 부드러워서 몰트의 입문에 최적. 18년 산은 버본의 빈 통으로 숙성한 후, 쉐리의 빈 통으로 재숙성시킨 것. 식후에 최적. 쉐리 우드 피니시, 마딜러 우드 피니시, 포트 우드 피니시는 모두 버본의 빈 통으로 12년간 숙성시킨 후, 각각 쉐리, 마딜러, 포트의 빈 통에서 약 2년간 ""마무리 숙성""을 한 것. 몰트의 맛에서 약간 느껴지는 와인의 향기는 각별하다. 카스크 스트렝스는 버본의 빈 통으로 10년 숙성한 통에서 뺀 원액. 몰트 위스키 본래의 맛을 체험할 수 있다."
위스키,글렌모렌지라산타12년,영국,700,46,"165년 전통의 세계적인 싱글 몰트 위스키 제조사에서 출시하는 글렌모렌지 엑스트라 머추어드레인지는 과거 버번 위스키를 담았던 참나무통에서 최소10년간 일차적으로 숙성시킨 글렌모렌지오리지널을 포트, 셰리, 소테른 와인을 담았던 최고급 참나무통으로 옮겨 각각 2년 동안 추가 숙성시킨 세 가지의 싱글 몰트 위스키 제품으로 구성되어 있다.글렌모렌지 엑스트라 머추어드 레인지는1) 풀바디의 우아한 싱글 몰트 위스키 글렌모렌지 라산타, 2) 관능적인 부드러움을 가진 글렌모렌지 퀸타 루반, 3) 매력적인 아로마의 향연 글렌모렌지 넥타도르 등 세가지 제품으로 구성된다.특히 이 세 가지의 특별한 싱글 몰트 위스키 제품은 상온여과 후 도수 46% 상태로 출시되어 화려한 컬러와 매혹적인 풍미, 유혹적인 아로마와 풍부한 질감을 고스란히 간직하고 있다.글렌모렌지 라산타는 버번 위스키를 담았던 참나무통에서 최소10년간 일차적으로 숙성시킨 글렌모렌지 오리지널을 올로로소 셰리 와인통으로 옮겨 2년간 추가 숙성시켜서 만든 싱글 몰트위스키 제품이다.게일어로 라산타는 ‘따뜻함과 열정’을 의미한다.상상할 수 있는 가장 맛있는 디저트 같은 향기를 간직한 글렌모렌지 라산타는 오렌지, 호두, 버터, 달콤한 토피의 맛과 함께 스페인산 셰리의 특징인 풍부하고 달콤한 풍미를 느낄수 있다."
위스키,글렌스코티아15년,영국,750,46,"맛은 충만한 과일의 풍미가 복합성이 느껴지는 드라이함으로 이어지며물을 첨가할 경우, 우드와 균형을 이루는 카라멜의 풍미를 제공합니다.​"
위스키,글렌알라키 12년,영국,700,46,
위스키,글렌알라키8년,영국,700,46,
위스키,글렌카담10년,영국,700,46,
위스키,글렌카담13년,영국,700,46,
위스키,글렌카담15년,영국,700,46,
위스키,글렌킨치 12년 (싱글몰트),영국,700,43,"글렌킨치는 디아지오의 클래식 몰트 셀렉션 가운데 하나로, 1825년에 ‘밀튼’이라는 증류소에서 시작하였다. 글렌킨치의 라벨을 보면 ‘에든버러 몰트’라고 적혀 있다. 방문해 볼 만한 곳으로 유명한 글렌킨치 증류소는 스코틀랜드 수도 에든버러에서 25킬로미터 떨어진 펜카이트 랜드 마을에 위치해 있다.맥아 향과 초록색 풀 향기가 나며 가벼운 느낌이다. 레몬과 멜론 향이 살며시 피어오른다. 약간 달콤하면서도 신선한 여름 과일 맛이 깊게 배어 있고 따뜻하고 스파이시하면서 드라이한 오크 향이 남는다"
위스키,글렌파클라스 105,영국,700,60,
위스키,글렌파클라스 15,영국,700,46,
위스키,글렌파클라스 21년,영국,700,43,
위스키,글렌파클라스10년,영국,700,40,
위스키,글렌파클라스12년,영국,700,43,
위스키,글렌파클라스25년,영국,700,43,
위스키,글렌파클라스30년,영국,700,43,
위스키,글렌피딕,영국,700      ,43      ,
위스키,글렌피딕 50년,영국,700,46.1,"글렌피딕 역사상 두번째 50년산, 왁스를 이용해 일일이 손으로 기록한 개별넘버, 스코티쉬 빌버 수공장식. 핸드메이드 가죽&실버장식의 케이스, 각부분 담당 마스터들의 자필서명 보증서. 전세계 총 50병 생산(50YO)"
위스키,글렌피딕 VR 1961,영국,700,43.8,"1961년 9월 30일에 숙성을시작, 2009년 10월 19일병입된  한정판. 데이비드 스튜어트 이후 글렌피딕 몰트마스터 '브라이언 킨스만'이 샐렉팅한 제품. 전세계 총 56병 생산(47YO)"
위스키,글렌피딕 VR 40년,영국,700,45.8,"한 해의 세계양대주류 품평회에서 모두 최고의 트로피를 받은 유일한 위스키.그랜피딕에 다섯번째 40년 산제품.송아지 가죽과 손으로 세공된 구리 장식 케이스,증류소 장인 4명의 자필 서명이 담긴 테스팅 노트 구성.전세계 600병 생산 800"
위스키,글렌피딕12년,영국,700      ,40,"배 맛이 감도는 신선하고 상쾌한 향이 특징임 전 세계 싱글 몰트 위스키 마켓의 리더로서 시장을 이끌어 나가고 있는 글렌피딕은 골짜기를 뜻하는 ‘글렌’과 사슴을 뜻하는 ‘피딕’의 합성어로, 1887년 크리스마스에 스코틀랜드 스페이사이드 지역에 위치한 글렌피딕 증류소에서 탄생하였다. 최고의 위스키를 제조하고자 했던 설립자 윌리엄 그랜트의 꿈이 이루어 낸 글렌피딕은 1887년 첫 증류 이래로 지금까지 전통적인 생산 방식을 고수하고 있다.6​원액 숙성 통인 오크 통을 만드는 제작 기술자부터 증류, 숙성, 병입의 전 과정을 책임지는 몰트 마스터까지 수십 명의 전문가들이 장인 정신에 입각하여 전통적인 방식으로 글렌피딕을 생산하고 있다. 청정수인 ‘로비듀’와 선별된 최고급 맥아는 다른 위스키에서는 느낄 수 없는 풍부하고 개성 있는 맛과 향을 창조해 낸다. 이러한 노력들로 글렌피딕은 현재 전 세계 200여 개 국가에서 가장 사랑받는 싱글 몰트 위스키로 자리 잡았다."
위스키,글렌피딕15년,영국,700      ,40,"배 맛이 감도는 신선하고 상쾌한 향이 특징임 전 세계 싱글 몰트 위스키 마켓의 리더로서 시장을 이끌어 나가고 있는 글렌피딕은 골짜기를 뜻하는 ‘글렌’과 사슴을 뜻하는 ‘피딕’의 합성어로, 1887년 크리스마스에 스코틀랜드 스페이사이드 지역에 위치한 글렌피딕 증류소에서 탄생하였다. 최고의 위스키를 제조하고자 했던 설립자 윌리엄 그랜트의 꿈이 이루어 낸 글렌피딕은 1887년 첫 증류 이래로 지금까지 전통적인 생산 방식을 고수하고 있다.원액 숙성 통인 오크 통을 만드는 제작 기술자부터 증류, 숙성, 병입의 전 과정을 책임지는 몰트 마스터까지 수십 명의 전문가들이 장인 정신에 입각하여 전통적인 방식으로 글렌피딕을 생산하고 있다. 청정수인 ‘로비듀’와 선별된 최고급 맥아는 다른 위스키에서는 느낄 수 없는 풍부하고 개성 있는 맛과 향을 창조해 낸다. 이러한 노력들로 글렌피딕은 현재 전 세계 200여 개 국가에서 가장 사랑받는 싱글 몰트 위스키로 자리 잡았다,스페인 셰리통,아메리카버번통 , 새 오크통등 세가지 다른 형태의 오크통에서 15년 이상 숙성된 원액들을 솔레라 배트(Solera Vat)라 불리는 큰 오크통에 담아 두었다가 일정 시간이 지나면 오크통 아래쪽 절반 가량의 위스키를 솔레라 툰(Solera Tun) 이라 불리는 오크통으로 다시 옯겨 담은 후 재 숙성 과정을 병입 합니다, 이런 독특한 숙성방법을 통하여 글렌피딕 15년만의 부드럽고 달콤한 위스키가 완성 됩니다. 진한 과일향과 함께 달콤한 바닐라 맛이 특징입니다."
위스키,글렌피딕18년,영국,700,40,"배 맛이 감도는 신선하고 상쾌한 향이 특징임 전 세계 싱글 몰트 위스키 마켓의 리더로서 시장을 이끌어 나가고 있는 글렌피딕은 골짜기를 뜻하는 ‘글렌’과 사슴을 뜻하는 ‘피딕’의 합성어로, 1887년 크리스마스에 스코틀랜드 스페이사이드 지역에 위치한 글렌피딕 증류소에서 탄생하였다. 최고의 위스키를 제조하고자 했던 설립자 윌리엄 그랜트의 꿈이 이루어 낸 글렌피딕은 1887년 첫 증류 이래로 지금까지 전통적인 생산 방식을 고수하고 있다.   원액 숙성 통인 오크 통을 만드는 제작 기술자부터 증류, 숙성, 병입의 전 과정을 책임지는 몰트 마스터까지 수십 명의 전문가들이 장인 정신에 입각하여 전통적인 방식으로 글렌피딕을 생산하고 있다. 청정수인 ‘로비듀’와 선별된 최고급 맥아는 다른 위스키에서는 느낄 수 없는 풍부하고 개성 있는 맛과 향을 창조해 낸다. 이러한 노력들로 글렌피딕은 현재 전 세계 200여 개 국가에서 가장 사랑받는 싱글 몰트 위스키로 자리 잡았다.위스키 전문가들을 위해 만들어진 귀한 싱글몰트 스카치 위스키 글렌피딕 18년산은 장기간 숙성을 통하여 셰리우드의 달콤함이 전통적인 오크 향과 함께 완벽하게 조화를 이룹니다. 은은한 사과향이 혀 끝을 돌아 온 입안에 퍼지는 상쾌함을 느낄 수 있읍니다."
위스키,글렌피딕21년,영국,700      ,40      ,"별도배 맛이 감도는 신선하고 상쾌한 향이 특징임 전 세계 싱글 몰트 위스키 마켓의 리더로서 시장을 이끌어 나가고 있는 글렌피딕은 골짜기를 뜻하는 ‘글렌’과 사슴을 뜻하는 ‘피딕’의 합성어로, 1887년 크리스마스에 스코틀랜드 스페이사이드 지역에 위치한 글렌피딕 증류소에서 탄생하였다. 최고의 위스키를 제조하고자 했던 설립자 윌리엄 그랜트의 꿈이 이루어 낸 글렌피딕은 1887년 첫 증류 이래로 지금까지 전통적인 생산 방식을 고수하고 있다.원액 숙성 통인 오크 통을 만드는 제작 기술자부터 증류, 숙성, 병입의 전 과정을 책임지는 몰트 마스터까지 수십 명의 전문가들이 장인 정신에 입각하여 전통적인 방식으로 글렌피딕을 생산하고 있다. 청정수인 ‘로비듀’와 선별된 최고급 맥아는 다른 위스키에서는 느낄 수 없는 풍부하고 개성 있는 맛과 향을 창조해 낸다. 이러한 노력들로 글렌피딕은 현재 전 세계 200여 개 국가에서 가장 사랑받는 싱글 몰트 위스키로 자리 잡았다.Glenfiddich(글렌피딕)은 Malt Whisky로 Glenfiddich 12, 15,18,21,23,26, 30년 산이 있으며,  글렌피딕(Glenfiddich)은 겔트어로 사슴이 있는 계곡이란 뜻으로, 산뜻하고 남성적인 맛을 풍기면서도 부드러운 것이 특징이다."
위스키,글렌피딕23년,영국,700      ,40      ,글렌피딕23년 그랑크루산직:영국용량:700ml알콜도수:40% Glenfiddich 23년산 GRAND CRU 싱글 몰트 스카치 위스키는 검은색과 금색의 빛나는 조합으로 빛을 발합니다.  검은색 유리 병은 더욱 고급스럽고 신비롭게 보인다. 이 글렌피딕은 아메리칸 오크 캐스크에서 23년 동안 숙성되었습니다.
위스키,글렌피딕26년,영국,700      ,43      ,글렌피딕그랑코쿤26년 용량:700ml산지:영국알콜도수:43%
위스키,글렌피딕30년,영국,700      ,46      ,"가글렌피딕 타임시리즈 50년,40년,30년  컬렉션  글렌피딕 타임시리즈 각기 다른 시간속의 순간을 담은 글렌피딕타임시리즈50년,글렌피딕타임시리즈40년,글렌피딕타임시리즈30년 3종으로 구성되어 있는 컬렉션 입니다"
위스키,글렌피딕오차드,영국,700      ,43      ,
위스키,납크릭 품절,미국,750      ,50      ,납 크릭'이란 캔터키 힐에 있는 작은 시내의 이름이며 켄터키 출신의 제 16대 대통령 '링컨'이 어린시절을 보낸 지방으로 이 강력한 버번에게 미국의 가장 위대한 대통령이 자란 땅의 이름 '납 크릭'을 붙였습니다.
위스키,납크릭라이,미국,750      ,50      ,
위스키,네이키드 그라우스,영국,700      ,40      ,"색: Deep, amber glow향: Black cherries, cocoa powder and oak wood 맛: Sweet, resinous, dried fruits, Spicy cinnamon sticks and nutmeg 피니쉬: Dark chocolate with lingering spiciness, medium sweet"
위스키,노아스밀,미국,750      ,57.15      ,
위스키,달모어12년,스코틀랜드,700      ,40      ,달모어 양조장은 1839년부터 최고의 위스키를 양조하는데 필요한 모든것을 갖춘 크롬카티퍼서 유역에서 운영되어 왔으며 뛰어나고 영향력 있는 위스키를 마스터들이 대를 이어 양조하는것에  자부심을 갖고 있다. 175년 이상 동안 달모어는 오늘날 많은 다른 위스키 제조업자들이 따르는 기준이 되었다. 달모어 주요 컬렉션은 하우스 스타일의 스피릿으로 다양성을 완벽하게 선보인다 이러한 다양한 표현은 마스터 증류주 생산자의 기술이 적용된 개성 강한 6가지 싱글 몰트 위스키를 창조함으로서 각각의 위스키가 표현하는 다양한 뉘앙스를 보여준다2가지 종류의 오크통을 사용하여 숙성시킨 12년산 위스키는 열대과일과 초콜릿 그리고 스파이시한 향을 지니고 있으면 응축된 열대과일과 올로로소 쉐리와 바닐라 맛이 난다
위스키,달모어15년,영국,700      ,40      ,"달모어 양조장은 1839년부터 최고의 위스키를 양조하는데 필요한 모든것을 갖춘 크롬카티퍼서 유역에서 운영되어 왔으며 뛰어나고 영향력 있는 위스키를 마스터들이 대를 이어 양조하는것에  자부심을 갖고 있다. 175년 이상 동안 달모어는 오늘날 많은 다른 위스키 제조업자들이 따르는 기준이 되었다. 달모어 주요 컬렉션은 하우스 스타일의 스피릿으로 다양성을 완벽하게 선보인다 이러한 다양한 표현은 마스터 증류주 생산자의 기술이 적용된 개성 강한 6가지 싱글 몰트 위스키를 창조함으로서 각각의 위스키가 표현하는 다양한 뉘앙스를 보여준다. 4가지 종류의 오크통을 사용하여 숙성시킨 15년산 위스키는 오렌지 마멜레이드,시나몬,육두구향을  지지고 있으며 감귤,바닐라, 생강과 으깬 사과의 맛이 난다.끝맛에 구운 커피와 초콜렛 향이 느껴진다"
위스키,달모어18년품절,스코틀랜드,700      ,40      ,"달모어 양조장은 1839년부터 최고의 위스키를 양조하는데 필요한 모든것을 갖춘 크롬카티퍼서 유역에서 운영되어 왔으며 뛰어나고 영향력 있는 위스키를 마스터들이 대를 이어 양조하는것에  자부심을 갖고 있다. 175년 이상 동안 달모어는 오늘날 많은 다른 위스키 제조업자들이 따르는 기준이 되었다. 달모어 주요 컬렉션은 하우스 스타일의 스피릿으로 다양성을 완벽하게 선보인다 이러한 다양한 표현은 마스터 증류주 생산자의 기술이 적용된 개성 강한 6가지 싱글 몰트 위스키를 창조함으로서 각각의 위스키가 표현하는 다양한 뉘앙스를 보여준다. 2가지 종류의 오크통을 사용하여 숙성시킨 18년산 위스키는 바닐라 ,다크초콜렛,오렌지 계피향과 다크 초콜릿, 열대 과일맛 캔디,너트맥의 맛이 난다. 피니쉬에  열대과일,오크, 향신료의 맛이 느껴진다."
위스키,달모어21년,영국,700      ,43.8,"달모어 양조장은 1839년부터 최고의 위스키를 양조하는데 필요한 모든것을 갖춘 크롬카티퍼서 유역에서 운영되어 왔으며 뛰어나고 영향력 있는 위스키를 마스터들이 대를 이어 양조하는것에  자부심을 갖고 있다. 175년 이상 동안 달모어는 오늘날 많은 다른 위스키 제조업자들이 따르는 기준이 되었다. 달모어 주요 컬렉션은 하우스 스타일의 스피릿으로 다양성을 완벽하게 선보인다 이러한 다양한 표현은 마스터 증류주 생산자의 기술이 적용된 개성 강한 6가지 싱글 몰트 위스키를 창조함으로서 각각의 위스키가 표현하는 다양한 뉘앙스를 보여준다. 2가지 종류의 오크통을 사용하여 숙성시킨 18년산 위스키는 바닐라 ,다크초콜렛,오렌지 계피향과 다크 초콜릿, 열대 과일맛 캔디,너트맥의 맛이 난다. 피니쉬에  열대과일,오크, 향신료의 맛이 느껴진다."
위스키,달모어25년,스코틀랜드,700      ,42      ,"달모어 양조장은 1839년부터 최고의 위스키를 양조하는데 필요한 모든것을 갖춘 크롬카티퍼서 유역에서 운영되어 왔으며 뛰어나고 영향력 있는 위스키를 마스터들이 대를 이어 양조하는것에  자부심을 갖고 있다. 175년 이상 동안 달모어는 오늘날 많은 다른 위스키 제조업자들이 따르는 기준이 되었다. 달모어 주요 컬렉션은 하우스 스타일의 스피릿으로 다양성을 완벽하게 선보인다 이러한 다양한 표현은 마스터 증류주 생산자의 기술이 적용된 개성 강한 6가지 싱글 몰트 위스키를 창조함으로서 각각의 위스키가 표현하는 다양한 뉘앙스를 보여준다. 2가지 종류의 오크통을 사용하여 숙성시킨 18년산 위스키는 바닐라 ,다크초콜렛,오렌지 계피향과 다크 초콜릿, 열대 과일맛 캔디,너트맥의 맛이 난다. 피니쉬에  열대과일,오크, 향신료의 맛이 느껴진다."
위스키,달모어시가몰트,영국,700      ,44      ,
위스키,달모어킹알렉산더3세,영국,700      ,40      ,
위스키,달모어포트우드,영국,700nl,"46,5      ",
위스키,달위니15년 (싱글몰트),영국,700      ,43      ,달위니는 만남의 장소라는 뜻이 있는데 게일러어로 집결장 중계소 라는 뜻이 있읍니다.  달위느 15년은 달위니 증류소를 대표하는 표준 상품입니다. 약간 달달한 향과 은은한 피트향이 조화롭게 느껴지는 싱글몰트 위스키 입니다.
위스키,더프타운싱글톤 12년,영국,700      ,40      ,싱글몰트 위스키 ‘싱글톤’은 최상의 배합과 풍부하고 부드러운 맛과 향이 특징인 고급 스카치 위스키다.싱글 몰트 위스키는 특정 증류소에서 맥아를 숙성시켜 만드는 위스키로 다른 몰트나 그레인 위스키와 혼합하지 않은 것이 특징으로 국내에서도 고급 주류를 선호하는 소비자들을 중심으로 애호가층이 형성되고 있다.
위스키,듀어스 18년,영국,750      ,43      ,"듀어스 (듀워스) 18년Dewar's 18 Years Old용량:750ml원산지:영국알콜도수:43%      버터 스카치의 달콤하고 풍부한 향과 아몬드 쿠키의 독특한 향, 바닐라와 오크향을 느낄 수 있다. 첫맛은 드라이하지만 오래 숙성되어 감미롭고, 크리미한 잔향이 오랫동안 여운을 남긴다."
위스키,듀어스12년,영국,700      ,40      ,"버터 스카치의 달콤하고 풍부한 향과 아몬드 쿠키의 독특한 향, 바닐라와 오크향을 느낄 수 있다. 첫맛은 드라이하지만 오래 숙성되어 감미롭고, 크리미한 잔향이 오랫동안 여운을 남긴다."
위스키,듀어스화이트라벨,영국,700      ,40      ,"위스키 전 세계 판매 6위인 듀어스 위스키는 스코틀랜드에서 생산되며, 160여 년의 전통을 자랑하는 고품격 위스키 브랜드이다. 듀어스는 1846년 처음 세상의 빛을 본 뒤, 3세기에 걸쳐 영국 황실을 비롯한 전 세계 명사들에게 사랑받고 있다. 1891년, ‘강철왕’으로 유명한 앤드류 카네기가 벤자민 해리슨 당시 미국 대통령에게 선물로 주려고 듀어스를 주문한 이후 현재까지 미국 시장에서 독보적인 지위를 유지하고 있다."
위스키,드라이 플라이 워싱턴 밀,미국,700      ,40,드라이 플라이 워싱턴 밀Dry Fly Washington Wheat Whiskey 원산지 미국용량 700ml알콜도수 40 드라이 플라이 워싱턴 밀 위스키는 전통적인 미국산 위스키 스타일로 두 번 증류됩니다. 미국 오크 배럴에서 최소 3 년 이상 숙성됩니다.  2015 NEW YORK WORLD WINE & SPIRITS COMPETITION  2015 SAN DIEGO SPIRITS FESTIVALSilver Medal Triticale Whiskey2015 SAN DIEGO SPIRITS FESTIVAL gold medal rye wheat whiskey
위스키,라가불린 16년 품절,영국,700      ,43      ,"라가불린은 강인하고 남성다운 풍미가 두드러진 스모키 3대 위스키(라프로익, 아드벡) 중 하나로 손꼽힌다. 스모키함과 더불러 아일레이 섬의 특징인 해초의 짠맛과 달콤한 맛을 동시에 느길수 있는 균형감 좋은 위스키이다."
위스키,라가불린8년,영국,700      ,48      ,
위스키,라프로익 10년,영국,700      ,40      ,"진한 맛과 입안에 머무는 스모키한 피트 향, 그리고 목 넘김 후 계속해서 남아 있는 강렬한 향이 멋진 조화를 이룬다. 아일레이 지역의 걸작이라고 할 수 있을 만큼 애호가들 사이에서는 최고의 몰트 위스키로 자리 잡아 가고 있다. 라프로익 고유의 맛과 향을 만드는 데에는 아일레이 섬 기후의 특성인 세찬 바람, 바다 공기, 맥아의 질 등이 중요한 영향을 끼친다.11"
위스키,라프로익 셀렉트,영국,700      ,40      ,강렬한 피트와 함께 바닐라와 과일맛  부드러움과 셰리의 달콤함이 느껴지는 긴 여운
위스키,라프로익 쿼터캐스트,영국,700      ,48      ,라프로익 쿼터 캐스크는 일반 캐스크의 1/4 크기의 캐스크에서 숙성시킨 제품이다. 작은 통에서 숙성되다 보니 술이 오크통과 접하느 면이 넓어져 강한 오크향을 느낄수 있다.13
위스키,라프로익 트리플우드,영국,700      ,48      ,"은은하게 달콤한 살구 향과 피트한 스모키향,강렬한 피트와 함께  바닐라 와 과일맛  부드러운과 셰리의 달콤함이 느껴지는 긴 여운"
위스키,라프로익18년 품절,영국,700      ,40      ,"진한 맛과 입안에 머무는 스모키한 피트 향, 그리고 목 넘김 후 계속해서 남아 있는 강렬한 향이 멋진 조화를 이룬다. 아일레이 지역의 걸작이라고 할 수 있을 만큼 애호가들 사이에서는 최고의 몰트 위스키로 자리 잡아 가고 있다. 라프로익 고유의 맛과 향을 만드는 데에는 아일레이 섬 기후의 특성인 세찬 바람, 바다 공기, 맥아의 질 등이 중요한 영향을 끼친다.27"
위스키,라프로익포오크,영국,1000      ,40,
위스키,락 오이스터,영국,700      ,46.8      ,
위스키,람베이 스몰배치,영국,700,40,
위스키,람베이 싱글몰트,영국,700,40      ,
위스키,러셀리저브10년,미국,750      ,45      ,
위스키,러셀리저브싱글배럴,미국,750      ,55      ,
위스키,레벨 엘 100프루프버번,미국,750      ,50      ,
위스키,레벨 엘스몰배치라이,미국,750      ,45      ,
위스키,레벨 옐 켄터키,미국,750,48      ,
위스키,로얄살루트21년,영국,700,40      ,"짙은 금빛과 호박색을 지니고 있느 로얄샬루트 21년은  풍부한 과일향과 가을꽃을 연상시키느 달콤한 향취와 피트가 어우러진 복합적인 맛을 느끼게 합니다.여왕의 대관식에 헌정되어 ‘여왕의 술’이란 별칭으로 불리는 로얄 살루트의 역사는 1951년부터 시작된다. 예로부터 최고의 생산품은 언제나 왕에게 바치는 법으로, 세계 최고의 위스키 원액 생산 가문인 시바스 브라더스사는 엘리자베스 2세 영국 여왕의 대관식을 위하여 특별 제작한 오크 통에서 21년 동안 숙성시킨 위스키를 제조했다.그리고 국왕 주관의 공식 행사에서 21발의 축포를 쏘는 데서 아이디어를 얻어 ‘왕의 예포’라는 뜻의 ‘로얄 살루트’라는 이름을 붙였으며, 1953년부터 발매를 시작했다. 로얄 살루트 21년은 영국의 일급 장인들에 의해 수공 제작된 아름다운 도자기 병에 담고, 다시 고급 벨벳에 감싸 최고급 명품 위스키로서의 가치를 표현한다. 루비, 에메랄드, 사파이어 등 3가지 색상으로 만드는데, 이는 영국 군주의 왕관을 장식하는 보석들을 의미한다. 각기 다른 색상의 패키지에 담긴 내용물은 맛과 향 모두 동일하다."
위스키,로얄살루트30년,영국,500      ,40      ,"로얄살루트 30년 키 투 더 깅덤(Key to the Kingdom)이제품은 영국 왕실의 유서 깊은 의식이자 700년 가까이 이어져 온 가장 오래된 의식 ""키 세리머니 에서 영감을 받아 탄생한 제품 입니다"
위스키,로얄살루트32년,영국,500      ,40      ,
위스키,로얄살루트62건,영국,700,40,로얄살루트62건은 영국 여왕의 대관식을 기념해 발사되는 62발의 예포를 의미한다. 40년 이상의 숙성기간을 거친 원액으로 만들어졌고  위스키 마니아 사이에서 최고의 가치와 희소성으로 평가 받고 있다.
위스키,로완스크릭,미국,750,50.05      ,
위스키,로크로몬드 오리지날,영국,700,40      ,
위스키,로크로몬드12년,영국,700,46      ,
위스키,리뎀션 라이,미국,750,.,
위스키,리뎀션 버번,미국,750      ,46      ,
위스키,리뎀션 하이라이버번,미국,750,.,
위스키,마르스 엑스트라,일본,1800      ,37,
위스키,마스타 28년  품절,영국,700      ,40      ,마스타 28년은 도자기 형태로 이루어져 있어 수집가들에게는 더없이 좋은 명주이고 사과향 바닐라향등 복합적인 피트향이 어우러져 스코틀랜드 위스키의 진한 맛을 느끼게 해줍니다.
위스키,마쓰이 돗토리,일본,700      ,43      ,
위스키,마쓰이 산인,일본,700      ,43      ,
위스키,마쓰이 산인버번배럴,일본,700      ,43      ,
위스키,마쓰이 싱글몰트,일본,700      ,48      ,
위스키,마쓰이 싱글몰트,일본,700      ,48      ,
위스키,마쓰이 싱글몰트,일본,700      ,48      ,
위스키,마쓰이 쿠라요시,일본,700      ,43      ,
위스키,마쓰이 쿠라요시,일본,700      ,43      ,
위스키,마쓰이 쿠라요시,일본,700      ,43      ,
위스키,마쓰이 쿠라요시,일본,700      ,50      ,
위스키,마쓰이 쿠라요시 퓨어 몰트,일본,700      ,43      ,
위스키,맥켈란 12년,영국,700      ,40      ,"1963년 맥켈란(Macallan)의 사업은 개인 사업형태로 발전하였고, 1968년에는 런던 증권거래소에 주식을 상장하기 위해 자금조성을 시작하였다. 현재는 최고의 몰트위스키(Malt Whisky)로 성장하였다.세계적으로 위스키 작가 폴 파컬트는 맥켈란(Macallan) 12년산을 “세계 최상의 12년산 싱글몰트위스키(Single Malt Whisky)를 맛볼 수 있는 기회를 절대로 놓치지 말라”고 그의 저서에 소개하였다. 마호가니 색상을 띠며 입 안 가득 퍼지는 과일과 셰리 향, 그리고 약간의 달콤함, 타피 향과 나무 향의 조화가 특징이다. 맥켈란 파인오크 21년은 스코틀랜드의 스페이 강 유역의 맥켈란 증류소에서 생산된 위스키를 유럽과 미국산 셰리 오크통과 미국산 버번 오크통에 21년간 정성으로 숙성시킨 제품이다"
위스키,맥켈란 12년 더블캐스크,영국,700      ,40      ,셰리와인을 숙성시킨 유러피안 오크 캐스크와 아메리칸 오크 캐스크에서 최소 12년간 숙성되었다. 풍부하고 강렬한 유러피안 셰리오크와 달콤하면서도 부드러운 아메리칸 셰리오크 고유의 풍미와 향을 한 번에 즐길 수 있는 제품이다.100% 셰리 오크통에서 숙성된 싱글몰트 위스키맥켈란의 새로운 시그니처 스타일 - 퍼펙트 발란스맥켈란의 기존 셰리오크와 파인오크에 더해 더블 캐스크는 소비자들도 하여금 선택의 폭을 넓힐 수 있는 제품으로 출시하였다.
위스키,맥켈란 15,영국,700      ,40      ,"1963년 맥켈란(Macallan)의 사업은 개인 사업형태로 발전하였고, 1968년에는 런던 증권거래소에 주식을 상장하기 위해 자금조성을 시작하였다. 현재는 최고의 몰트위스키(Malt Whisky)로 성장하였다.그 중 18년산은 싱글몰트위스키(Single Malt Whisky)의 우수성을 측정하는 기준이 될 만큼 뛰어나고 정연한 맛을 지닌 위스키로 풍부한 마호가니 빛을 띠며 풍부한 말린 과일 향, 특히 감귤 향과 레진 향을 풍기며 기분 좋게 목을 감싸는 셰리 향과 잔향이 오래도록 입안에 남는다."
위스키,맥켈란 18년 품절,영국,700      ,43      ,"1963년 맥켈란(Macallan)의 사업은 개인 사업형태로 발전하였고, 1968년에는 런던 증권거래소에 주식을 상장하기 위해 자금조성을 시작하였다. 현재는 최고의 몰트위스키(Malt Whisky)로 성장하였다.그 중 18년산은 싱글몰트위스키(Single Malt Whisky)의 우수성을 측정하는 기준이 될 만큼 뛰어나고 정연한 맛을 지닌 위스키로 풍부한 마호가니 빛을 띠며 풍부한 말린 과일 향, 특히 감귤 향과 레진 향을 풍기며 기분 좋게 목을 감싸는 셰리 향과 잔향이 오래도록 입안에 남는다."
위스키,맥켈란 21년 (싱글몰트),영국,700      ,43      ,"1963년 맥켈란(Macallan)의 사업은 개인 사업형태로 발전하였고, 1968년에는 런던 증권거래소에 주식을 상장하기 위해 자금조성을 시작하였다. 현재는 최고의 몰트위스키(Malt Whisky)로 성장하였는데  싱글몰트위스키(Single Malt Whisky)의 우수성을 측정하는 기준이 될 만큼 뛰어나고 정연한 맛을 지닌 위스키로 풍부한 마호가니 빛을 띠며 풍부한 말린 과일 향, 특히 감귤 향과 레진 향을 풍기며 기분 좋게 목을 감싸는 셰리 향과 여인이 떠나고 간 아로모향 같은 잔향이 오래도록 입안에 남는다"
위스키,맥켈란 레어캐스크,영국,700      ,43,"맥켈란 레어캐스크 배치 넘버 쓰리Macallan Rare Cask Batch No.3원산지: 영국용량: 700ml알콜도수: 43%가격:400,000"
위스키,맥켈란 레어케스크,영국,700      ,43      ,향(AROMA): 풍부하고 부드러우면서 입안에서 굽이치는 한 편의 오케스트라와 같은 ‘강약’을 지닌 향. 잔잔한 바닐라 향을 바탕으로 이따금 휘몰아치는 건포도의 풍부한 향이 감초 역할을 한다.맛(PALATE): 건포도를 필두로 풍부하고 선명한 맛을 낸다. 오크의 세련되고 풍부한 맛이 전체를 아우르며 바닐라와 초콜릿은 서로를 감싸 은은함을 더한다.상큼하면서도 쌉쌀한 가벼운 감귤 껍질의 맛이 마지막을 장식한다.피니시(FINISH): 풍부하면서도 포근한 마무리
위스키,맥켈란 루미나 품절,영국,700      ,41.3      ,
위스키,맥켈란 에디션 No.3,영국,700,48.3,
위스키,맥켈란 에디션 No.4,영국,700,48.4,
위스키,맥켈란 테라,영국,700      ,43.8      ,
위스키,맥켈란 파인 오크 17년,영국,700      ,43      ,"셰리 오크에 비해 더 가볍고 부드러운 스타일로 부담 없이 즐길 수 있다. 가볍고 달콤한 아열대 과일, 오렌지, 바닐라, 카라멜 향을 낸다."
위스키,맥켈란12년,영국,700      ,40      ,
위스키,맥켈란15년,영국,700,43,
위스키,맥켈란15년,영국,700      ,43      ,
위스키,맥켈란18년,영국,700      ,43      ,"1963년 맥켈란(Macallan)의 사업은 개인 사업형태로 발전하였고, 1968년에는 런던 증권거래소에 주식을 상장하기 위해 자금조성을 시작하였다. 현재는 최고의 몰트위스키(Malt Whisky)로 성장하였다.그 중 18년산은 싱글몰트위스키(Single Malt Whisky)의 우수성을 측정하는 기준이 될 만큼 뛰어나고 정연한 맛을 지닌 위스키로 풍부한 마호가니 빛을 띠며 풍부한 말린 과일 향, 특히 감귤 향과 레진 향을 풍기며 기분 좋게 목을 감싸는 셰리 향과 잔향이 오래도록 입안에 남는다."
위스키,맥켈란25년 품절,영국,700      ,43      ,
위스키,맥켈란no1  품절,영국,700      ,48      ,"맥켈란 에디션 넘버 원"" 은 한정판 위스키로 유럽과 미국에서 생산된 각기 다른 8가지 셰리 오크통에서 숙성된 원액을 엄선하여 병에 담은 것으로, 셰리의 깊고 풍부한 맛과 향을 특징으로 하는 싱글몰트 위스키입니다."
위스키,맥켈란no2  품절,영국,700,48,"""맥켈란 에디션 넘버 투""는 한정판 위스키로 유럽과 미국에서 생산된 각기 다른 7가지 셰리 오크통에서 숙성된 원액을 엄선하여 병에 담은 것으로, 셰리의 깊고 풍부한 맛과 향을 특징으로 하는 싱글몰트 위스키입니다."
위스키,맥켈란에이라,영국,700      ,40      ,matured precominantly in sherry-seasoned oak casks for an exouisite whisky experience.Macallan Aera is the latest limited edition. The elegantly dark bottling symbolizes the mysterious night life ...
위스키,맥켈란퀘스트,영국,700      ,40      ,
위스키,메이커스 마크,미국,700      ,45      ,"메이커스 마크의 역사는 1784년으로 거슬러 올라간다. 스코틀랜드 아일랜드계 이민자인 로버트 사무엘스는 미국 켄터키로 이주하여 자신과 이웃들을 위해서 위스키를 만들었다. 이후 로버트의 손자인 T. W. 사무엘스가 1840년에 가문 최초의 민간 증류소를 세우면서 위스키 명가로서의 7대에 걸친 명성이 시작되었다. 1953년 빌 사무엘스는 획기적인 발전을 통해 보다 차별화된 버번을 제조하고자 결심하였고, 170년 역사가 담긴 가문 전통의 위스키를 불태워 버리며 새로운 곡물 조합의 부드럽고 쓴맛이 제거된 위스키를 탄생시켰다"
위스키,멜로우 콘,미국,750,50,
위스키,몽키숄더,영국,700      ,40,몽키숄더는 100% 몰트로 만들어진 블랜디드 몰트위스키로  몰트마스터 브라이언 긴스먼이 그레인 위스키를 제외하고 스콜틀랜드 스페이사이드  최고증류소에서 생산되는 싱글몰트로 환상적인 조합의 블렌디드 몰트 위스키를 출시하였다.   강한 풍미의 오렌지향과 부드럽고 풍성한 바닐라와 꿀의 달콤함 그리고 스파이시한 오크향 조화롭다.
위스키,믹터스 라이,미국,700      ,.,
위스키,믹터스 버번,미국,700      ,.,
위스키,믹터스 아메리칸,미국,700      ,.,
위스키,발렌타인 마스터즈,영국,700      ,40      ,
위스키,발렌타인12년,영국,1000      ,40,발렌타인 12년은 풍부하고 부드러우면서 복합적인 풍미가 어우러진 블렌디드 위스키이다. 달콤한 꿀과 꽃의 풍미가 크리미한 오크향의 달콤함과 완벽하게 균형잡힌 복합적인 맛
위스키,발렌타인17년,영국,700,40,발렌타인은 19세기 George Ballantine씨가 블랜딩 해 팔기 시작한 블랜디드 스카치 위스키 입니다. 발렌다인은 향이 강하지 않게 블랜딩하고 블랜딩후 추가로 숙성시켜 목넘김이 부드럽습니다. 그렇기 때문에 한국인들에게 가장 선호하는 술로 알려져 있고 한국에서 가장 많이 팔리는 외국 브랜디 위스키 입니다11발렌타인 17년은 황금빛 색깔과 바닐라 느낌의 우아한 향이 나고 오크와 피트의 스모크한 향의 달콤한 맛이 느껴집니다.
위스키,발렌타인17년4종,스코틀랜드,200       * 4,40      ,
위스키,발렌타인21년,영국,700      ,40      ,발렌타인은 19세기 George Ballantine씨가 블랜딩 해 팔기 시작한 블랜디드 스카치 위스키 입니다. 발렌다인은 향이 강하지 않게 블랜딩하고 블랜딩후 차가로 숙성시켜 목넘김이 부드럽습니다. 그렇기 때문에 한국인들에게 가장 선호하는 술로 알려져 있고 한국에서 가장 많이 팔리는 외국 브랜디 위스키 입니다.발렌타인 21년은 붉은 빛이 도는 골드빛이 돌며 달콤함에 사과향과 꽃향이 조화를 이룬듯하고 미디엄의 무게감이 있는 맛이 느껴집니다.1816
위스키,발렌타인23년,영국,700      ,40      ,
위스키,발렌타인30년 신형,영국,700      ,40      ,발렌타인은 19세기 George Ballantine씨가 블랜딩 해 팔기 시작한 블랜디드 스카치 위스키 입니다. 발렌다인은 향이 강하지 않게 블랜딩하고 블랜딩후 추가로 숙성시켜 목넘김이 부드럽습니다. 그렇기 때문에 한국인들에게 가장 선호하는 술로 알려져 있고 한국에서 가장 많이 팔리는 외국 브랜디 위스키 입니다.발렌타인 30년은 발렌타인브랜디의제품중 최소한 30년이상 숙성한 위스키를 블랜딩한 제품입니다.
위스키,발렌타인30년구형,영국,700      ,40      ,발렌타인30년(구형 )
위스키,발렌타인글15년,영국,700      ,40      ,‘글렌토커스 15년’은 발렌타인 위스키의 부드럽고도 섬세한 긴 여운을 완성한다. 열매 과일의 시트러스 향이 감미롭고도 부드러운 끝 맛을 배가한다.
위스키,발렌타인글렌버기12년,영국,700      ,40,"‘글렌버기 12년’은 토피 애플의 달콤함이 입안 가득 어우러지는 것을 시작으로, 아메리칸 오크통에서 숙성된 풍부한 바닐라 향이 진한 과일 향과 완벽한 조화를 이루며 한층 더 풍성한 풍미를 선사한다. 또한, 은은하게 느껴지는 헤이즐넛 향은 깊은 여운을 남기며 위스키 애호가부터 입문자까지 누구나 편하게 즐길 수 있다."
위스키,발렌타인글렌버기15년,영국,700      ,40      ,‘글렌버기 15년’은 발렌타인 블렌딩의 중심이자 발렌타인 스타일의 진수를 보여준다. 과일 향과 벌꿀의 달콤함이 조화를 이루는 가운데 붉은 사과와 배의 향이 어우러지며 부드럽고 긴 여운을 선사한다.
위스키,발렌타인밀튼더프15년,영국,700      ,40      ,발렌타인 블렌딩의 시작이자 발렌타인 위스키의 토대라고 할 수 있는 ‘밀튼더프 15년’은 꽃 향기와 계피의 은은한 스파이시한 풍미가 입 안을 부드럽고 온화하게 감싸는 것이 특징이다.
위스키,발렌타인파이니스트,영국,1000      ,40,"발렌타인 파이니스트는 복합적이면서 세련되고 우아한 풍미를 자랑하는 블렌디드 스카치 위스키로, 모던한 스타일의 위스키라고 할 수 있다. 은은한 황금빛과 잊을 수 없는 풍미는 세심하게 선택한 몰트와 그레인 위스키의 완벽한 조화에서 비롯된다. 블렌딩에 사용된 모든 원액들은 최소 3년 이상이지만, 훨씬 더 오랜 시간에 걸쳐 숙성된 원액들이 사용된다."
위스키,발베니 25년,영국,700      ,43      ,
위스키,발베니 30년,영국,700,47.3,발베니 30년은 수석 몰트 마스터 데이비드 스튜어트(David Stewart)가 30년 이상 된 오크통에서 병입한 정통 수제 싱글몰트 위스키이다. 위스키를 부드럽게 하는 클래식 오크통과 달콤함이 특징인 유러피언 쉐리 오크통의 원액을 메링해 지금껏 경험하지 못한 깊고 풍부함을 맛볼 수 있다. 알코올 도수 47.3%로 매우 높지만 30년 이상 숙성된 진귀한 몰트 100%의 원액과 선별된 오크통이 알코올의 역함을 전혀 느낄 수 없게 만든다.
위스키,발베니12년,영국,700,40,"발베니 더블우드는 두 가지 우드에서 숙성시켜 독특한 특징을 갖게 만든 12년산 싱글 몰트입니다. 버번을 담았던 전통적인 오크 통은 위스키를 부드럽게 하며 셰리 우드는 깊고 진한 향을 만듭니다. 이는 발베니만의 품부하고 달콤한 맛과 향을 배가 시켜줍니다, 위스키에도 ‘수제(手製)’가 있다. ‘데이빗 스튜어트’가 평생을 바쳐 만들어 낸 발베니가 바로 그것이다. 〈위스키 바이블〉의 저자이자 유명한 위스키 평론가인 짐 머레이는 데이빗 스튜어트를 ‘위스키의 신(神)’이라고 칭송한 바 있다. 500년 전에 스코틀랜드의 동북부를 지키는 철옹성이었던 ‘발베니 캐슬’에 지어진 발베니 증류소는 1892년 첫 증류 이래로 지금까지 전통 수제 방식을 고집하며 발베니를 만들고 있다."
위스키,발베니12년,영국,700      ,43      ,
위스키,발베니14년,영국,700      ,43      ,발베니 캐러비안 캐스크는14년 동안 아메리칸 오크통에서 숙성한 뒤 캐러비안 럼을 숙성시켰던 오크통에서 약 4개월간 마지막 추가 숙성 과정을 거쳐 만든 제품입니다..
위스키,발베니14년,영국,700      ,48.3      ,
위스키,발베니15년,영국,700      ,47.8      ,발베니15년 싱글배럴 셰리캐스크는 한 개의 오크통에서 15년 숙성된 원액만을 담은 싱글배럴  싱글몰트위스키이다. 최대650병 까지만 생산되며 각각의 병에 부착된 라벨에는 오크통과 병의 고유 일렬 번호가 표시 되어 있다 .
위스키,발베니17 품절,영국,700,40,"발베니 더블우드는 두 가지 우드에서 숙성시켜 독특한 특징을 갖게 만든 12년산 싱글 몰트입니다. 버번을 담았던 전통적인 오크 통은 위스키를 부드럽게 하며 셰리 우드는 깊고 진한 향을 만듭니다. 이는 발베니만의 품부하고 달콤한 맛과 향을 배가 시켜줍니다, 위스키에도 ‘수제(手製)’가 있다. ‘데이빗 스튜어트’가 평생을 바쳐 만들어 낸 발베니가 바로 그것이다. 〈위스키 바이블〉의 저자이자 유명한 위스키 평론가인 짐 머레이는 데이빗 스튜어트를 ‘위스키의 신(神)’이라고 칭송한 바 있다. 500년 전에 스코틀랜드의 동북부를 지키는 철옹성이었던 ‘발베니 캐슬’에 지어진 발베니 증류소는 1892년 첫 증류 이래로 지금까지 전통 수제 방식을 고집하며 발베니를 만들고 있다.발베니는 보리 경작에서 몰팅, 병입, 라벨을 붙이기까지의 전 과정이 ‘사람의 손’에 의해 이루어지는 세계 유일의 싱글 몰트 위스키이다. 50년 이상의 세월을 발베니 증류에 바친 몰트 마스터, 구리 세공 장인, 오크 통 제조 장인 들의 손길로 생산된다."
위스키,발베니21 포트우드,영국,700,40,"발베니 더블우드는 두 가지 우드에서 숙성시켜 독특한 특징을 갖게 만든 21년산 싱글 몰트입니다. 버번을 담았던 전통적인 오크 통은 위스키를 부드럽게 하며 셰리 우드는 깊고 진한 향을 만듭니다. 이는 발베니만의 품부하고 달콤한 맛과 향을 배가 시켜줍니다, 위스키에도 ‘수제(手製)’가 있다. ‘데이빗 스튜어트’가 평생을 바쳐 만들어 낸 발베니가 바로 그것이다. 〈위스키 바이블〉의 저자이자 유명한 위스키 평론가인 짐 머레이는 데이빗 스튜어트를 ‘위스키의 신(神)’이라고 칭송한 바 있다. 500년 전에 스코틀랜드의 동북부를 지키는 철옹성이었던 ‘발베니 캐슬’에 지어진 발베니 증류소는 1892년 첫 증류 이래로 지금까지 전통 수제 방식을 고집하며 발베니를 만들고 있다.발베니는 보리 경작에서 몰팅, 병입, 라벨을 붙이기까지의 전 과정이 ‘사람의 손’에 의해 이루어지는 세계 유일의 싱글 몰트 위스키이다. 50년 이상의 세월을 발베니 증류에 바친 몰트 마스터, 구리 세공 장인, 오크 통 제조 장인 들의 손길로 생산된다."
위스키,발베니25,영국,700,47.8,
위스키,발블레어05,영국,700      ,46      ,
위스키,발블레어2000,영국,700,46      ,
위스키,발블레어90,영국,700      ,46      ,
위스키,발블레어99,영국,700      ,46      ,
위스키,발블렝어1991,영국,700      ,46      ,
위스키,버팔로트레이스,미국,750       /1000      ,45,"깊은 호박색 위스키에는 바닐라, 박하 및 당밀의 복잡한 향이 있습니다. 참나무, 토피, 어두운 과일 및 아니스로가는 갈색 설탕과 향신료가 들어간 맛이 즐겁습니다. 이 위스키는 진지한 깊이로 길고 매끄럽게 마무리됩니다."
위스키,베이질 헤이든,미국,750      ,40      ,"향 : 꿀, 허브와 같은 스파이시한 향8년 이상 숙성시킨 부드러운 향미의 절정저장고 최하단에서 8년 이상 숙성시켜 부드러운 향미의 절정을 이룬 베이질 헤이든은 호밀 비율이 짐빔의 2배 이상으로 독특한 스파이시를 느낄 수 있으며, 알코올 도수를 40%에 맞춰 매우 부드럽게 즐길 수 있습니다. 칵테일 '맨하탄', '올드패션'의 베이스로 추천합니다"
위스키,베이커스 7년,미국,750      ,53.5      ,"미국7년 이상 숙성시킨 '풀바디 타입'의 슈퍼 프리미엄 버번Beam의 저장고는 9단이며, 상단으로 갈수록 저장고 내의 온도는 약간 높고, 습도는 낮아집니다. 그 때문에 오크통 속 위스키 원액의 호흡이 활발해 지고, 숙성은 빨라지며, 알코올 도수도 높아집니다. 상단 8~9단에 7년 이상 숙성된 오크통이 가장 향기롭고 박력있는 풀 바디 타입입니다. 베이커스는 시가와도 잘 어울립니다."
위스키,벤로막 싱글몰트위스키,영국,700      ,43      ,
위스키,벤리악 10년,영국,700,43,
위스키,벤리악 25년,영국,700,46,
위스키,벤리악 30년,영국,700,46,
위스키,벤리악 하트,영국,700,40,
위스키,보모어 12년,영국,700      ,40      ,1779년 아일레이의 첫 번째 증류소인 ‘보모어’. 역사적인 위스키 증류사 데이비드 심슨이 설립했으며 몰팅과 숙성에 전통적인 위스키 생산법을 유지하고 있다. ‘보모어 12년’은 레몬과 벌꿀의 미묘한 향과 바다 소금을 연상시키는 피트 향이 특징이다.
위스키,보모어 18년,영국,700      ,43      ,1779년 아일레이의 첫 번째 증류소인 ‘보모어’. 역사적인 위스키 증류사 데이비드 심슨이 설립했으며 몰팅과 숙성에 전통적인 위스키 생산법을 유지하고 있다. 1994년 일본 그룹인 산토리의 소유가 되었다.국내에서는 ‘보모어 12년’과 보모어15년 ‘보모어18년’을 맛볼 수 있다.
위스키,보모어12년 잔세트,영국,700      ,40      ,1779년 아일레이의 첫 번째 증류소인 ‘보모어’. 역사적인 위스키 증류사 데이비드 심슨이 설립했으며 몰팅과 숙성에 전통적인 위스키 생산법을 유지하고 있다.‘보모어 12년’은 레몬과 벌꿀의 미묘한 향과 바다 소금을 연상시키는 피트 향이 특징이다.
위스키,보모어15년,영국,700      ,43      ,1779년 아일레이의 첫 번째 증류소인 ‘보모어’. 역사적인 위스키 증류사 데이비드 심슨이 설립했으며 몰팅과 숙성에 전통적인 위스키 생산법을 유지하고 있다.
위스키,볼모어21년,영국,700      ,49.7      ,
위스키,부나하벤12년,영국,700      ,46.3      ,
위스키,부나하벤토이터치,영국,700      ,46.3      ,
위스키,부쉬밀 블랙,영국,700,40,아이리쉬위스키는 묵직하고 강한 전통적인 맛을 가지고 있다. 원료도 주로 맥아와 보리만 사용하고 전통적인 증류 방법을 고집하며 통에서 장기간 숙성시킨다
위스키,부쉬밀10년,영국,700,40,아이리쉬위스키는 묵직하고 강한 전통적인 맛을 가지고 있다. 원료도 주로 맥아와 보리만 사용하고 전통적인 증류 방법을 고집하며 통에서 장기간 숙성시킨다
위스키,부쉬밀12년,영국,700      ,40      ,아이리쉬위스키는 묵직하고 강한 전통적인 맛을 가지고 있다. 원료도 주로 맥아와 보리만 사용하고 전통적인 증류 방법을 고집하며 통에서 장기간 숙성시킨다
위스키,부쉬밀16년,영국,700,40,아이리쉬위스키는 묵직하고 강한 전통적인 맛을 가지고 있다. 원료도 주로 맥아와 보리만 사용하고 전통적인 증류 방법을 고집하며 통에서 장기간 숙성시킨다
위스키,부쉬밀21년,영국,700,40,아이리쉬위스키는 묵직하고 강한 전통적인 맛을 가지고 있다. 원료도 주로 맥아와 보리만 사용하고 전통적인 증류 방법을 고집하며 통에서 장기간 숙성시킨다
위스키,부쉬밀오리지날,영국,700      ,40      ,아이리쉬위스키는 묵직하고 강한 전통적인 맛을 가지고 있다. 원료도 주로 맥아와 보리만 사용하고 전통적인 증류 방법을 고집하며 통에서 장기간 숙성시킨다
위스키,부커스 7년 (품절),미국,750      ,64.25      ,"맛 : 고도로 응축된 과일맛, 은은한 커피의 쓴 맛6대 대표 '부커 노'의 최고 걸작, 슈퍼 프리미엄 버번의 최고봉Beam이 귀빈 접대에 사용하다 평가가 너무 좋아서 제품화된 부커스는 6~8년 숙성된 오크통 중에서 최고만을 엄선해 물을 타거나 여과 등을 일체 하지않고 그대로 혼합해 병입하고 있습니다. 제조년에 따라 도수와 향미에 미묘한 차이가 있으며, 그것이 위스키 전문가들을 매료시키고 있습니다."
위스키,불렛라이,미국,700      ,45      ,
위스키,불렛버번,미국,700      ,45      ,
위스키,브룩라디,영국,700      ,59.8      ,
위스키,브룩라디 아일리발리,영국,700      ,61.3      ,
위스키,블랑톤싱글배럴,미국,750      ,46      ,
위스키,블랙 벨벳,캐나다,700      ,40      ,블랙 벨벳 위스키는 캐나다 위스키 입니다. 강한 맛과 부드러운 맛을 가지고 있으며 블랙 라벨로 알려져있다.
위스키,빅벤,영국,.,.,"빅벤 : 빅벤은 1859년 교수 George Airey, 천문학자, 왕족인 Edmund Beckett Denison에 의해 디자인되었다. 영국국회 의사당 시계탑에 13톤의 종을 올리면서 첫번째 위원이었던 Benjamin Hall의 이름을 따서 명명되었다. 빅벤 기념 자기는 영국의 이상적인 선물로 인식된다. 쎄라믹 도자기는 예술가 Phillip에 의해 디자인되었다. 스코틀랜드의 최고의 맛을 주기 위해, 50년의 경험자인 마스터 blender에 의해 특별히 선택된 최고 품질 스카치 위스키로 가득 차 있다. 오묘한 향미와 세라믹 탑은 애주가 및 수집가에게 최고의 제품으로 알려져 있다."
위스키,빅피트5시리즈,영국,700      ,.,
위스키,산토리가쿠빈,일본,700      ,40      ,"가쿠빈은 산토리의 다채로운 원주 가운데서 엄선된 몰트와 그레인 원주를 브렌딩하여 한국 소비자의 입맛에 맞게 만든 제품 입니다.1937년 가쿠빈(角瓶)탄생 이후 70년이 넘도록 지속된 네모진 병모양과 거북이 등조각 모양이 변치 않은 확실한 품질을 말해주고 있습니다.SUNTORY 가쿠빈은 키몰트의 야마자키 버본준원주 및 미디엄타입 그레인에서 유래하는 달짝지근한 향기나, 도톰하고 둥글둥글한 깊은 맛이 특징으로 가정의 어떤 요리와도 잘 어울리므로 반주로 더없이 훌륭한 제품입니다."
위스키,산토리히비끼21년,일본,700      ,43      ,
위스키,0,일본,700      ,43      ,
위스키,스카치 블루,영국,450      ,40      ,
위스키,스카치블루17,영국,450      ,40      ,
위스키,스카치블루21년,영국,500      ,40      ,
위스키,스카치블루30년,영국,500      ,40      ,
위스키,스칼리 웩,영국,700,46      ,
위스키,스파이스 트리,영국,700      ,46      ,"Best Scotch New Brand of the Year달콤하고 화려한 꽃향과 생강, 계피, 육두구, 바닐라 향을 느낄 수 있다."
위스키,스프링뱅크 10년,영국,700      ,46      ,"버번 케스크와 쉐리 케스크에서 숙성된 원액의 결합을 통하여 꽉 짜여진 탄탄한 구조감과 풍부한 피니쉬의 완벽한 밸런스를 유지합니다.향 : 피트와 바닐리, 그리고 몰트의 달콤함과 함께 우러나오는 여러가지 과일향, 특히 배 향이 두드러짐맛 : 몰트의 달콤함과 오크, 육두구와 계피류의 스파이시, 그리고 바닐라 에센스피니쉬 : 아리아리한 소금끼의 긴 여운과 함께 달콤함이 지속됨."
위스키,스프링뱅크 15년,영국,700      ,46      ,"향: 다크쵸콜렛, 크리스마스 케익과 아몬드, 토피, 오크 등맛: 크리미, 건포도, 다크 쵸콜렛, 무화과, 브라질 너츠, 바닐라피니쉬: 오크와 셰리의 긴 여운이 오랫동안 지속된다."
위스키,시바스리갈12년,영국,750       /1000      ,40,"시바스리갈12Y 용량:1000ml 시바스 리갈(Chivas Regal)은 시바스 브라더스(Chivas Brothers) 사가 제조 판매 중인 프리미엄 스카치 위스키이다. 시바스 브라더스 사는 1801년 스코틀랜드 애버딘에서 창립된 바 있다. 현재 시바스 브랜드는 프랑스 회사 프랑스어: Pernod Ricard가 소유하고 있다. 주정(sprit) 제조는 스코틀랜드 스파이사이드에 위치한 스트라시슬라 증류소에서 이루어지고 있다.12년산(12 Year Old), 18년산(18 Year Old), 25년산(25 year Old)의 세 종류가 판매되고 있다.세계적으로 유명한 스카치 위스키 브랜드로 인정받고 있다.달콤한 향과 맛을 가진 부드러운 위스키"
위스키,시바스리갈13년,영국,700      ,40      ,
위스키,시바스리갈15년품절,영국,700      ,40      ,
위스키,시바스리갈18년,영국,700,40,"시바스 리갈 골드 시그너쳐 18년산(Chivas Regal Gold Signature 18 Year Old): 최저 18년간 숙성된 위스키들을 가지고 섞음. 초콜릿 및 오렌지 향. 감귤향, 과일향이 나며, 과일맛, 감귤류맛이 난다. 끝에는 셰리주(남부 스페인 원산의 백포도주) 맛이 난다."
위스키,시바스리갈4.5L,영국,4500      ,40,"시바스 리갈(Chivas Regal)은 시바스 브라더스(Chivas Brothers) 사가 제조 판매 중인 프리미엄 스카치 위스키이다. 시바스 브라더스 사는 1801년 스코틀랜드 애버딘에서 창립된 바 있다. 현재 시바스 브랜드는 프랑스 회사 프랑스어: Pernod Ricard가 소유하고 있다. 주정(sprit) 제조는 스코틀랜드 스파이사이드에 위치한 스트라시슬라 증류소에서 이루어지고 있다.12년산(12 Year Old), 18년산(18 Year Old), 25년산(25 year Old)의 세 종류가 판매되고 있다.세계적으로 유명한 스카치 위스키 브랜드로 인정받고 있다.달콤한 향과 맛을 가진 부드러운 위스키이다."
위스키,싱글톤15년,영국,700,40,
위스키,싱글톤18년,영국,700      ,40      ,
위스키,써 에드워드 12년,영국,750      ,40      ,"2011년 SCOTCH WHISKY MASTERS 금메달2011년 SAN FRANCISCO SPIRTS COMPETITION 금메달 의  수상경력12년동안 오크 배럴에서 숙성되어져 바닐라, 토피  잘 구어진 토스트향과 함께  부드러운 목넘김과 바디감이 있습니다."
위스키,써 에드워드 2L,영국,2000,40      ,
위스키,써에드워드 2L,스코틀랜드,2000,40      ,
위스키,써에드워드12년,스코틀랜드,750      ,40,
위스키,써에드워드4.5L,영국,4500,40      ,천연 암반수를 사용 스코틀랜드 전통의 방식으로 증류한 위스키향미가 뛰어나며 부드러운 맛은 애주가들에게 많은 인기있는 제품
위스키,씨엔씨 뀌베 캐스크,미국,750,46      ,
위스키,씨엔씨버번캐스크,미국,750,46,
위스키,씨엔씨쉐리캐스크,미국,750,46,
위스키,아녹12년,영국,700      ,43      ,
위스키,아녹18년,영국,700      ,46      ,"청동빛이도는호박색신사적이스파이시와말린과일의달콤함이쵸콜렛과농익은오렌지,그리고무두질된가죽의향과함께어우러짐.풀바디,굵직하고향기로운스파이시,과일빵과레몬설탕절임의풍미가피어오르는바닐라,벌꿀,카라멜과함께매우잘어우러지며,매콤함과뜨거움으로시작하여맛있는달콤함과부드러움으로맺는여운이입안에남음."
위스키,아녹24년,영국,700      ,46      ,"오래된호박색크리스마스케익에서풍겨나오는진한달콤함과스파이시,풍부한벌꿀과바닐라,토피,레몬쥬스,과일과허브,말린꽃등의향이난다.오렌지설탕절임,따뜻한벌꿀과함께지속되는스파이시.바닐라커스타드,건포도,토피,팝콘,시트러스,그리고옅은스모키와함께입안에서느껴지는오래된가죽의느낌들이고숙성의조화로움을보여줌."
위스키,아드벡 10년,영국,700      ,46      ,"현존하는 위스키 중 가장 [[컬트]]적이고 독특한 위스키로, 위스키 매니아들의 최종 종착지..라고 까지 표현되는 독특하고 강렬한 위스키.이웃에는 [[라프로익]]과 [[라가불린]]이 있으며, 이 셋을 묶어 아일라 싱글몰트의 본좌로 취급한다. 그러나 앞의 두 이웃에서 나오는 제품이 (크레졸 비슷한 인상의-실은 아일라섬의 갯벌내음이라고 하는) 바닷내음의 피트향이 강하다면, 이 아드벡은 ""피트""자체의 향이 더 강한게 특징이며, 훈제향의 깊이 또한 최고봉을 달린다. 사실 실제 피트 함유량 자체가 아드벡이 높기는 하다"
위스키,아드벡 안 오,영국,700      ,46.6      ,
위스키,아드벡 우거다일,영국,700      ,54.2      ,
위스키,아드벡 코리브레칸,영국,700      ,57.1      ,"현존하는 위스키 중 가장 컬트적이고 독특한 위스키로, 위스키 매니아들의 최종 종착지..라고 까지 표현되는 독특하고 강렬한 위스키.이웃에는 라프로익과 라가불린이 있으며, 이 셋을 묶어 아일라 싱글몰트의 본좌로 취급한다. 그러나 앞의 두 이웃에서 나오는 제품이 (크레졸 비슷한 인상의-실은 아일라섬의 갯벌내음이라고 하는) 바닷내음의 피트향이 강하다면, 이 아드벡은 ""피트""자체의 향이 더 강한게 특징이며, 훈제향의 깊이 또한 최고봉을 달린다. 사실 실제 피트 함유량 자체가 아드벡이 높기는 하다."
위스키,아드벡위비스티,영국,700      ,47.4      ,
위스키,아란 로크란자 리저브,영국,700,43,
위스키,아란 마데이라,영국,700,50,
위스키,아란 마르살라,영국,700,50,"A 2018 entry into Arran's popular range of limited edition whiskies that have been finished in interesting casks. This single malt has spent the last months of its maturation in Marsala wine casks, which have lent jammy orange and raisin notes to Arran's sweet and fruity character."
위스키,아란 마크리무어,영국,700,46,
위스키,아란 마크리무어,영국,700,58,
위스키,아란 쉐리캐스크,영국,700      ,55.8      ,
위스키,아란 아마로네,영국,700,50,
위스키,아란10년,영국,700      ,46      ,"전통적인 증류방식을 현대적인 맥락에 맞춰 적용 ,핸드 크래프트 방식을 사용하는 부띠끄 증류소100% 스코틀랜드산 보리를 사용하여 아란의 기준에 맞도록 맥아 생산, 전통적인 스코틀랜드 방식으로 두번 증류됨"
위스키,아란12,영국,700,52.4,
위스키,아란14,영국,700,46,
위스키,아란배럴리저브,영국,700      ,43      ,
위스키,아란쿼터캐스크,영국,700,56.2      ,
위스키,아란포트,영국,700,50,
위스키,아메리칸허니,미국,700      ,35.5      ,
위스키,아벨라워 10년,스코틀랜드,700      ,40      ,"Colour: Gold.Nose: The dry, fresh, fruity aromas of early autumn apples and pears are subtly enhanced with sweet notes of vanilla and mint toffee.Palate: Exceptionally smooth and creamy, with spicy-sweet nutmeg and honey combining with the freshness of autumn fruits.Finish: Long, soft and warming."
위스키,아벨라워12년,영국,700,40,
위스키,아벨라워16년,영국,700      ,40      ,
위스키,야마자키 18년,일본,700      ,43      ,
위스키,야마자키12년,일본,700      ,43      ,
위스키,야마자키DR,일본,700      ,43      ,야마자키 위스키는 일본 최초의 싱글몰트 위스키 증류소인 오사카 ‘야마자키 증류소’에서 만들어지는 최고급 싱글몰트 위스키다. 야마자키 DR은 야마자키 제품으로는 드물게 연산이 표시되지 않는 제품으로 일본에서 출시하자마자 큰 인기를 끌며 핵심 제품으로 자리 잡았다. 야마자기 DR은 야마자기 증류소 위스키 원액을 프랑스 보르도 레드와인 오크통과 유러피안 셰리와인을 숙성시켰던 오크통 그리고 핵심인 일본 참나무통에서 숙성 된 원액을 최고의 맛을 낼 수 있도록 조화롭게 블렌딩 해 만들었다115.
위스키,에반 윌리엄스,미국,750      ,43      ,
위스키,에반윌리암스,미국,750      ,43.3      ,
위스키,에버펠디12년,영국,700      ,40      ,
위스키,에피큐리안,영국,700,46.2      ,
위스키,옐로우로즈,미국,700      ,40      ,
위스키,옐로우스톤셀렉트,미국,700,46.5      ,
위스키,오마르 싱글몰트 버번,대만,700,46,
위스키,오마르 싱글몰트 쉐리,대만,700,46,
위스키,오반 14년 (싱글몰트),영국,700      ,43      ,오반은 스코틀랜드 북부인 하일런스 서쪽 해안에 1794년에 세워진 증류소의 이름이자 해당 증류소 위스키의 브랜드명입니다. 오반은 상대적으로 균형잡힌 맛과 향을 가지고 있고 하일랜드 동부 지역의 달콤한 위스키와 서쪽 섬들의 강한 피트향의 위스키의 중간 정도라 할 수 있읍니다.
위스키,오크 크로스,영국,700      ,43      ,정향나무 향신료의 노트와 살짝 가미된 바닐라와 과일향이 특징
위스키,오큰토션 12년,영국,700      ,40      ,"세 번 증류하고 피트 향을 배제한 몰트를 사용한 오큰토션 위스키는 섬세하고 부드러운 풍미를 지닌다. 캐러멜과 풍부한 초목의 향기, 달콤하고 부드러운 감귤과 라임의 맛이 쌉싸래한 생강과 견과류 맛과 조화롭게 어우러진다."
위스키,오큰토션 18,영국,700      ,43      ,
위스키,오큰토션쓰리우드,영국,700      ,43      ,
위스키,올드 포레스터,미국,750      ,50,올드 포레스터버번 특유의 섬세함을 살려 세계적인 극찬을 받은 버번위스키
위스키,올드파 12년,영국,750      ,40      ,올드 파는 1871년에 글렌리스 형제에 의해 탄생했다. 이들 형제는 고품질의 블렌디드 스카치 위스키를 시장에 출시하는 데 있어 선구자 역할을 한 인물들이다. 이 시기는 위스키를 블렌딩하는 기술이 아직 발달하기 전이었지만 이들 형제는 끊임없이 새로운 실험을 했다.이들의 목표는 세상에서 한 번도 보지 못한 가장 훌륭한 스카치 위스키 브랜드를 만들어 내는 것이었다. 이들의 목표는 결코 쉬운 것이 아니었지만 참고 견딘 끝에 결국 탁월한 위스키 블렌딩 기법을 터득하게 되었다. 이들 형제의 성공은 올드 파 블렌딩 기법의 훌륭함을 증명하는 것이다. 글렌리스 형제는 자신들의 위스키가 영원히 사랑받기를 바라며 영국 역사상 최장수를 기록한 전설적인 인물 ‘토마스 파’의 애칭을 브랜드 네임으로 결정하였다
위스키,올드풀티니12년,영국,700      ,40      ,
위스키,올드풀티니17년,영국,700      ,46      ,"가을의황금빛벌판을연상시키는붉은빛이감도는호박색사과를연상시키는달콤함과바닐라,그리고배의풍미가시트러스와약간의우디,그리고버터스카치의힌트들과어우러짐풀바디,다양한꽃과바닐라를기본으로우러나오는진한달콤함과시트러스,토피,그리고벌집,퍼지캔디,달콤한씨리얼등의풍미가느껴지고,허브와찐득한오크의느낌이매우긴여운으로남음."
위스키,올드풀티니21년,영국,700      ,46      ,"반짝이는황금빛호박색사과와배를연상시키는달콤한풀바디,스치듯다가오는향수느낌의스파이시스모키의힌트와함께우러나오는크리미,토피,바닐라,그리고구운사과의맛이아주좋은밸런스를보여주며,길고드라이한피니시로이어짐"
위스키,와일드 터키 바틀인 본드,미국,700      ,50      ,
위스키,와일드터키 13년,미국,700,45.5,
위스키,와일드터키 8년,미국,700,50.5,
위스키,와일드터키 라이,미국,700      ,40.5      ,"와일드 터키 라이는 황금빛을 띄는 갈색에 국내에서 보기 힘든 라이 위스키이다. 민트와 그을린 오크, 바닐라에 노스다코타의 호밀 토스트 향을 느낄 수 있고 나무, 파인애플, 카라멜의 달콤한 맛과 미묘한 향신료가 여운을 남긴다."
위스키,와일드터키 레어브리드,미국,750      ,54.1      ,와일드터키레어 브리드는 와일드터키 위스키중 위스키 원액으로 만든 고급 제품 입니다. 톡쏘는 듯한 매콤한 향과 짙은 오크향 그리고 부드러움을 가지고 있습니다.
위스키,와일드터키 롱브랜치,미국,750,45,
위스키,와일드터키 켄터키 스피릿,미국,750,50.5,
위스키,와일드터키101,미국,700,50.5,
위스키,와일드터키12년,미국,700      ,50.5      ,
위스키,와일드터키1894,미국,700      ,45      ,
위스키,와일드터키코너스톤라이,미국,700      ,54.5      ,
위스키,왕좌의게임 싱글몰트,영국,700,40,
위스키,요트 클럽,영국,700      ,40      ,
위스키,우드포드 리저브,미국,750      ,43.2      ,"우드포드 리저브는 버번의 명가 브라운 포맨에서 정통 버번의 명맥을 잇고, 그 맛과 향을 되살려 내기 위해 만들기 시작한 제품이다세계 최고의 권위를 가진 ‘국제 와인 및 주류 품평회(IWSC)’에서 2001년에 금메달 수상하였다.부드럽고 강한 바닐라 향과 버터 스카치 캔디, 시나몬 향. 건포도, 너트, 당밀의 달콤한 맛이 오래 지속된다. 오크와 캐러멜, 과일 맛이 부드럽고 깨끗하고 깔끔하게 느껴진다."
위스키,우드포드리저브라이,미국,700,43.2,"Made in the traditional style of Kentucky Ryes, Woodford Reserve Kentucky Straight Rye Whiskey delivers bold flavors of pepper and tobacco with a long fruit and sweetly spiced finish."
위스키,울프번 노스랜드,영국,700      ,46      ,
위스키,울프번 랑스킵,영국,700      ,46      ,
위스키,울프번 몰벤,영국,700      ,46      ,
위스키,울프번 오로라,영국,700      ,46      ,
위스키,워터포드 더 뀌베,영국,700,50,
위스키,워터포드바이오다이나믹,영국,700,50,
위스키,워터포드싱글팜오리진,아일랜드,700,50,
위스키,워터포드싱글팜오리진,영국,700,50,
위스키,워터포드오가닉가이아1.1,영국,700,50,
위스키,윈저 17년,한국,450      ,40      ,
위스키,윈저 시그니처12년,영국,450      ,35      ,
위스키,윈저 시그니처17년,영국,450      ,35      ,
위스키,윈저12년,영국,450      ,40      ,
위스키,윈저21년,한국,500      ,40      ,
위스키,윈저더블유아이스,영국,450      ,40,
위스키,윈저블랙17년,영국,450      ,40      ,
위스키,윌렛 팟스틸 리저브,미국,700      ,47      ,
위스키,윌렛라이위스키,미국,750,50~56      ,
위스키,이글레어10년  품절,미국,700      ,45      ,
위스키,이와이,일본,750      ,40      ,
위스키,이와이 트레디션,일본,750      ,40      ,
위스키,인버하우스 35Y,영국,750      ,43      ,"인버하우스는 1856년 하이랜드 지방 인버네스에서 윌리엄 데빗드슨 사가 세상에 출시한 것에서 시작한다. 현재는 로우랜드 지방 라나크샤의 에드리 마을에서 인버하우스 디스틸러즈사가 제품화하고 있다. 동사의 소재지는 원래 로우랜드 몰트인 모팩트 증류소였기 때문에 글렌 프라글라라는 온화한 몰트를 생산했는데, 1980년대 중반부터 증류를 중지하고 있다.그 증류소 자리를 본거로 하는 인버 하우스 사는 현재 하이랜드 몰트인 노크듀 증류소를 소유하고, 싱글 몰트로서 녹크듀와 안노크라는 브랜드를 발매하고 있다. 1893년 창업한 이 증류소는 중용 타입의 우수한 하이랜드 몰트를 생산했는데, 1983년에 일시조업을 중지한 후, 1989년에 증류를 재개했다. 이 몰트의 특징은 스카치 버터를 연상시키는 윤기있는 향, 달콤함과 과일향을 갖춘 부드러운 향미에 있다. 현재의 인버 하우스는 이 중용 타입의 우수한 하이랜드 몰트를 풍미의 중핵에 두고, 그 외 여러가지 몰트를 배합해서 부드러운 맛의 블렌디드 스카치를 만들고 있다.     인버 하우스라는 라벨 밑에 그린 프레이드라는 문자가 들어있는 병이 있는데, 이는 “녹색격자무늬의 쇼울""를 말한다. 윗 사진 오른쪽의 스탠더드 제품은 “소프트 어즈 어 키스""가 특색인 부드러운 맛. 12년산, 17년 산에는 부드러움에 원숙한 숙성감이 가미된 제품. 21년 산은 25년부터 26년간 숙성한 몰트 원액 20종류를 중심으로 배합한 것. 장기 숙성을 느끼게 하는 향기와 깊은 여운을 남기는 것이 특징. 25년 산은 25년부터 30년간 숙성한 몰트 원액 15종이 중심. 더욱 깊이 있는 맛을 즐길 수 있다. 35년 산은 엄선된 몰트 원액 20종을 배합한 것. 자기 숙성에서 우러나오는 향은 다른 어느 제품에서도 그 예를 찾아볼 수 없다."
위스키,일리악  C S,영국,700      ,58      ,
위스키,일리악 싱글몰트,영구,700      ,40      ,
위스키,임페리얼12년,대한민국,450      ,40      ,
위스키,임페리얼17,영국,450      ,40      ,
위스키,임페리얼17,영국,450,40,
위스키,임페리얼21년,한국,500      ,40      ,
위스키,임페리얼퀀텀19년,한국,500      ,40      ,
위스키,잭다니엘,미국,750        / 1000      ,40      , 미국 위스키는 곡류를 발효시켜 만든 양조주를 증류해 95% 이하의 알코올을 만든 다음 오크통에 2년 이상 숙성 한 다음 병입한 것으로 규정하고 있습니다.이런 미국 위스키 중에는 켄터기주 버번 지역에서 자라는 옥수수를 주원료로 만든 버번 위스키가 가장 유명한데 그 대표적인 것이 잭다니엘 입니다.
위스키,잭다니엘 싱글베럴,미국,700      ,40      ,"잭다니엘 싱글베럴은 뛰어나고 중후한 맛이 특징이다. 특히 그을린 오크통의 향, 바닐라, 캬라멜 향이 강조되는데, 각각의 베럴에 사용된 참나무의 차이로 인해 그 베럴로부터 나온 한 병 한 병마다 맛, 향, 색깔이 오묘하게 다르다.      잭다니엘 싱글베럴은 제품 하나하나를 장인정신으로 만들고 시간이 많이 걸리기 때문에 생산량이 한정되어있어, 하루에 매우 한정된 양의 베럴만이 병입 된다. 디켄더 유리병마다 Mr. Jack Daniel의 서명이 새겨져 있으며 손으로 직접 라벨을 붙이고, 병마다 고유 배럴 넘버와 병입 날짜가 적혀 있다."
위스키,잭다니엘1.75L,미국,1750,40      ,미국 위스키는 곡류를 발효시켜 만든 양조주를 증류해 95% 이하의 알코올을 만든 다음 오크통에 2년 이상 숙성 한 다음 병입한 것으로 규정하고 있습니다.이런 미국 위스키 중에는 켄터기주 버번 지역에서 자라는 옥수수를 주원료로 만든 버번 위스키가 가장 유명한데 그 대표적인 것이 잭다니엘 입니다.
위스키,잭다니엘애플,미국,700      ,35      ,
위스키,잭다니엘허니,미국,700      ,35      ,"잭 허니는 잭 다니엘 특유의 클래식한 풍미에 천연 벌꿀에서 느껴지는 부드러운 달콤함, 풍부한 견과류의 향을 더한 것이 특징인 제품이다. 기존 잭 다니엘스(40도)에 비해 낮아진 35도의 저도수 알코올로 기존 잭 다니엘스 마니아 뿐만 아니라 여성들에게까지 큰 사랑을 받고 있다."
위스키,잭다니엘허니잔,.,.,.,
위스키,제이앤비 레어,영국,700,40,
위스키,제이앤비 리저브,영국,500 /700/      ,40,
위스키,제이앤비 제트,영국,375,40      ,
위스키,제임스 이페퍼 1776,미국,700      ,50,
위스키,제임스 이페퍼 1776,미국,700,58.6,
위스키,제임슨 12년 (품절),영국,700      ,40      ,"1800년대 중반 스코틀랜드 블렌더들은 적은 비용으로 블렌딩 위스키를 만들었고 전통적인 퓨어 팟 스틸(Pure Pot Still) 기술을 사용하는 증류기를 가진 아일랜드는 경쟁이 안 되었다. 진정한 위스키에 대한 서로 다른 의견은 1908년 합법적인 조사가 최고조에 달하면서 양립되었다.이것은 위스키 역사에 큰 전환점이 되었다. 스코틀랜드 증류업자들은 위스키 제조 관련 법률로 인정된 그레인 위스키 소송에서 승소했다. 일반적인 아이리시 위스키와 제임슨은 오늘날 여전히 전통적인 퓨어 팟 스틸 생산 과정을 수십 년 계속 유지하고 있다. 또한 특별 한정판 위스키인 레드브레스트(Redbrest)를 고대 아이리시 위스키 제조 기술로 생산한다. 1966년 존 제임슨은 라이벌인 콕 브랜드, 존 파워와 함께 아일랜드 증류업자 그룹 ‘IDG(Ireland Distiller Group)’를 형성했다. IDG에 의해 건설된 새로운 미들턴 증류소는 아일랜드 내에서 판매되는 대부분의 위스키를 생산한다드라이하고 부드러운 곡물 향과 포도, 몰트가 입안을 감싼다. 우아한 바닐라와 흑설탕과 셰리가 은은하게 느껴진다. 그을린 나무의 달콤함과 스파이시, 헤이즐넛 향이 절묘하게 어울린다"
위스키,제임슨 블랙배럴,아일랜드,700      ,400,
위스키,제임슨아이리쉬,영국,700      ,40      ,
위스키,제임슨캐스크메이츠,영국,700      ,40      ,
위스키,젠틀맨 잭,미국,700      ,40      ,"깔끔하고 부드러운 스타일의 술로 젠틀맨 잭이라는 이름이 붙게 되었다. 일반 잭 다니엘보다 단맛이 적고 과일 향과 새콤한 맛, 부드러움이 특징."
위스키,조니워커 킹조지5세,영국,750      ,43      ,
위스키,조니워커(품절),영국,700      ,40      ,
위스키,조니워커18년,영국,700      ,40,"
 조니 워커 골드 라벨은 워커 명가의 회사 설립 100주년을 기념하기 위해 만들어진 라벨이다. 1920년에 존 워커의 손자 알렉산더 워커가 조니 워커 골드 라벨 블렌디드 위스키를 만들었다. 골드 라벨은 18년 이상 숙성한 15가지의 희귀 싱글 몰트 위스키만을 엄선하여 특별히 블렌딩했다.주요 핵심 몰트 위스키는 강하고 부드러운 몰트와 오크의 느낌을 주는 카듀 증류소의 원액과 향기로운 크림 같은 질감과 향을 제공하는 클리넬리쉬 몰트 위스키이다. 골드 라벨은 24시간 동안 냉동실에 두었다가 마시는 것이 가장 좋다. 얼려 마시면 과일 풍미와 꿀의 달콤함이 배가되며 조니 워커의 전형적인 스모키 여운이 지속된다. 다크 초콜릿을 곁들이면 미각의 즐거움을 더할 수 있다."
위스키,조니워커골드리저브,영국,750      ,40      ,
위스키,조니워커그린,영국,700      ,40,
위스키,조니워커더블블랙,영국,1000      ,40      ,조니워거 블랙라벨 보다 피트 풍미가 더 진한것이 특색이다.
위스키,조니워커레 4.5L,엳국,4.5L,40,"블랙 레이블을 비롯하여 레드,골드,블루 레이블등 모두 8가지를 선보이고 있는 죠니워커 제품은잊을수 없는 독특한 향과 풍부한 맛으로 세계 고객들로부터 사랑받고 있습니다."
위스키,조니워커레드,영국,700      /1000      ,40,레드라벨은 스카치의 톱 셀링 브랜드. 하이랜드 타입의 풍부한 향과 감칠맛이 느껴지는 것이 특징. 블랙라벨은 12년 이상 숙성한 몰트를 배합한 딜럭스 품격 매끄러우며 순하다.골드 라벨은 1996년에 18년 숙성한 몰트 원액을 배합한 슈퍼 프리미엄 제품으로 다시 태어났다.
위스키,조니워커블랙,영국,700       /1000      ,40      ,레드 라벨은 스카치의 톱 셀링 브랜드. 하이랜드 타입의 풍부한 향과 감칠맛이 느껴지는 것이 특징. 블랙라벨은 12년 이상 숙성한 몰트를 배합한 딜럭스 품. 매끄러우며 순하다.골드 라벨은 1996년에 18년 숙성한 몰트 원액을 배합한 슈퍼 프리미엄 제품으로 다시 태어났다.
위스키,조니워커블루,영국,750      ,40      ,죠니워커 블루는 죠니워커 가문의 가장 오래되고 진귀한 원액으로 만들어지는 스카치 위스키의 걸작품입니다.대부분 장기 숙성된 원액으로 블랜딩하기 때문에 전세계 일부 계층에만 한정적으로 공급되는 위스키의 명품입니다. 최상의 품질과 명성을 유지하기 위해 생산되는 모든 병마다 고유번호를 부여하고 있다.
위스키,조니워커블루고스트,영국,750      ,43.8      ,조니워커 블루 '고스트 앤 레어 피티바이크'는 현재 운영하지 않는 증류소에서 만들어진 일명 '유령(Ghost)' 위스키 원액을 담은 스페셜 에디션이다
위스키,조니워커토끼에디션,영국,750      ,46      ,조니워커토끼에디션한정판 토끼띠 에디션은 중국 출신의 세계적 패션 디자이너 '앤젤 첸'이 그린 토끼 일러스트가 적용됐으며 알콜도수는 46% 입니다
위스키,조니워커플래티늄,영국,700,40,
위스키,쥬라12년쉐리,영국,700      ,40      ,
위스키,쥬라18년,영국,700      ,44      ,
위스키,짐빔 더블오크,미국,700,43,짐 빔 더블오크는 짐빔의 장인정신과 도전정신으로 만든 새로운 프리미엄 버번 위스키입니다. 짐빔 더블오크의 가장 큰 특징은 다른 오크통에서 두번 숙성시켜 더욱 풍부한 우디향과 밸런스 있게 더욱 깊어진 풍미를 즐길 수 있는 것입니다.색상 : 골든 앰버향 : 구운 나무의 숨결이 느껴지는 풍부한 바닐라와 캬라멜테이스트 : 스파이시한 오크향이 감도는 강렬한 허니와 토피의 풍미피니쉬 : 완벽하게 균형잡힌 길고 따뜻한 여운
위스키,짐빔 파이어,미국,750      ,35      ,짐빔 켄터키 파이어는 세계 최고의 켄터키 스트레이트 버번 위스키와 정렬의 붉은 시나몬 플레이버를 블렌드한 시나몬 버번 리큐르입니다.향 : 매콤 달콤한 시나몬향맛 : 강렬하고 달콤한 시나몬과 버번의 절묘한 조화로 불같이 강렬한 맛 피니쉬 : 기분 좋은 부드러움과 따듯하게 구운 시나몬의 맛과 향
위스키,짐빔 화이트,미국,700      /1000      ,40      ,"전형적인 버번 위스키의 오렌지 색상에 가볍고 매끄러우며 풍부한 바닐라, 캐러멜 향이 난다. 달콤한 꿀과 감초 사탕 맛이 느껴진다. 여운이 짧으나 매력적이며 복합적인 풍미를 지니고 있다"
위스키,치타,일본,700      ,43      ,"산토리가 소유 한 환상적인 양조장 중 하나 인 치타 (Chita) 증류소의 일본 단일 곡물 위스키.  셰리, 버번 및  와인 통의 조합으로 위스키가 성숙되었습니다. 여름에 마시기에  좋은 위스키."
위스키,카발란 쉐리오크,대만,700      ,.,
위스키,카발란솔리스트,대만,722      ,55,
위스키,카발란솔리스트포트,대만,700      ,58.6,
위스키,카발란클래식,대만,700      ,40      ,
위스키,카토스 25년 품절,영국,700      ,40      ,주전자 형태의 초록빛 병으로 섬세하면서도 신비로움이 느껴지고 최상의 위스키의 부드러운 맛과 섬세한 향이 조화롭게 가미된최상급 위스키이고  또한 위스키 수집가들에게 더없이 좋은 명주입니다.
위스키,캐나디안클럽  C C,캐나다,750      ,40      ,
위스키,캐나디언 클럽 쉐리캐스크,,,,"캐나디안 클럽 쉐리캐스크, CC 셰리 캐스크는 몰트 위스키에서만 사용되는 값비싼 스페인산 셰리 오크통에서 숙성된다. 전 세계적으로 소량 생산되며, 캐스크의 하단에 고유 배치 번호가 새겨져 있다. 캐나디언 클럽 특유의 부드럽고 순한 맛에 셰리의 깊은 맛이 더해져 긴 여운을 남긴다.     Tasting NoteDeep brown in colour with some light caramel nuances on the rim, The nose shows aromas of sweet bourbon and light banana. Smooth, elegant and rich."
위스키,캐나디언미스트,캐나다,700      ,40      ,"캐나디언 위스키는 대부분의 시장이 미국이며, 아메리칸 위스키에 비해 호밀을 많이 써서 만드는 것이 특징이다. 전체적으로 가벼운 스타일로, 순한 위스키를 선호하는 요즘 사람들의 취향에 맞아 최근 세계 시장에서 인기가 점점 높아지고 있다. 
초록빛 풀 향, 사탕수수 시럽의 달콤함과 약간의 알코올이 느껴진다. 다크 럼 느낌에 질감은 가볍고 캐러멜, 토피, 바닐라 향이 난다. 쓰고 달콤하며, 금속 같은 단단한 여운을 준다. 부드러운 감촉의 오크가 마지막까지 여운을 남긴다."
위스키,캐나디언클럽 쉐리캐스크,캐나다,750      ,41.3      ,"CC셰리 캐스크의 하단에 고유의 배치 번호가 새겨져 있어 소량 생산됨을확인할 수 있으며.캐나디언 클럽 고유의 주조법인 배럴 블랜딩 방식으로 생산된원액 중 최고이 위스키 원액만을 엄선 ,셰리 오크통에서 2차 숙성을 거치게 된다.이로 인해 캐나디언 클럽 특유의 부드럽고 순한 맛은 물론,셰리의 깊은 맛과 향을 느낄수 있다"
위스키,캐나디언클럽12년,캐나다,700      ,40      ,"캐나다캐나디언 클럽 증류소는 캐나다의 가장 남쪽 지점인 온타리오주 워커빌에 위치하고 있다. 증류소는 위스키를 증류하고 숙성 및 블렌딩을 거쳐서 병입하기까지, 완제품을 생산하는 종합 시스템을 갖추고 있다. 증류소는 1858년에 완성되어 본격적으로 가동되었다. 캐나다 남부 지역에는 대부분 우수한 품질을 가진 곡물이 풍부하게 자라고 있다. 워커의 고유 위스키 제조 과정은 세계적인 수준으로, 최상의 위스키를 만드는 데 부족함이 없었다. 그래서 부드러운 맛을 가진 독특하고 일관성이 있는 고급 위스키로 곧 부각되었다. 처음에 위스키는 상표 없는 오크 통으로 판매되었다.하지만 워커는 곧 가문의 문양을 오크 통의 헤드에 새겨서 브랜드화시켰다. ‘멋진 신사 클럽’이라는 곳에서 인기가 높아져 위스키 이름을 ‘클럽 위스키’라고 불렀다. 클럽 위스키는 미국 버번 위스키를 제치고 미국 내에서 큰 성공을 거두었고, 놀란 미국 증류업자들이 정부에 탄원을 했다. 이에 워커는 공식적으로 위스키 상표를 ‘캐나디언 클럽’으로 정했다.버터와 바닐라, 커스터드 크림 향이 나며 약간 쓴 약과 견과류 향도 느껴진다. 향기로운 꿀과 부드러운 크림 맛이 나며, 숙성된 느낌이 여운을 준다"
위스키,커리지앤컨빅션(씨앤씨),미국,750,46,
위스키,커리지앤컨빅션(씨앤씨),미국,750,46,
위스키,커리지앤컨빅션(씨앤씨),미국,750,46,
위스키,커티샥,영국,700      ,40      ,"커티 샥(Cutty Sark)이란, 켈트 어로 '짧은 셔츠'라는 뜻이다. 1919년부터 미국의 금주법이 위세를 떨치자 스카치위스키의 수출은 부진을 겪게 된다. 이때 베리브라더스 앤 루드(Berry Brothers & Rudd)사는 미국의 금주법이 조만간 해제될 것으로 예상하고는 금주법 해제 후의 미국 시장을 겨냥하여 그들의 취향에 맞게 신제품 개발에 박차를 가한다.새로 개발된 술에는 당시 범선의 이름이던 '커티 샥'이라는 이름이 붙여졌다. 커티 샥은 스코틀랜드의 시인 로버트 번스의 시에 등장하는 '마녀의 속옷'을 가리키는 말이다. 범선 커티 샥의 뱃머리에는 이 마녀의 속옷 모양이 구원의 표시로서 장식되어 있는데, 배의 안전을 지켜 주는 상징으로 사용되고 있다. 커티 샥은 라이트 스카치위스키의 대표적인 것으로, 맛뿐만이 아니라 색깔도 옅다"
위스키,커티샥 18년,영국,700      ,40      ,"커티 샥(Cutty Sark)이란, 켈트 어로 '짧은 셔츠'라는 뜻이다. 1919년부터 미국의 금주법이 위세를 떨치자 스카치위스키의 수출은 부진을 겪게 된다. 이때 베리브라더스 앤 루드(Berry Brothers & Rudd)사는 미국의 금주법이 조만간 해제될 것으로 예상하고는 금주법 해제 후의 미국 시장을 겨냥하여 그들의 취향에 맞게 신제품 개발에 박차를 가한다.새로 개발된 술에는 당시 범선의 이름이던 '커티 샥'이라는 이름이 붙여졌다. 커티 샥은 스코틀랜드의 시인 로버트 번스의 시에 등장하는 '마녀의 속옷'을 가리키는 말이다. 범선 커티 샥의 뱃머리에는 이 마녀의 속옷 모양이 구원의 표시로서 장식되어 있는데, 배의 안전을 지켜 주는 상징으로 사용되고 있다. 커티 샥은 라이트 스카치위스키의 대표적인 것으로, 맛뿐만이 아니라 색깔도 옅다 ."
위스키,커티샥 블랙 18년,영국,700      ,40      ,"커티 샥(Cutty Sark)이란, 켈트 어로 '짧은 셔츠'라는 뜻이다. 1919년부터 미국의 금주법이 위세를 떨치자 스카치위스키의 수출은 부진을 겪게 된다. 이때 베리브라더스 앤 루드(Berry Brothers & Rudd)사는 미국의 금주법이 조만간 해제될 것으로 예상하고는 금주법 해제 후의 미국 시장을 겨냥하여 그들의 취향에 맞게 신제품 개발에 박차를 가한다.새로 개발된 술에는 당시 범선의 이름이던 '커티 샥'이라는 이름이 붙여졌다. 커티 샥은 스코틀랜드의 시인 로버트 번스의 시에 등장하는 '마녀의 속옷'을 가리키는 말이다. 범선 커티 샥의 뱃머리에는 이 마녀의 속옷 모양이 구원의 표시로서 장식되어 있는데, 배의 안전을 지켜 주는 상징으로 사용되고 있다. 커티 샥은 라이트 스카치위스키의 대표적인 것으로, 맛뿐만이 아니라 색깔도 옅다"
위스키,켄터키워커버번,미국,750      ,53      ,
위스키,코발 포그레인,미국,500      ,",",
위스키,코발라이,미국,500      ,.,
위스키,코발밀레위스키,미국,750      ,40      ,
위스키,코발버번위스키,미국,500      ,.,
위스키,크라운로얄,캐나다,700      ,40      ,
위스키,크라켄모어 12년,영국,700      ,40      ,보리의 흔적과 풍부하고 섬세한 꽃향기로 스페이사이드를 대표하는 위스키 중 하나입니다. 풍부한 과일향과 벌꿀 블랙베리의 상큼함이 실크같은 부드러운  맛과 어우러져  훌륭한 풍미를 자아내는 위스키 입니다.
위스키,클루니,영국,700      ,40      ,
위스키,클리브랜드 블랙리저브,미국,750,50,
위스키,클리브랜드 언더그라운드,미국,750,47,
위스키,클리브랜드 언더그라운드,미국,750,45,
위스키,킬호만마키아베이,영국,700,46      ,
위스키,킬호만사닉,영국,700      ,46      ,
위스키,킹덤더클래스,영국,450      ,40      .,킹덤더클래스 더 클래스140년 전통을 자랑하는 스코틀랜드 위스키 명가 에드링턴 그룹의 마스터 블렌더 ‘고든 모션(Gordon Motion)’과의 협업을 통해 젊은층이 선호하는 깔끔하고 부드러운 맛을 만들어 냈다.
위스키,탈리스커 10년,영국,700      ,45.8      ,"강한 피트 향, 바다 향과 말린 과일의 달콤한 향기를 느낄 수 있다. 개운하고 상쾌한 목넘김에 피니쉬가 오래도록 지속된다."
위스키,탐나불린 더블캐스크,스코틀랜드,700,40,
위스키,탐나불린 쉐리캐스크,스코틀랜드,700,40,
위스키,탐나불린1973,영국,700      ,.,
위스키,탐나불린저먼,미국,700      ,40      ,
위스키,테이스틸,영국,700      ,40      ,
위스키,템플턴 라이 4년,미국,700,40,"A big and spicy rye from the folks at Templeton. A 95% rye mashbill, distilled in Indiana, with a lot of flavour that makes it a great sipping whisky, as well as being punchy enough for Old Fashioneds, Sazeracs and all of your other favourites."
위스키,템플턴 라이 6년,미국,700,45,"Templeton, Iowa – June 2016 – Templeton Rye Whiskey announces the release of Templeton Rye 6-Year, a limited edition aged rye. The new offering is the first from the leading ultra-premium rye whiskey maker in 10 years. Templeton 6-Year is aged in new American oak barrels. With a higher proof, 45.75% ABV, and longer time in the barrel, the new expression displays more complex rye notes that will entice and intrigue whiskey aficionados and novice drinkers alike. Floral aromas and hints of dry spice, butterscotch, vanilla, cherry and green apple preview a balanced taste nuanced with vibrant flavor cues of fruit with hints of toasted oak. The body is bold oak with burnt sugar sweetness; the finish long and strong with lingering spiciness."
위스키,토마틴 몰트위스키12년,영국,700      ,43      ,
위스키,토민타울10년,영국,700      ,40      ,
위스키,토민타울14년,영국,700      ,46      ,
위스키,토민타울16년,영국,700      ,40      ,
위스키,토민타울21년,영국,700      ,40      ,
위스키,티모러스 비스크,영국,700      ,43.8      ,
위스키,틸링싱글그레인,영국,700      ,46      ,
위스키,페이머스그라우스,영국,700,40,
위스키,포로지스싱글배럴,미국,700,50      ,
위스키,피트 몬스터,영국,700      ,40      ,스모키와 피트가 잘 표현된 몰트 위스키 더불어 은은한 달콤함과 깊이를 느낄 수 있다.
위스키,하이랜드 파크( 단종),영국,700      ,46.8      ,"리치 마호가니향 - 스파이시한 셰리와 잘 익은 바나나 향의 조화, 구운 헤이즐넛 , 사과의 향맛 - 드라이한 피트 향이 느껴지는 첫 느낌, 마라스키노 체리의 단맛이 따뜻한 다크 초콜릿과 어우러진 균형잡힌 맛 피니쉬 - 달콤한 스모크 향이 입가에 오래도록 맴도는 여운"
위스키,하이랜드파크 12년,영국,700      ,40      ,"스코틀랜드의 최북단인 오크니 섬에 위치한 하이랜드 파크(Highland Park) 증류소는 1798년부터위스키 생산을 시작해 200년이 넘은 지금까지 장인정신을 이어오고 있는 싱글 몰트 위스키 브랜드이다.세계적인 위스키 전문가인 마이클 잭슨(Michael Jackson)은 그의 저서 ‘Malt Whisky Companion’에서 하이랜드 파크에 대해 ‘전세계 어디에서나 가장 돋보일 싱글 몰트 위스키’라고 극찬했다.하이랜드파크는 오크니 섬의 특징인 스모키한 맛, 피트의 강한 맛, 그리고 부드러운 꿀의 조화와 함께더할 나위 없는 최고의 품질을 맛볼 수 있다."
위스키,하이랜드파크 18년,영국,700      ,40      ,"스코틀랜드의 최북단인 오크니 섬에 위치한 하이랜드 파크(Highland Park) 증류소는 1798년부터위스키 생산을 시작해 200년이 넘은 지금까지 장인정신을 이어오고 있는 싱글 몰트 위스키 브랜드이다.세계적인 위스키 전문가인 마이클 잭슨(Michael Jackson)은 그의 저서 ‘Malt Whisky Companion’에서 하이랜드 파크에 대해 ‘전세계 어디에서나 가장 돋보일 싱글 몰트 위스키’라고 극찬했다.하이랜드파크는 오크니 섬의 특징인 스모키한 맛, 피트의 강한 맛, 그리고 부드러운 꿀의 조화와 함께더할 나위 없는 최고의 품질을 맛볼 수 있다."
위스키,하이랜드파크에디션(품절),영국,700,.,"하이랜드 파크의 아이스 에디션은 최근 몇년간 하이랜드 파크에서 출시하고 있는 바이킹과 노르딕 전설 시리즈 중의 하나입니다. 전세계 30,000병 출시, 국내에는 72병만 들어옵니다. 버번 오크통에서 숙성한 캐스크 스트랭스제품입니다."
위스키,하쿠슈 12년,일본,700      ,40      ,숲의 잔디와 감귤 류 등의 상큼한 향기. 달콤한 크림 같은 풍미가 상쾌한 (숙성 나무 향). 희미 한 안개 풍미가 좋은 뒷맛을 창출 하 고 있습니다.
위스키,하쿠슈 18년,일본,700      ,43      ,가격숲의 잔디와 감귤 류 등의 상큼한 향기. 달콤한 크림 같은 풍미가 상쾌한 (숙성 나무 향). 희미 한 안개 풍미가 좋은 뒷맛을 창출 하 고 있습니다.
위스키,하쿠슈DR,일본,700      ,43      ,
위스키,헤도니즘,영국,700      ,43      ,"쾌락주의, 라는 이름에서 느껴지듯이 매혹적이고 독특한 위스키. 부드럽고 단 맛이 강하다. 그 품질을 위해 일년에 한 번, 또는 두 번 밖에 생산되지 않는다."
위스키,헤븐스도어더블배럴,미국,700      ,50      ,헤븐스 도어는 1973년 많은 인기를 끈 밥 딜런의 노래 ‘노킹 온 헤븐스 도어’에서 영감을 받아 만든 위스키 이다.
위스키,헤븐스도어스트레이트,미국,750      ,46      ,헤븐스 도어는 1973년 많은 인기를 끈 밥 딜런의 노래 ‘노킹 온 헤븐스 도어’에서 영감을 받아 만든 위스키 이다
위스키,헤븐스도어스트레이트라이,미국,700      ,43      ,헤븐스 도어는 1973년 많은 인기를 끈 밥 딜런의 노래 ‘노킹 온 헤븐스 도어’에서 영감을 받아 만든 위스키 이다.
위스키,헤이그클럽,영국,700,45,헤이그클럽데이비드 베컴이 론칭에 참여한 싱글 그레인 위스키
위스키,헤이즐번 10년,영국,700      ,46      ,"진한 금빛 색상. 꿀과 퍼지의 향에 구운 배, 사과의 향이 느껴지며 바닐라와 꿀이 느껴지는 풍부한 맛. 상큼한 감초가 풍미를 더한다. 밀크 초콜렛 크림이 피니쉬로 여운을 남긴다."
위스키,헤이즐번 12년,영국,700      ,46      ,"1997년부터 생산 시작사용되는 모든 Malt는 Peat를 사용하지 않고,오직 뜨거운 공기로만 건조함. 3번의 증류과정을 거쳐 생산됨.향 : 셰리 캐스크의 특징들이 두드러짐. 달콤함, 초콜릿, 살구와 오렌지 마말레이드, 아몬드 그리고 마지팬비스켓 등.맛 : 맥아향, 과일 그리고 우아함, 매우 좋은 밸런스와 입안을 부드럽게 감싸주는 오크, 무화과와 견과류의 힌트들.피니쉬 : 긴 여운으로 오랫동안 남는 과일의 달콤함캡벨타운의 스프링뱅크 증류소에서 제조하는 헤이즐번은 세번 증류하여 풍미가 좋으며 가볍고 오묘한 맛을 냅니다."
위스키,휘슬피그12년,미국,750      ,45      ,
위스키,휘슬피그15년,미국,750,46      ,
위스키,휘슬피그라이10년,미국,750,50,
위스키,히비키17년,일본,700,43,
