id,주종,중분류,상품명,생산국가,생산자,주요품종,도수,음용온도,추천음식,당도,바디,산도,타닌
1,wine,레드,"7 컬러즈, '그랑 리제르바' 카베르네 소비뇽 뮈스카",칠레,세븐 컬러즈 7 Colores,"카베르네 소비뇽 (Cabernet Sauvignon) 95%, 뮈스까 (Muscat) 5%",13.5,16~18 ℃,"채끝 스테이크, 크림 파스타, 블루치즈 버거 등과 잘 어울린다.",1,3,3,3
2,wine,레드,"GCF, 꼬뜨 드 뵈프",프랑스,GCF 그룹 GCF Group,"시라/쉬라즈 (Syrah/Shiraz) , 마르셀란 (Marselan)",13.0,16~18 ℃,"뵈프 부르기뇽, 안심 찹 스테이크, 로스트 비프 스테이크 등과 잘 어울린다.",1,3,3,2
3,wine,화이트,"가트, 리슬링",호주,가트 와인즈 Gatt Wines,리슬링 (Riesling) 100%,11.5,10~12 ℃,"샐러드, 해산물, 치즈 등과 잘 어울린다.",2,4,3,1
4,wine,레드,갈로 리빙스톤 콩코드,미국,갤로 패밀리 빈야드 Gallo Family Vineyard - E&J Gallo Winery,콩코드 (Concord),11.0,14~16 ℃,"소시지, 육포, 떡볶이, 순대, 튀김, 족발, 만두, 자장면 등과 잘 어울린다.",1,4,3,3
5,wine,주정강화,글로리아 토니 포트 와인,포르투갈,빈센테 파리아 비뉴스 Vincente Faria VInhos,"틴타 로리즈 (Tinta Roriz) , 투리가 프란카 (Touriga Franca) , 투리가 나시오날 (Touriga Nacional) , 틴타 바로카 (Tinta Barroca) , 틴토 까오 (Tinto Cao)",20.0,14~16 ℃,"리코타, 크림치즈, 말린과일, 케이크, 초콜렛 등 디저트와 잘 어울린다.",4,2,4,3
6,wine,레드,"기욤 르탕, 루비 루즈",프랑스,기욤 르탕 Guillaume Letang,그르나슈 (Grenache),14.0,16~18 ℃,"소고기, 스테이크, 불고기, 양꼬치, 족발, 한국음식, 피자, 햄버거 등과 잘 어울린다.",1,3,3,3
7,wine,화이트,"까브 드 루그니, 마콩 루그니 유진 블랑 샤르도네",프랑스,까브 드 루그니 Cave de Lugny,샤르도네 (Chardonnay) 100%,13.5,10~12 ℃,"훈제오리, 오리로스, 치킨, 훈제연어, 장어구이, 해산물, 숙성 치즈, 피자, 파스타, 탕수육 등과 잘 어울린다.",1,4,3,1
8,wine,화이트,"깐티네 포베로, 모스카토 다스티 '캄포 델 팔리오'",이탈리아,깐띠네 포베로 Cantine Povero,모스카토 (Moscato ) 100%,5.5,6~8 ℃,"샐러드, 크림치즈, 리코타, 말린과일, 초콜릿, 스낵 등 디저트와 잘 어울린다.",4,2,2,1
9,wine,레드,꼬모 까베르네 소비뇽,칠레,운두라가 Undurraga,카베르네 소비뇽 (Cabernet Sauvignon),13.0,16~18 ℃,"육류, 숙성 치즈, 묵직한 소스를 곁들인 파스타 등과 잘 어울린다.",1,2,3,3
10,wine,스파클링,노비볼레 로마냐 스푸만테 비앙코,이탈리아,까비로 Caviro sca-Forli,"트레비아노 (Trebbiano) , 샤르도네 (Chardonnay) , 파모소 (Famoso)",11.0,6~8 ℃,식전주 및 가벼운 생선 요리 또는 전채 요리 등과 잘 어울린다.,2,4,3,1
11,wine,레드,"다렌버그, 데드암 쉬라즈",호주,다렌버그 d'Arenberg,시라/쉬라즈 (Syrah/Shiraz) 100%,14.0,16~19 ℃,"진하고 풍부한 소스의 구운고기요리, 양고기 스테이크, 파스타 등과 잘 어울린다.",1,4,5,5
12,wine,화이트,"다리오 프린칙, 리볼라 지알라",이탈리아,다리오 프린칙 Dario Princic,리볼라 지알라 (Ribolla Gialla) 100%,12.0,14~16 ℃,"흰살생선, 생선구이, 새우, 해산물, 건육, 프로슈토, 다양한 치즈, 파스타 등과 잘 어울린다.",1,4,4,2
13,wine,화이트,"다리오 프린칙, 야콧",이탈리아,다리오 프린칙 Dario Princic,야콧 (Jakot) 100%,13.5,14~16 ℃,"닭고기, 연어, 참치, 다양한 치즈, 리조또, 파스타 등과 잘 어울린다.",1,4,4,2
14,wine,레드,"다리오 프린칙, 카베르네 소비뇽",이탈리아,다리오 프린칙 Dario Princic,카베르네 소비뇽 (Cabernet Sauvignon) 100%,13.0,16~18 ℃,"붉은육류, 스테이크, 양갈비, 바비큐, 불고기, 파스타, 다양한 치즈, 햄버거, 한국음식 등과 잘 어울린다.",1,4,5,4
15,wine,화이트,"다리오 프린칙, 트레베즈 리제르바",이탈리아,다리오 프린칙 Dario Princic,"샤르도네 (Chardonnay) , 소비뇽 블랑 (Sauvignon Blanc) , 피노 그리지오 (Pinot Grigio) , 피노 비앙코 (Pinot Bianco)",13.0,14~16 ℃,"돼지고기, 삼겹살, 베이컨, 치킨, 피자, 파스타, 다양한 치즈, 동남아요리, 아시아요리, 전, 편육, 한국요리 등과 잘 어울린다.",1,4,3,2
16,wine,화이트,"다리오 프린칙, 피노 그리지오",이탈리아,다리오 프린칙 Dario Princic,피노 그리지오 (Pinot Grigio) 100%,12.5,14~16 ℃,"해산물, 조개구이, 새우, 야채, 버섯, 튀김, 아시아요리 등과 잘 어울린다.",1,4,3,2
17,wine,레드,"더 프리즈너, 나파 밸리 레드 블렌드",미국,더 프리즈너 와인 컴퍼니 The Prisoner Wine Company,"진판델 (Zinfandel) , 카베르네 소비뇽 (Cabernet Sauvignon) , 쁘띠 시라 (Petite Sirah) , 샤르보노 (Charbono)",15.2,15~17 ℃,"양고기, 양갈비, 스테이크, 갈비, 불고기, 말린과일, 견과류 와 잘 어울린다.",1,4,5,5
18,wine,레드,"더치 홉, 쉬라",남아프리카,더치 홉 와이너리 Dutch Hope Winery,"시라/쉬라즈 (Syrah/Shiraz) , 무르베드르 (Mourvedre)",14.0,16~18 ℃,"소고기, 스테이크, 갈비찜, 양념갈비, 양갈비, 라자냐, 스튜, 크림파스타, 숙성 치즈 등과 잘 어울린다.",1,3,4,4
19,wine,화이트,"더치 홉, 슈냉 블랑",남아프리카,더치 홉 와이너리 Dutch Hope Winery,"슈냉 블랑 (Chenin Blanc) , 비오니에 (Viognier)",13.0,8~10 ℃,"해산물, 새우, 문어숙회, 다양한 치즈, 건육 등과 잘 어울린다.",1,0,1,1
20,wine,레드,"델리카토, 667 피노 누아",미국,델리카토 패밀리 빈야드 Delicato Family Vineyards - DFV,피노 누아 (Pinot Noir) 100%,14.5,16~18 ℃,"연어, 파마산 치즈 및 구운 양고기와 잘 어울린다.",1,3,4,3
21,wine,스파클링,"도넬리 비니, 볼리치노 스파클링 레드와인",이탈리아,도넬리 비니 Donelli Vini S.P.A.,"산지오베제 (Sangiovese) , 람브루스코 (Lambrusco)",10.0,8~10 ℃,None,2,0,2,2
22,wine,레드,도마네 고벨스버그 츠바이겔트,오스트리아,슐로스 고벨스버그 Schloss Gobelsburg,츠바이겔트 (Zweigelt) 100%,12.5,15~17 ℃,"중국요리, 간편한 육류요리, 약간 스파이시한 한식, 볶음요리 등과 잘 어울린다.",2,5,2,2
23,wine,화이트,"도멘 갸데, 레 뻬리에르 모노폴",프랑스,도멘 갸데 Domaine Gadias,믈롱 드 부르고뉴 (Melon de Bourgogne) 100%,12.0,8~10 ℃,"스시, 회, 굴, 조개, 해산물, 생선구이, 조개구이, 조개찜, 숙성 치즈 등과 잘 어울린다.",2,4,3,1
24,wine,화이트,"도멘 그로 프레르 에 수르, 부르고뉴 오뜨 꼬뜨 드 뉘 블랑",프랑스,도멘 그로 프레르 에 수르 Domaine Gros Frere et Soeur,샤르도네 (Chardonnay) 100%,13.5,10~12 ℃,"훈제오리, 오리로스, 치킨, 훈제연어, 장어구이, 해산물, 숙성 치즈, 피자, 파스타, 탕수육 등과 잘 어울린다.",1,5,3,1
25,wine,레드,"도멘 드 까밀 지로, 부르고뉴 피노 누아",프랑스,도멘 드 까밀 지로 Domaine de Camille Giroud,피노 누아 (Pinot Noir) 100%,13.0,15~17 ℃,"로스트비프, 오리고기, 닭고기, 연어, 참치, 버섯, 다양한 치즈, 파스타와 잘 어울린다.",1,5,2,2
26,wine,레드,"도멘 라퐁드 노틀담, 라스토",프랑스,도멘 라퐁 드 노틀담 Domaine La Font de Notre Dame,"그르나슈 (Grenache) , 시라/쉬라즈 (Syrah/Shiraz) , 무르베드르 (Mourvedre) , 쌩쏘 (Cinsault)",14.0,16~18 ℃,"소고기, 스테이크, 불고기, 양꼬치, 족발, 한국음식, 피자, 햄버거 등과 잘 어울린다.",1,3,3,3
27,wine,레드,도멘 로베르 시뤼귀에 부르고뉴,프랑스,도멘 로베르 시뤼귀에 Domaine Robert Sirugue,피노 누아 (Pinot Noir) 100%,13.0,15~17 ℃,"로스트비프, 오리고기, 닭고기, 연어, 참치, 송이버섯, 콩테, 다양한 치즈와 잘 어울린다.",1,4,2,2
28,wine,화이트,"도멘 루 페레 에 피스, 생-토뱅 자디",프랑스,도멘 루 페레 에 피스 Domaine Roux Pere & Fils,샤르도네 (Chardonnay) 100%,13.0,8~10 ℃,"훈제오리, 오리로스, 치킨, 훈제연어, 장어구이, 해산물, 숙성 치즈, 피자, 파스타, 탕수육 등과 잘 어울린다.",1,3,3,1
29,wine,레드,"도멘 마샹 프레르, 샹볼 뮈지니 프리미에르 크뤼 레 성띠에",프랑스,도멘 마샹 프레르 Domaine Marchand Freres,피노 누아 (Pinot Noir) 100%,13.0,15~17 ℃,"가금류, 치즈",1,4,3,2
30,wine,화이트,"도멘 뮈르뮈리움, 루싼느",프랑스,도멘 뮈르뮈리움 Domaine Mur-Mur-Ium,루산느 (Roussanne) 100%,14.0,11~13 ℃,"돼지고기, 바비큐, 참치, 연어, 치킨, 다양한 치즈, 하몽, 프로슈토, 살라미, 파스타 등과 잘 어울린다.",1,3,3,1
31,wine,레드,"도멘 미쉘 그로, 본 로마네 프르미에 크뤼 '끌로 드 레아' 모노폴",프랑스,도멘 미쉘 그로 Domaine Michel Gros,피노 누아 (Pinot Noir) 100%,13.0,14~16 ℃,"가금류요리, 붉은 생선, 프와그라, 부드러운 치즈등과 잘 어울린다.",1,3,3,4
32,wine,레드,"도멘 자끄 까슈, 부르고뉴 후제 오 꼬뜨 드 뉘",프랑스,도멘 자끄 까슈 Domaine Jacques Cacheux,피노 누아 (Pinot Noir) 100%,12.5,18 ℃,"로스트비프, 오리고기, 닭고기, 연어, 참치, 버섯, 다양한 치즈, 파스타와 잘 어울린다.",1,5,2,2
33,wine,레드,도멘 페르드리 에세조 그랑 크뤼,프랑스,도메인 페르드리 Domaine Perdrix,피노 누아 (Pinot Noir),12.5,16~18 ℃,"로스트비프, 오리고기, 닭고기, 연어, 참치, 송이버섯, 구운 아스파라거스, 콩테, 다양한 치즈와 잘 어울린다.",1,4,3,3
34,wine,화이트,두게싸 리아 모스카토 다스티,이탈리아,카페타 [프란체스코 카페타 - 발비 소프라니] Capetta [Francesco Capetta - Balbi Soprani],모스카토 (Moscato ) 100%,5.0,6~8 ℃,"부드러운 치즈와 커피향이 일품인 티라미수 케이크나 달콤한 과일, 특히 망고나 멜론과 같은 여름과일과 환상적인 여운을 남긴다.",4,2,2,1
35,wine,레드,"뚜아 리따, 레디가피",이탈리아,투아 리따 Tua Rita,메를로 (Merlot) 100%,15.0,16~18 ℃,"대부분의 파스타, 햄, 소시지, 치즈, 붉은 육류, 흰살 육류 등과 잘 어울린다.",1,4,4,4
36,wine,레드,"라 셰또, 장 발몽 메를로",프랑스,라셰또 [라세또] Lacheteau [La Cheteau],메를로 (Merlot) 100%,13.0,16~18 ℃,"안심 스테이크, 타임 허브 등으로 맛을 낸 토끼요리, 송아지 찜 요리, 치즈 등과 잘 어울린다.",1,3,4,3
37,wine,레드,라몬 빌바오 그랑 리제르바,스페인,라몬 빌바오 Ramon Bilbao,"템프라니요 (Tempranillo) 90%, 그라시아노 (Graciano) 5%, 가르나차 (Garnacha) 5%",14.0,16~18 ℃,"붉은 고기, 숙성 치즈, 바비큐, 야생 고기 등과 잘 어울린다.",1,3,4,3
38,wine,화이트,"라스트 스탠드, 샤도네이",호주,더 라스트 스탠드 와와너리 The last stand Winery,샤르도네 (Chardonnay),13.0,8~10 ℃,"가금류, 오리로스, 치킨, 장어구이, 해산물, 숙성 치즈, 오일파스타 등과 잘 어울린다.",1,3,3,1
39,wine,레드,"라스트 스탠드, 쉬라즈",호주,더 라스트 스탠드 와와너리 The last stand Winery,시라/쉬라즈 (Syrah/Shiraz),14.0,16~18 ℃,"소고기, 스테이크, 갈비찜, 양념갈비, 양갈비, 라자냐, 스튜, 크림파스타, 숙성 치즈 등과 잘 어울린다.",1,3,4,4
40,wine,레드,"라운드 폰드, 러더포드 카베르네 소비뇽",미국,라운드 폰드 에스테이트 Round Pond Estate,"카베르네 소비뇽 (Cabernet Sauvignon) , 쁘띠 베르도 (Petit Verdot) , 말벡 (Malbec) , 메를로 (Merlot)",14.6,16~18 ℃,"붉은육류, 스테이크, 양갈비, 바비큐, 불고기, 파스타, 다양한 치즈, 햄버거, 한국음식 등과 잘 어울린다.",1,3,4,3
41,wine,화이트,"로까 세리나, 모스카토 다스티",이탈리아,로카 세리나 Rocca Cerrina,모스카토 (Moscato ) 100%,6.0,8~10 ℃,식후에 디저트와 함께 또는 과일(특히 과일 셀러드)과 완벽한 조화를 이룸. 또한 아이스크림 또는 친구들과 대화의 매개체로서 안주 없이 와인 그 자체만 마셔도 좋다.,4,2,2,1
42,wine,레드,"로멘 뒤베르네, 꼬드 뒤 론 비에이 비뉴",프랑스,로멘 뒤베르네 Romain Duvernay,"그르나슈 (Grenache) 85%, 시라/쉬라즈 (Syrah/Shiraz) 15%",13.5,16~18 ℃,"안심 스테이크, 바비큐 폭립, 송아지와 폴렌타, 통감자 구이와 잘 어울린다.",1,2,4,4
43,wine,레드,"루이 라뚜르, 알록스 꼬르똥",프랑스,루이 라뚜르 Louis Latour,피노 누아 (Pinot Noir) 100%,13.5,15~17 ℃,"각종 육류요리, 버섯요리, 양고기 등과 잘 어울린다.",1,5,3,2
44,wine,레드,"루트 코즈, 레드 와인",미국,루트 코즈 와이너리 Root Cause Winery,"메를로 (Merlot) , 진판델 (Zinfandel) , 쁘띠 베르도 (Petit Verdot) , 시라/쉬라즈 (Syrah/Shiraz)",13.0,16~18 ℃,None,1,3,4,4
45,wine,화이트,"루트 코즈, 샤도네이",미국,루트 코즈 와이너리 Root Cause Winery,샤르도네 (Chardonnay),13.0,10~12 ℃,None,1,3,3,1
46,wine,레드,"루트 코즈, 카베르네 소비뇽",미국,루트 코즈 와이너리 Root Cause Winery,카베르네 소비뇽 (Cabernet Sauvignon),13.0,16~18 ℃,None,1,3,4,3
47,wine,스파클링,"뤼나르, 브뤼",프랑스,뤼나르 Ruinart,"피노 누아 (Pinot Noir) , 샤르도네 (Chardonnay) , 피노 뮈니에 (Pinot Meunier)",12.0,6~8 ℃,"스시, 회, 해산물, 굴, 랍스터, 게, 다양한 치즈, 샐러드, 아시아요리, 동남아요리, 과일, 디저트 등과 잘 어울린다.",1,5,3,1
48,wine,레드,"르네 부비에, 부르고뉴 루즈 '몽트르 뀔'",프랑스,르네 부비에 Domaine Rene Bouvier,피노 누아 (Pinot Noir) 100%,12.5,15~17 ℃,"붉은육류, 로스트비프, 오리고기, 닭고기, 연어, 참치, 버섯, 다양한 치즈, 파스타와 잘 어울린다.",1,4,3,3
49,wine,레드,"리베토, 바롤로 세라룽가 달바",이탈리아,리베토 Rivetto,네비올로 (Nebbiolo) 100%,14.5,16~18 ℃,"트러플, 양갈비, 스튜, 그릴요리, 바비큐, 포크, 버섯, 프로슈토, 라자냐, 이탈리안 음식과 잘 어울린다.",1,4,4,4
50,wine,기타,"리빙스톤, 상그리아",미국,리빙스톤 Livingstone,블렌드 (Blend ),10.0,6~8 ℃,파티에서의 바비큐 요리와 강한 소스를 감미한 해산물 요리와 완벽한 조화를 이룬다.,3,2,2,1
51,wine,레드,"마라미에로, 인페리",이탈리아,마라미에로 Marramiero,몬테풀치아노 (Montepulciano) 100%,14.0,17~19 ℃,"마늘과 올리브로 요리한 양고기, 허브가 가미된 리코타 라비올리 등과 잘 어울린다.",1,3,4,4
52,wine,화이트,마레농 그랑 마레농 블랑,프랑스,마레농 Marrenon [Cellier de Marrenon],"그르나슈 블랑 (Grenache Blanc) , 베르멘티노 (Vermentino) , 루산느 (Roussanne)",14.0,10~12 ℃,"치킨, 바비큐, 연어, 참치, 새우, 다양한 치즈, 건육, 살라미, 프로슈토, 파스타 등과 잘 어울린다.",1,3,3,1
53,wine,레드,"마샹 따스, 뽀마르 레 비노",프랑스,막상 따스 Marchand Tawse,피노 누아 (Pinot Noir),13.0,14~16 ℃,"오리고기, 치즈 등과 잘 어울린다.",1,4,3,3
54,wine,레드,"마이클 몬다비 패밀리, 엠블렘 나파 카베르네 소비뇽",미국,마이클 몬다비 패밀리 Michael Mondavi Family,"카베르네 소비뇽 (Cabernet Sauvignon) 90%, 쁘띠 베르도 (Petit Verdot) 5%, 쁘띠 쉬라 (Petit Syrah) 5%",14.0,16~18 ℃,"그릴에 구운 채끝 스테이크, 라구 파스타 등과 잘 어울린다.",1,3,4,5
55,wine,레드,"막상 따스, 본 로마네",프랑스,막상 따스 Marchand Tawse,피노 누아 (Pinot Noir) 100%,13.5,14~16 ℃,"오리고기, 치즈 등과 잘 어울린다.",1,4,3,2
56,wine,레드,"맥매니스, 노스 포티 레드 블렌드",미국,맥매니스 와이너리 McManis Winery,"쁘띠 시라 (Petite Sirah) 27%, 쁘띠 베르도 (Petit Verdot) 25%, 테롤데고 (Teroldego) 25%, 따나 (Tannat) 23%",13.0,16~18 ℃,"붉은육류, 스테이크, 양갈비, 바비큐, 불고기, 파스타, 다양한 치즈, 한국음식 등과 잘 어울린다.",1,3,3,4
57,wine,화이트,"메르 솔레이, 리저브 샤도네이",미국,케이머스 빈야드 Caymus Vineyards,샤르도네 (Chardonnay) 100%,14.5,10~12 ℃,"연어 스테이크, 도가니탕, 떡국, 피자 등과 잘 어울린다.",1,3,4,1
58,wine,화이트,"메종 카스텔, 세리 리미떼 꽁드리유",프랑스,메종 카스텔 Maison Castel,비오니에 (Viognier) 100%,14.0,8~10 ℃,적양파를 곁들인 양고기로 만든 스튜인 타진 요리 외 샤퀴트리 또는 그릴 고기 요리와 잘 어울린다.,1,3,1,1
59,wine,스파클링,"메종 카스텔, 크레망 드 보르도 브뤼",프랑스,메종 카스텔 Maison Castel,"세미용 (Semillon) , 카베르네 프랑 (Cabernet Franc)",5.0,6~8 ℃,"생강 쿠키를 곁들인 푸아그라 요리, 가금류 요리, 백색육어류 요리와 잘 어울린다.",1,3,1,1
60,wine,로제,"모란데, 피오네로 로제",칠레,비냐 모란데 Viña Morande,"카베르네 소비뇽 (Cabernet Sauvignon) , 시라/쉬라즈 (Syrah/Shiraz)",12.0,11~13 ℃,"비빔밥, 피자, 돼지고기 요리나 매콤한 아시아 푸드와도 잘 어울린다.",2,3,3,1
61,wine,레드,"몰리두커, 벨벳 글로브",호주,몰리두커 Mollydooker,시라/쉬라즈 (Syrah/Shiraz) 100%,16.5,16~18 ℃,"붉은 육류, 스테이크, 갈비찜, 불고기, 양갈비, 버섯, 숙성치즈, 한국음식 과 잘 어울린다.",1,4,5,5
62,wine,레드,무쏘 메를로,스페인,카사 로호 Casa Rojo,메를로 (Merlot) 100%,13.0,16~18 ℃,"돼지고기, 소고기, 스튜, 비프버거 등과 잘 어울린다.",1,3,4,3
63,wine,레드,뮤리엘 그랑 리제르바,스페인,뮤리엘 그룹 Muriel Group,템프라니요 (Tempranillo) 100%,13.0,16~18 ℃,"로스트 스테이크(소고기, 돼지고기, 양고기), 스모크 치즈, 다크 초콜릿 디저트 등고 잘 어울린다.",1,3,5,3
64,wine,레드,"미션 드 렝고, 뀌베 카베르네 소비뇽",칠레,미션 드 랭고 Vina Misiones de Rengo,"카베르네 소비뇽 (Cabernet Sauvignon) 85%, 시라/쉬라즈 (Syrah/Shiraz) 10%, 카르메네르 (Carmenere) 5%",14.4,15~17 ℃,"쇠고기 엠파나다, 양고기,돼지고기, 강한 풍미의 치즈 및 야생 조류 요리. 다랑어, 연어 등의 기름이 많은 생선류. 로즈마리를 곁들인 렌즈콩 요리, 꼬냑 소스를 겸비한 닭고기 요리 등에 잘 어울린다.",1,3,4,4
65,wine,화이트,"미션, 레이트 하비스트",뉴질랜드,미션 에스테이트 와이너리 Mission Estate Winery,"샤르도네 (Chardonnay) , 리슬링 (Riesling) , 게뷔르츠트라미너 (Gewurztraminer)",11.0,6~8 ℃,"샐러드, 크림치즈, 리코타, 말린과일, 초콜릿, 스낵 등 디저트와 잘 어울린다.",5,1,3,1
66,wine,화이트,"미션, 리슬링",뉴질랜드,미션 에스테이트 와이너리 Mission Estate Winery,리슬링 (Riesling) 100%,11.0,8~10 ℃,"베이컨, 꼬치구이, 해산물, 양념치킨, 하몽, 살라미, 아시아요리, 매운음식, 동남아요리등과 잘 어울린다.",1,5,2,1
67,wine,레드,미셸 롤랑 샤또 베르티노 생 뱅상,프랑스,미쉘 롤랑 컬렉션 Michel Rolland Collection,"메를로 (Merlot) 75%, 카베르네 프랑 (Cabernet Franc) 25%",13.0,16~18 ℃,"갈비찜, 불고기, 피자, 파스타, 치즈 등과 잘 어울린다.",1,4,5,4
68,wine,레드,"미켈레 끼아를로, 바르베라 다스티 레 오르메",이탈리아,미켈레 끼아를로 Michele Chiarlo,바르베라 (Barbera) 100%,13.0,16~18 ℃,"피자, 파스타, 치즈 이 외에도 모든 음식들과 잘 어울린다.",1,4,3,3
69,wine,레드,"바네사, 까베르네 쇼비뇽",칠레,비냐 프란시스코 드 아귀레 Vina Francisco de Aguirre,카베르네 소비뇽 (Cabernet Sauvignon) 100%,10.0,11~13 ℃,"고기, 너츠와 잘 어울리며 디저트 혹은 애피타이저 와인으로 손색이 없다.",1,3,3,3
70,wine,레드,"바디아 아 콜티부오노, 키안티 클라시코 리제르바",이탈리아,바디아 아 콜티부오노 Badia a Coltibuono,"산지오베제 (Sangiovese) 90%, 기타 품종 (Other Grapes) 10%",13.0,16~18 ℃,"고급 안심, 등심 스테이크, 그릴에 구운 야채, 바비큐요리, 숙성된 치즈등과 잘 어울린다.",1,4,4,4
71,wine,화이트,"바론 데 발스, 화이트",스페인,비센테 간디아 Vicente Gandia,마카베오 (Macabeo),11.0,8~10 ℃,None,2,4,2,1
72,wine,화이트,"바타시올로, 모스카토 다스티 '보스크 들라 레이'",이탈리아,바타시올로 Batasiolo [Beni di Batasiolo],모스카토 (Moscato ) 100%,5.0,6~8 ℃,"열대과일, 전통적인 크리스마스 디저트 파네토네(panettone) 등과 잘 어울린다.",4,2,2,1
73,wine,레드,"바틱, 까베르네 프랑",슬로베니아,바틱 Batic,카베르네 프랑 (Cabernet Franc) 100%,13.5,16~18 ℃,"붉은육류, 스테이크, 로스트비프, 훈제오리, 파스타, 다양한 치즈 등과 잘 어울린다.",1,4,4,2
74,wine,화이트,"바틱, 레불라",슬로베니아,바틱 Batic,레불라 (Rebula),13.5,11~12 ℃,"흰살생선, 샐러드, 건육, 하몽, 프로슈토, 동남아요리, 파스타 등과 잘 어울린다.",1,3,3,1
75,wine,레드,"발데리즈, 발데리즈",스페인,발데리즈 Valderiz,템프라니요 (Tempranillo) 100%,14.5,16~18 ℃,"붉은 육류, 스테이크, 갈비찜, 스튜, 불고기, 양갈비, 순대, 햄버거, 피자, 한국음식 등과 잘 어울린다.",1,3,4,4
76,wine,레드,"베리 브라더스 & 러드, 뽀이약",프랑스,베리 브라더스 & 러드 Berry Bros. & Rudd,"카베르네 소비뇽 (Cabernet Sauvignon) 70%, 메를로 (Merlot) 30%",13.0,16~18 ℃,"붉은육류, 스테이크, 로스트비프, 바비큐, 불고기, 파스타, 다양한 치즈, 햄버거, 한국음식 등과 잘 어울린다.",1,3,4,4
77,wine,스파클링,"베리 브라더스 & 러드, 프로세코",이탈리아,베리 브라더스 & 러드 Berry Bros. & Rudd,글레라 (Glera) 100%,11.0,6~8 ℃,"식전주, 전채요리, 회, 스시, 해산물, 건육, 살라미, 하몽, 스낵 등과 잘 어울린다.",1,3,3,1
78,wine,스파클링,"벨라비스타, 사텐",이탈리아,벨라비스타 Bellavista,샤르도네 (Chardonnay) 100%,12.0,6~8 ℃,"에피타이저, 수프, 야채, 생선초밥, 블루치즈 등",1,4,3,1
79,wine,화이트,벨트악스 트로켄베렌아우스레제,독일,벨트악스 Weltachs,"오르테가 (Ortega) , 알바롱가 (Albalonga) , 훅셀레베 (Huxelrebe)",8.5,6~8 ℃,"케이크, 쿠키, 과일안주, 달콤한 디저트류 등과 잘 어울린다.",5,3,5,1
80,wine,레드,"보데가 세론, 라비아",스페인,보데가 세론 Bodega Cerron,쁘띠 베르도 (Petit Verdot) 100%,14.0,16~18 ℃,"붉은육류, 스테이크, 양갈비, 바비큐, 불고기, 양념갈비, 파스타, 한국음식 등과 잘 어울린다.",1,4,5,4
81,wine,레드,"보데가 세론, 레모르디미엔또 틴토",스페인,보데가 세론 Bodega Cerron,"템프라니요 (Tempranillo) , 카베르네 소비뇽 (Cabernet Sauvignon) , 쁘띠 베르도 (Petit Verdot) , 시라/쉬라즈 (Syrah/Shiraz)",14.0,16~18 ℃,"붉은육류, 불고기, 갈비찜, 양갈비, 치킨, 순대, 햄버거, 피자, 한국음식 등과 잘 어울린다.",1,3,4,3
82,wine,레드,"보데가 세론, 엘 센티도 데라 비다",스페인,보데가 세론 Bodega Cerron,"카베르네 소비뇽 (Cabernet Sauvignon) , 쁘띠 베르도 (Petit Verdot)",14.0,16~18 ℃,"붉은육류, 스테이크, 양갈비, 바비큐, 불고기, 양념갈비, 파스타, 한국음식 등과 잘 어울린다.",1,3,5,4
83,wine,레드,"보데가 세론, 엘 티엠포 큐",스페인,보데가 세론 Bodega Cerron,모나스트렐 (Monastrell) 100%,13.5,16~18 ℃,"붉은 육류, 스테이크, 그릴요리, 소시지, 불고기, 갈비찜 등 과 잘 어울린다.",1,3,4,3
84,wine,레드,"보데가 세론, 헤라다 '암포라 와인'",스페인,보데가 세론 Bodega Cerron,시라/쉬라즈 (Syrah/Shiraz) 100%,13.0,16~18 ℃,"스테이크, 로스트비프, 양갈비, 바비큐, 불고기, 양념갈비, 족발, 한국음식과 잘 어울린다.",1,3,4,3
85,wine,레드,"보데가 카르첼로, 알티코",스페인,보데가 카르첼로 Bodega Carchelo,시라/쉬라즈 (Syrah/Shiraz) 100%,13.5,16~18 ℃,"비프 스테이크, 양고기 바베큐, 약간 강한 양념으로 조리된 육류, 파스타, 라자냐, 햄 등과 잘 어울린다.",1,3,4,4
86,wine,레드,"보데가스 로메로 디 아빌라 살세도, 포르텐토 크리안자",스페인,보데가스 로메로 디 아빌라 살세도 Bodegas Romero de Avila Salcedo,"템프라니요 (Tempranillo) 85%, 카베르네 소비뇽 (Cabernet Sauvignon) 15%",14.0,16~18 ℃,"붉은육류, 스테이크, 그릴요리, 불고기, 갈비찜, 양갈비, 치킨, 순대, 한국음식과 잘 어울린다.",1,3,3,3
87,wine,레드,"보데가스 무가, 또레 무가",스페인,무가 Muga [Bodegas Muga],"템프라니요 (Tempranillo) 75%, 마주엘로 (Mazuelo) 15%, 그라시아노 (Graciano) 10%",14.0,16~18 ℃,"등심 스테이크, 스테이크 샐러드, 치즈류/ [한식] 바비큐, 양념갈비구이 등과 잘 어울린다.",1,3,4,4
88,wine,화이트,"보데가스 무가, 블랑코",스페인,무가 Muga [Bodegas Muga],"비우라 (Viura) 90%, 말바시아 (Malvasia) 10%",13.0,10~12 ℃,"샐러드, 해산물, 가벼운 에피타이저 / [한식] 보쌈, 삼겹살구이, 두부구이 등과 잘 어울린다.",1,4,3,1
89,wine,레드,"보데가스 카레, 틴토 로블",스페인,보데가스 카레 Bodegas Care,"가르나차 (Garnacha) 50%, 시라/쉬라즈 (Syrah/Shiraz) 50%",13.5,16~18 ℃,"스테이크, 양갈비, 양념갈비, 불고기, 그릴요리, 소시지, 다양한 치즈, 한국음식과 잘 어울린다.",2,3,3,3
90,wine,레드,보스케 데 마타스노스,스페인,보스케 데 마타스노스 Bosque de Matasnos,"템프라니요 (Tempranillo) 90%, 메를로 (Merlot) 5%, 말벡 (Malbec) 3%, 그르나슈 (Grenache) 2%",15.0,16~18 ℃,"닭고기 스튜, 붉은 고기, 푸른 생선, 치즈, 하몬 등과 잘 어울린다.",1,3,4,4
91,wine,레드,"복, 마그니피코",헝가리,복 Bock,메를로 (Merlot),14.5,16~18 ℃,"스테이크, 로스트비프, 바비큐, 불고기, 파스타, 다양한 치즈 등과 잘 어울린다.",1,3,5,4
92,wine,레드,"복, 메를로 스페셜 리제르브",헝가리,복 Bock,메를로 (Merlot),13.0,16~18 ℃,"스테이크, 로스트비프, 바비큐, 불고기, 파스타, 다양한 치즈 등과 잘 어울린다.",1,3,4,4
93,wine,레드,"복, 시라",헝가리,복 Bock,시라/쉬라즈 (Syrah/Shiraz),14.0,16~18 ℃,"붉은 육류, 스테이크, 갈비찜, 스튜, 불고기, 양갈비, 한국음식 과 잘 어울린다.",1,3,4,4
94,wine,스파클링,본 샹스 모스카토 로제,스페인,보데가스 로페즈 모레나스 Bodegas Lopez Morenas S.L,모스카토 (Moscato ) 100%,7.0,6~8 ℃,"각종 디저트, 케익, 과일, 호두",4,1,2,1
95,wine,레드,"본드, 퀠라",미국,본드 에스테이트 Bond Estates,카베르네 소비뇽 (Cabernet Sauvignon),14.0,16~18 ℃,"고급 안심, 등심 스테이크, 그릴에 구운 야채, 바비큐요리, 숙성된 치즈 등과 잘 어울린다.",1,3,5,5
96,wine,레드,부켈라 까베르네 소비뇽,미국,부켈라 에스테이트 Buccella Estate,"카베르네 소비뇽 (Cabernet Sauvignon) 86%, 메를로 (Merlot) 3%, 카베르네 프랑 (Cabernet Franc) 2%, 쁘띠 베르도 (Petit Verdot) 3%, 말벡 (Malbec) 6%",14.8,16~18 ℃,"그릴에 구운 육류요리, 브레이즈한 비프 립, 베이컨 요리",1,3,4,4
97,wine,화이트,"브라이다, 지 모스카토 다스티",이탈리아,브라이다 [지아코모 볼로냐 브라이다] Braida [Giacomo Bologna Braida],모스카토 (Moscato ) 100%,5.5,6~8 ℃,"초콜렛이나 케익, 디저트 과일, 언제든지 편하게 마실 수 있다.",4,2,2,1
98,wine,주정강화,블랜디스 알바다 5년,포르투갈,브랜디스 마데이라 Blandy's Madeira,"부알 (Bual) , 맘지 (Malmsey)",19.0,20 ℃,"땅콩, 아몬드 등 견과류와 초콜릿, 치즈 등 고소하고 달콤한 음식들과 어울린다.",5,2,5,2
99,wine,레드,"블루 넌, 까베르네 소비뇽 스위트",프랑스,랑구스 - 블루넌 Langguth - Blue nun,카베르네 소비뇽 (Cabernet Sauvignon),10.0,12~14 ℃,"부드러운 소스의 중국음식, 일본퓨전 음식, 말린과일, 간단한 카나페, 과일칵테일, 간 스파이시한 한식, 볶음요리 등과 잘 어울린다.",4,2,3,1
100,wine,화이트,"비뉴롱 아쏘시에, 부르고뉴 샤르도네",프랑스,비뉴롱 아쏘시에 Vignerons Associes,샤르도네 (Chardonnay),12.0,10~12 ℃,"연어 스테이크, 석화구이, 각종 생선요리, 회, 오일파스타 등과 잘 어울린다.",1,3,2,1
101,wine,레드,"비비 그라츠, 소포코네 디 빈칠리아타",이탈리아,비비 그라츠 Bibi Graetz,"산지오베제 (Sangiovese) 90%, 콜로리노 (Colorino) 7%, 카나이올로 (Canaiolo) 3%",13.0,16~18 ℃,"풍부한 소스의 파스타, 다양한 스타일의 육류, 양갈비 구이 등과 잘 어울린다.",1,3,4,3
102,wine,레드,"비센테 간디아 , 바론 데 발스 레드",스페인,비센테 간디아 Vicente Gandia,"모나스트렐 (Monastrell) , 보발 (Bobal) , 템프라니요 (Tempranillo)",11.0,16~18 ℃,None,1,0,4,4
103,wine,레드,"비센테 간디아, 세라믹 모나스트렐",스페인,비센테 간디아 Vicente Gandia,모나스트렐 (Monastrell),14.0,16~18 ℃,"양고기, 양갈비, 소고기, 스테이크, 갈비찜, 양념갈비, 햄버거, 다양한 치즈 등과 잘 어울린다.",1,3,4,4
104,wine,화이트,"비센테 간디아, 아벤토",스페인,비센테 간디아 Vicente Gandia,"말바시아 (Malvasia) , 모스카텔 (Moscatel)",12.0,8~10 ℃,None,2,3,2,1
105,wine,레드,"비센테 간디아, 콘운파 모나스트렐",스페인,비센테 간디아 Vicente Gandia,"모나스트렐 (Monastrell) , 쁘띠 베르도 (Petit Verdot)",13.0,16~18 ℃,None,1,3,4,4
106,wine,화이트,"비센테 간디아, 콘운파 소비뇽 블랑",스페인,비센테 간디아 Vicente Gandia,소비뇽 블랑 (Sauvignon Blanc),12.0,8~10 ℃,None,1,3,2,1
107,wine,레드,"빅탑, 올드 바인 진판델",미국,더 빅 탑 와이너리 The Big Top Winery,진판델 (Zinfandel),14.0,16~18 ℃,"소고기, 스테이크, 양갈비, 양꼬치, 건육, 갈비찜, 양념갈비, 햄버거, 피자, 다양한 치즈, 말린과일 등과 잘 어울린다.",2,2,4,2
108,wine,로제,"빅탑, 올드 바인 화이트 진판델",미국,더 빅 탑 와이너리 The Big Top Winery,진판델 (Zinfandel),11.0,14~16 ℃,None,2,2,3,2
109,wine,스파클링,"빌라 산디, 프로세코 뀌베 오리스",이탈리아,빌라 산디 Villa Sandi,프로세코 (Prosecco) 100%,11.5,6~8 ℃,아페리티프 또는 생선이나 흰색의 육류로 만들어진 모든 음식 등과 잘 어울린다.,1,3,3,1
110,wine,스파클링,"뻬레 벤뚜라, 까바 브륏 레세르바 아트 에디션 화이트",스페인,뻬레 벤뚜라 Pere Ventura,"자렐로 (Xarel.lo) 35%, 빠레야다 (Parellada) 35%, 마카베오 (Macabeo) 30%",11.5,8~10 ℃,"식전주, 야채 타르트, 시저 샐러드 브런치 등과 잘 어울린다.",2,4,3,1
111,wine,스파클링,"뻬에르 피터, 뀌베 스페셜 레 셔띠용",프랑스,뻬에르 피터 Pierre Peters,샤르도네 (Chardonnay),12.0,7~9 ℃,"관자요리, 굴(석화), 생선회, 새우요리등의 강한 양념이 없는 해물요리들과 잘 어울린다.",1,5,3,1
112,wine,레드,뽀이약 바롱 나다니엘,프랑스,바롱 필립 드 로칠드 Baron Philippe de Rothschild,"카베르네 소비뇽 (Cabernet Sauvignon) 80%, 메를로 (Merlot) 10%, 카베르네 프랑 (Cabernet Franc) 8%, 말벡 (Malbec) , 쁘띠 베르도 (Petit Verdot) 2%",12.5,17~19 ℃,"등심구이, 안심구이, 브뤼치즈, 그릴에 구운 요리, 생 양송이 버섯과 잘 어울린다.",1,4,3,3
113,wine,스파클링,"삐에르 피터, 브뤼 뀌베 리져브",프랑스,뻬에르 피터 Pierre Peters,샤르도네 (Chardonnay),12.0,7~9 ℃,"블루치즈, 견과류, 에피타이져 및 한식과도 잘 어울린다.",1,5,2,1
114,wine,레드,"산 페드로, 에피카 레드 블렌드",칠레,산 페드로 San Pedro,"카베르네 소비뇽 (Cabernet Sauvignon) 90%, 카르메네르 (Carmenere) 5%, 시라/쉬라즈 (Syrah/Shiraz) 5%",13.0,15~17 ℃,"각종 붉은 고기류 뿐만 아니라 치즈, 견과류 등이 들어간 요리들과 잘 어울리며, 특히 초콜릿과도 뛰어난 조화를 보여주는 와인이다.",1,3,3,3
115,wine,레드,"산 페드로,몰리나 레세르바 까르미네르",칠레,산 페드로 San Pedro,카르메네르 (Carmenere) 100%,14.0,16~18 ℃,"담백하게 요리한 가금류, 중국음식, 일본퓨전 음식, 스테이크, 한식요리 등과 잘 어울린다.",1,3,3,3
116,wine,레드,"산타 리타, 120 리저브 스페셜 까베르네 소비뇽",칠레,산타 리타 Santa Rita,카베르네 소비뇽 (Cabernet Sauvignon),14.0,16~18 ℃,"붉은 육류 요리, 돼지 고기, 잘 익은 치즈, 파스타 등과 잘 어울린다.",1,2,3,3
117,wine,레드,"산타 캐롤리나, 브이에스씨",칠레,산타 캐롤리나 Santa Carolina,"카베르네 소비뇽 (Cabernet Sauvignon) 50%, 메를로 (Merlot) 25%, 시라/쉬라즈 (Syrah/Shiraz) 20%, 쁘띠 베르도 (Petit Verdot) 5%",13.0,16~18 ℃,"잘 구운 양고기, 양념을 곁들인 육류, 소의 허리고기살 등과 잘 어울린다.",1,4,4,4
118,wine,스파클링,산테로 모스카토 스푸만테,이탈리아,산테로 Santero,모스카토 (Moscato ) 100%,6.5,6~8 ℃,"다크쵸콜릿, 블루치즈, 견과류, 사과파이, 딸기쨈을 곁들인 디져트 음식등과 잘 어울린다.",4,2,2,1
119,wine,화이트,"샤논 릿지, 하이 엘레베이션 샤도네이",미국,샤논 릿지 Shannon Ridge,샤르도네 (Chardonnay) 100%,13.0,10~12 ℃,"버섯요리, 샐러드, 크림파스타, 갑각류 등과 잘 어울린다.",1,4,3,1
120,wine,레드,샤또 깡뜨냑 브라운,프랑스,"샤또 깡뜨냑 브라운 Chateau Cantenac-Brown, Grand Cru Classe,3rd Cru","카베르네 소비뇽 (Cabernet Sauvignon) , 메를로 (Merlot) , 카베르네 프랑 (Cabernet Franc)",12.0,16~18 ℃,"붉은육류, 스테이크, 로스트비프, 훈제오리, 파스타, 다양한 치즈, 햄버거, 한국음식 등과 잘 어울린다.",1,4,4,4
121,wine,화이트,샤또 라 루비에르 화이트,프랑스,샤또 라 루비에르 Chateau la Louviere,"소비뇽 블랑 (Sauvignon Blanc) , 세미용 (Semillon)",13.0,10~12 ℃,"소고기류, 가금류, 블랙후추를 가진 계절음식과 잘 어울린다.",1,4,3,1
122,wine,레드,"샤또 라그랑쥬, 포므롤",프랑스,장 삐에르 무엑스 Jean Pierre Moueix,"메를로 (Merlot) 95%, 카베르네 프랑 (Cabernet Franc) 5%",13.0,16~18 ℃,"가금류 고기 구이, 치킨 그릴 구이, 버섯구이 등과 잘 어울린다.",1,4,4,4
123,wine,레드,"샤또 라바브르, 샤또 라바브르",프랑스,샤또 라바브르 Chateau Lavabre,"시라/쉬라즈 (Syrah/Shiraz) 70%, 그르나슈 (Grenache) 30%",15.0,16~17 ℃,"다양한 향신료로 오븐에 조리한 양갈비, 잘 숙성된 고다 치즈 등과 잘 어울린다.",1,3,5,4
124,wine,화이트,샤또 루피악 고디에,프랑스,샤토 루피악 고디에 Chateau Loupiac Gaudiet,"세미용 (Semillon) , 소비뇽 블랑 (Sauvignon Blanc)",13.0,10~12 ℃,"블루치즈, 고르곤졸라 피자 등과 잘 어울린다.",4,3,4,1
125,wine,레드,샤또 르 물랭,프랑스,샤또 르 물랭 Chateau Le Moulin,"메를로 (Merlot) 80%, 카베르네 프랑 (Cabernet Franc) 20%",13.0,16~18 ℃,"붉은육류, 스테이크, 로스트비프, 훈제오리, 파스타, 다양한 치즈, 햄버거, 한국음식 등과 잘 어울린다.",1,3,4,4
126,wine,레드,샤또 마조쓰,프랑스,샤또 마조쓰 Chateau Marjosse,"메를로 (Merlot) , 카베르네 소비뇽 (Cabernet Sauvignon) , 카베르네 프랑 (Cabernet Franc) , 말벡 (Malbec)",13.0,16~18 ℃,"거위간, 포크 스테이크, 에멘탈 치즈, 퐁듀, 피자 등과 잘 어울린다.",1,3,5,5
127,wine,레드,샤또 말레스까스,프랑스,샤또 말레스까스 Chateau Malescasse,"카베르네 소비뇽 (Cabernet Sauvignon) 55%, 메를로 (Merlot) 35%, 카베르네 프랑 (Cabernet Franc) 10%",14.5,16~18 ℃,"붉은육류, 스테이크, 양갈비, 바비큐, 불고기, 파스타, 다양한 치즈 등과 잘 어울린다.",1,4,4,3
128,wine,레드,샤또 벨-에어,프랑스,샤또 벨 레르 [베르쥬악] Chateau Bel Air [Bergerac],"카베르네 소비뇽 (Cabernet Sauvignon) 50%, 메를로 (Merlot) 42%, 카베르네 프랑 (Cabernet Franc) 8%",12.9,16~18 ℃,붉은 육류와 치즈 등과 잘 어울린다.,1,3,3,3
129,wine,화이트,샤또 스미스 오 라피뜨 블랑,프랑스,"샤또 스미스 오 라피뜨 Chateau Smith Haut Lafitte, Grand Cru Classé de Grave","소비뇽 블랑 (Sauvignon Blanc) , 소비뇽 그리 (Sauvignon Gris) , 세미용 (Semillon)",13.0,10~12 ℃,"크림소스의 파스타, 스파게티, 연어요리, 베이글, 치즈등과 어울린다.",1,4,3,1
130,wine,레드,샤또 오 브리옹,프랑스,"샤또 오 브리옹 Chateau Haut-Brion, 1st Grand Cru Classe","메를로 (Merlot) , 카베르네 소비뇽 (Cabernet Sauvignon) , 카베르네 프랑 (Cabernet Franc)",13.0,16~18 ℃,"붉은육류, 스테이크, 로스트비프, 훈제오리, 파스타, 다양한 치즈, 햄버거, 한국음식 등과 잘 어울린다.",1,4,5,4
131,wine,화이트,샤또 페랑 블랑,프랑스,샤또 페란 Chateau Ferran,"세미용 (Semillon) 55%, 소비뇽 블랑 (Sauvignon Blanc) 45%",13.0,8~10 ℃,"뜻한 샐러드, 그릴에 구운 생선이나 회 종류와 뛰어난 궁합을 이룬다.",1,4,3,1
132,wine,레드,샤또 퐁테 카네,프랑스,"샤또 퐁테 카네 Chateau Pontet Canet, Grand Cru Classe,5th Cru","카베르네 소비뇽 (Cabernet Sauvignon) 70%, 메를로 (Merlot) 25%, 카베르네 프랑 (Cabernet Franc) 4%, 쁘띠 베르도 (Petit Verdot) 1%",13.0,16~18 ℃,"스테이크, 양고기, 치즈, 앙트레 등과 잘 어울린다.",1,4,5,5
133,wine,스파클링,"샤를 뒤푸, 르 샴 뒤 끌로 블랑 드 블랑",프랑스,샴페인 샤를 뒤푸 Champagne Charles Dufour,피노 블랑 (Pinot Blanc) 100%,12.0,8~10 ℃,"스시, 회, 해산물, 굴, 랍스터, 게, 다양한 치즈, 샐러드, 아시아요리, 동남아요리, 과일, 디저트 등과 잘 어울린다.",1,5,2,1
134,wine,스파클링,"샤를 오르방, 뀌베 스페셜 08",프랑스,샤를 오르방 Charles Orban,"샤르도네 (Chardonnay) 50%, 피노 누아 (Pinot Noir) 40%, 피노 뮈니에 (Pinot Meunier) 10%",11.0,6~8 ℃,"스시, 회, 해산물, 굴, 랍스터, 게, 다양한 치즈, 샐러드, 아시아요리, 동남아요리, 과일, 디저트 등과 잘 어울린다.",1,4,5,1
135,wine,레드,샤토 말르당 보르도 수페리에,프랑스,비뇨블 브뤼노 Vignobles Brunot,"메를로 (Merlot) , 카베르네 프랑 (Cabernet Franc)",13.0,16~18 ℃,붉은 육류와 잘 어울리는 스타일로 앙트르-꼬뜨(꽃등심) 등 구운 고기등과 잘 어울린다.,1,3,4,4
136,wine,레드,"샤플렛, 시그네처 까베르네 소비뇽",미국,샤플렛 Chappellet,"카베르네 소비뇽 (Cabernet Sauvignon) 79%, 쁘띠 베르도 (Petit Verdot) 4%, 메를로 (Merlot) 13%, 카베르네 프랑 (Cabernet Franc) 4%",14.0,16~18 ℃,"구운 오리 가슴살 요리, 스테이크, 양고기, 바비큐요리, 숙성된 치즈등과 잘 어울린다.",1,3,5,4
137,wine,스파클링,샹파뉴 살롱 S,프랑스,샴페인 살롱 Champagne Salon,샤르도네 (Chardonnay) 100%,12.0,6~8 ℃,"랍스터 비스크 수프나 크림소스에 요리한 닭고기, 관자 카르파치오, 트러플 리조또, 버섯과 함께 조리한 송아지고기, 담백하게 요리한 농어 등 섬세한 요리와 잘 어울린다. 클래식한 매칭으로는 캐비어나 이베리코 햄, 숙성한 체다 등의 안주와 곁들이면 좋다.",1,4,4,1
138,wine,레드,세냐,칠레,비냐 세냐 Vina Sena,"카베르네 소비뇽 (Cabernet Sauvignon) , 카르메네르 (Carmenere) , 메를로 (Merlot) , 말벡 (Malbec) , 쁘띠 베르도 (Petit Verdot) , 카베르네 프랑 (Cabernet Franc)",13.0,16~18 ℃,"소고기, 양고기, 치즈 등과 잘 어울린다.",1,4,4,5
139,wine,레드,"세인트 프란시스, 올드 바인 진판델",미국,세인트 프란시스 Saint Francis,"진판델 (Zinfandel) , 쁘띠 시라 (Petite Sirah) , 기타 품종 (Other Grapes)",15.0,16~18 ℃,"양갈비, 양고기, 스테이크, 스튜, 치즈, 살라미, 견과류, 말린과일 과 잘 어울린다.",1,3,4,4
140,wine,레드,솔라이아,이탈리아,마르께시 안티노리 Marchesi Antinori,"카베르네 소비뇽 (Cabernet Sauvignon) , 카베르네 프랑 (Cabernet Franc) , 산지오베제 (Sangiovese)",13.5,16~18 ℃,"안심, 등심 스테이크 등 부드러운 육류 요리 및 치즈 등과 잘 어울린다.",1,4,5,4
141,wine,레드,쉬발리에 드 바야르,프랑스,GCF 그룹 GCF Group,블렌드 (Blend ),13.0,16~18 ℃,치즈와 더불어 간단하게 내놓을 때에는 순하고 지방이 많은 치즈를 골라야 좋습니다.,2,3,3,3
142,wine,화이트,"슐로스 고벨스버그, 리슬링 가이스버그",오스트리아,슐로스 고벨스버그 Schloss Gobelsburg,리슬링 (Riesling) 100%,13.5,10~12 ℃,"식전 주로서 아주 훌륭하고, 에피타이저, 수프, 야채, 생선초밥, 블루치즈 등과 잘 어울린다.",1,5,2,1
143,wine,화이트,"슐로스 폴라즈, 괴테 스페셜 에디션",독일,슐로스 폴라즈 Schloss Vollrads [Weingut Schloss Vollrads],리슬링 (Riesling) 100%,12.0,8~10 ℃,"샐러드, 그릴 요리와 잘 어울린다.",1,5,3,1
144,wine,화이트,"슐로스 폴라즈, 에디션",독일,슐로스 폴라즈 Schloss Vollrads [Weingut Schloss Vollrads],리슬링 (Riesling) 100%,12.0,9~11 ℃,"식전 주로서 아주 훌륭하고, 에피타이저, 수프, 야채, 생선초밥, 블루치즈 등과 잘 어울린다.",2,5,3,1
145,wine,레드,스택 와인즈 스톰호크 까베르네 소비뇽,남아프리카,스택 와인즈 Stack Wines,카베르네 소비뇽 (Cabernet Sauvignon),12.5,16~18 ℃,"와인. 불고기, 삼겹살 등과 잘 어울린다.",3,4,3,4
146,wine,화이트,"스템베르거, 로비니아 '오렌지 와인'",슬로베니아,스템베르거 Stemberger,"라스키 리슬링 (Laski Rizling) , 레불라 (Rebula)",13.0,10~12 ℃,"훈제오리, 오리로스, 치킨, 훈제연어, 장어구이, 해산물, 숙성 치즈, 피자, 파스타, 탕수육 등과 잘 어울린다.",1,3,3,1
147,wine,화이트,"실레니, 셀라 셀렉션 소비뇽 블랑",뉴질랜드,실레니 Sileni Estate,소비뇽 블랑 (Sauvignon Blanc) 100%,13.0,8~10 ℃,"어떤 음식들과도 매칭 하기 편한 스타일이며 해산물 요리, 그릴드 피쉬, 태국식 커리나 소프트 치즈와 잘 어울린다.",1,4,2,1
148,wine,레드,아나케나 오나 피노 누아,칠레,아나케나 Anakena,피노 누아 (Pinot Noir) 100%,13.5,15~16 ℃,"돼지갈비, 갈비찜, 로스트 안심과 등심, 진한 소스의 육류, 오래된 숙성 치즈 등과 잘 어울린다.",1,4,3,2
149,wine,레드,"아레스티, 에스테이트 셀렉션 까베르네 쇼비뇽",칠레,비냐 아레스티 Vina Aresti,카베르네 소비뇽 (Cabernet Sauvignon),14.5,16~18 ℃,"양고기, 스테이크 등 모든 육류요리와 페투치니, 라자냐 등의 파스타, 까망베르 치즈와 잘 어울린다.",1,4,4,4
150,wine,레드,아르테비노 이자디 엘 레갈로 리제르바,스페인,아르테비노 Artevino,"템프라니요 (Tempranillo) 90%, 가르나차 (Garnacha) , 그라시아노 (Graciano) , 마주엘로 (Mazuelo) 10%",14.1,16~18 ℃,"붉은육류, 불고기, 갈비찜, 양갈비, 치킨, 순대, 햄버거, 피자, 한국음식 등과 잘 어울린다.",1,3,4,3
151,wine,화이트,"아리에타, 온 더 화이트 키즈",미국,아리에타 Arietta,"소비뇽 블랑 (Sauvignon Blanc) 84%, 세미용 (Semillon) 16%",14.9,10~11 ℃,"허브로 마리네이드 한 로스트 치킨, 랍스터 회, 쉬림프 칵테일등과 잘 어울린다.",1,3,3,1
152,wine,스파클링,"아바찌아, 돌체볼로 레드",이탈리아,아바찌아 Abbazia,브라케토 (Brachetto) 100%,6.0,10~12 ℃,"디저트, 과일샐러드가 잘 어울린다.",4,2,2,1
153,wine,레드,"알바로 팔라시오스, 레르미타",스페인,보데가 팔라시오스 레몬도 Bodega Palacios Remondo,"가르나차 (Garnacha) 85%, 카베르네 소비뇽 (Cabernet Sauvignon) 5%, 까리네나 (Carinena) 5%",14.0,16~18 ℃,"불에 구운 붉은 고기류와 양생류 요리, 소스가 약간 가미된 요리, 숙성이 된 치즈 등과 잘 어울린다.",1,3,5,4
154,wine,스파클링,"앙리 아벨레, 스와레 파리지엥",프랑스,앙리 아벨레 Henri Abele,"샤르도네 (Chardonnay) 60%, 피노 뮈니에 (Pinot Meunier) 20%, 피노 누아 (Pinot Noir) 20%",13.0,9~11 ℃,"레몬그라스와 함께 데친 새우요리. 야생 크랜베리를 곁들인 사슴 카르파치오, 밀라노 스타일의 송아지 요리, 치킨 샐러드와 완벽환 조화를 이룬다.",1,5,2,1
155,wine,레드,에스 쿠이코 오크드 카버네 소비뇽,칠레,에체베리아 Echeverria,카베르네 소비뇽 (Cabernet Sauvignon),13.0,16~18 ℃,"토마토 파스타, 하드 치즈 등과 잘 어울린다.",1,4,4,3
156,wine,레드,"엘 비에호 델 발레, 피노누아",칠레,엘 비에호 델 발레 El Viejo del Valle,피노 누아 (Pinot Noir),12.0,14~16 ℃,"로스트비프, 바비큐, 훈제오리, 닭고기, 참치, 훈제연어, 수육, 편육, 송이버섯, 다양한 치즈, 콩테, 크림파스타 등과 잘 어울린다.",1,4,3,2
157,wine,화이트,"오 봉 클리마, 샤도네이",미국,오 봉 클리마 Au Bon Climat,샤르도네 (Chardonnay) 100%,13.0,12~14 ℃,"다양한 파스타와 해산물 요리, 닭고기 샐러드 등과 잘 어울린다.",1,3,4,1
158,wine,레드,"오 봉 클리마, 피노 누아 녹스 알렉산더",미국,오 봉 클리마 Au Bon Climat,피노 누아 (Pinot Noir) 100%,13.5,16-18 ℃,"붉은육류, 로스트비프, 오리고기, 닭고기, 연어, 참치, 버섯, 다양한 치즈, 파스타와 잘 어울린다.",1,4,4,3
159,wine,레드,올리비에 번스타인 즈브레 샹베르땅,프랑스,올리비에 번스타인 Olivier Bernstein,피노 누아 (Pinot Noir) 100%,12.0,15~17 ℃,스테이크,1,5,3,3
160,wine,화이트,"와비사비, 726 바인스 바하우",오스트리아,와비사비 Wabi Sabi,"그뤼너 벨트리너 (Gruner Veltliner) , 리슬링 (Riesling)",11.0,8~10 ℃,"담백한 생선요리, 구운 야채, 아스파라거스 요리 등과 잘 어울린다.",1,3,3,1
161,wine,화이트,"우바 농 그라타, 그로 망상",프랑스,우바 농 그라타 Uva Non Grata,그로 만생 (Gros Manseng),12.0,8~10 ℃,None,1,4,2,1
162,wine,레드,"월즈 엔드, 이프 식스 워즈 나인",미국,월즈 엔드 와이너리 World's End Winery,"카베르네 소비뇽 (Cabernet Sauvignon) , 메를로 (Merlot)",14.5,16~18 ℃,"붉은 육류, 스테이크, 갈비찜, 불고기, 양갈비, 버섯, 숙성치즈와 잘 어울린다.",1,3,4,5
163,wine,로제,"이모스, 로제",미국,이모스 Emos,산지오베제 (Sangiovese),13.0,8~10 ℃,"오븐에 구운 칠면조, 토마토, 아보카도를 넣은 클럽 샌드위치와 잘 어울린다.",2,3,2,1
164,wine,화이트,"이모스, 머스캣 레이트 하비스트",미국,이모스 Emos,뮈스까 까넬리 (Muscat Canelli),10.0,6~8 ℃,"과일 타르트, 특히 꿀과 살구로 향을 입힌 타르트와 잘 어울린다.",4,2,3,1
165,wine,화이트,"이모스, 소비뇽 블랑",미국,이모스 Emos,소비뇽 블랑 (Sauvignon Blanc),14.0,10~12 ℃,"참치, 앤초비가 들어간 신선한 샐러드와 잘 어울린다.",1,3,2,1
166,wine,레드,"이모스, 카베르네 소비뇽",미국,이모스 Emos,카베르네 소비뇽 (Cabernet Sauvignon),13.0,14~16 ℃,"스테이크, 그릴요리, 갈비와 잘 어울린다..",1,2,3,3
167,wine,레드,"이모스, 트리올레",미국,이모스 Emos,"산지오베제 (Sangiovese) , 카베르네 프랑 (Cabernet Franc) , 메를로 (Merlot)",14.0,16~18 ℃,"치즈, 토마토소스가 곁들여진 피자, 파스타와 잘 어울린다.",1,3,2,2
168,wine,레드,쟝테 팡시오 부르고뉴 피노 핀,프랑스,쟝테 팡시오 Geantet-Pansiot,피노 누아 (Pinot Noir) 100%,13.0,15~17 ℃,"비프 스테이크, 양고기 바베큐, 약간 강한 양념으로 조리된 육류, 파스타, 라자냐, 햄 등과 잘 어울린다.",1,5,3,2
169,wine,레드,제나토 발폴리첼라 수페리오레,이탈리아,제나토 아지엔다 비티비니콜라 SRL Zenato Azienda Vitivinicola SRL,"코르비나 베로네제 (Corvina Veronese) 80%, 론디넬라 (Rondinella) 10%, 산지오베제 (Sangiovese) 10%",13.5,16~18 ℃,"비프 스테이크, 양고기 바베큐, 약간 강한 양념으로 조리된 육류, 파스타, 라자냐, 햄 등과 잘 어울린다.",1,4,3,2
170,wine,화이트,"제라르 베르트랑, 시갈뤼스 블랑",프랑스,제라르 베르트랑 Gerard Bertrand,"샤르도네 (Chardonnay) 70%, 비오니에 (Viognier) 20%, 소비뇽 블랑 (Sauvignon Blanc) 10%",14.0,10~12 ℃,"소스를 곁들인 관자나 튀긴 생선요리, 레몬, 버터로 구운 대구, 케이퍼, 클램차우더, 레몬과 타임이 곁들여진 로스티드 치킨 등과 잘 어울린다.",1,4,4,1
171,wine,스파클링,"줄 라쌀, 프르미에 크뤼 브뤼",프랑스,줄 라쌀 Jules Lassalle,샤르도네 (Chardonnay),12.0,7~9 ℃,"상큼한 소스의 샐러드, 과일, 새우요리등의 강한 양념이 없는 해물요리들과 잘 어울린다.",1,5,2,1
172,wine,화이트,지아콘디 트레비아노,이탈리아,몬도 델 비노 MGM Mondo del Vino,트레비아노 (Trebbiano) 100%,12.0,8~10 ℃,"야채 오믈렛, 다양한 해산물요리, 생선회, 스시 등과 잘 어울린다.",1,3,2,1
173,wine,스파클링,"찰스 하이직, 로제 리저브",프랑스,찰스 하이직 Charles Heidsieck,"피노 누아 (Pinot Noir) 44%, 샤르도네 (Chardonnay) 38%, 피노 뮈니에 (Pinot Meunier) 18%",12.0,7~9 ℃,"샐러드, 씨푸드, 치즈 등과 잘 어울린다.",1,4,3,1
174,wine,레드,"카네타 자파타, 안젤리카 자파타 말벡",아르헨티나,까테나 자파타 Catena Zapata,말벡 (Malbec) 100%,14.0,16~18 ℃,"그릴에 구운 육류, 양고기 로스트, 램챱 등 다양한 육류요리, 숙성한 치즈와 곁들이면 잘 어울린다.",1,4,4,5
175,wine,레드,"카르멘, 그란 리제르바 까르메네르",칠레,비냐 카르멘 Vina Carmen,카르메네르 (Carmenere),14.0,16~18 ℃,"필렛 미뇽, 로스트 립, 로스트 오리구이, 미트볼, 케밥, 치즈 혹은 크림소스 파스타, 파마산 체다 치즈 등과 잘 어울린다.",1,4,3,3
176,wine,레드,"카사 도노소, 석세서 레드",칠레,카사 도노소 와이너리 Casa Donoso Winery,"카르메네르 (Carmenere) , 말벡 (Malbec)",13.0,16~18 ℃,None,1,3,3,3
177,wine,레드,"카사 도노소, 석세서 블루",칠레,카사 도노소 와이너리 Casa Donoso Winery,"까리냥 (Carignan/Carignane) , 카베르네 소비뇽 (Cabernet Sauvignon) , 카베르네 프랑 (Cabernet Franc)",13.0,16~18 ℃,"로스트비프, 불고기, 바비큐, 찜닭, 수육, 피자, 파스타, 햄버거, 동파육, 다양한 치즈 등과 잘 어울린다.",1,3,3,0
178,wine,레드,"카스텔로 디 아마, 키안티 클라시코",이탈리아,카스텔로 디 아마 [까스텔로 디 아마] Castello di Ama,"산지오베제 (Sangiovese) 80%, 말바시아 네라 (Malvasia nera) , 메를로 (Merlot) 20%",13.0,16~18 ℃,"비프 스테이크, 파스타, 아시안 요리, 치즈와 잘 어울린다.",1,4,4,3
179,wine,레드,"카판넬레, 50 & 50",이탈리아,까판넬레 Capannelle,"산지오베제 (Sangiovese) 50%, 메를로 (Merlot) 50%",13.0,16~18 ℃,"갈비, 등심, 구운 닭요리, 강한 맛의 치즈 등과 잘 어울린다.",1,4,4,4
180,wine,스파클링,"칸티나 꼴리 에오가네이, 모스카토 스푸만테 돌체",이탈리아,칸티나 콜리 에우가네이 Cantina Colli Euganei,모스카토 (Moscato ) 100%,6.0,6~8 ℃,"케익, 패스트리 등과 잘 어울린다.",4,1,2,1
181,wine,레드,"칼디롤라, 아만떼",이탈리아,칼디롤라 Caldirola,"산지오베제 (Sangiovese) , 기타 품종 (Other Grapes)",10.0,12~14 ℃,"생크림 케이크, 과일 등과 잘 어울린다.",4,2,3,2
182,wine,레드,"칼리테라, 에디시옹 리미타다 A",칠레,칼리테라 Caliterra,"카르메네르 (Carmenere) 48%, 말벡 (Malbec) 52%",14.0,16~18 ℃,"돼지고기,스테이크, 모든 육류등과 잘 조화를 이룬다.",1,3,5,4
183,wine,레드,"케이머스, 스페셜 셀렉션 카버네 소비뇽",미국,케이머스 빈야드 Caymus Vineyards,카베르네 소비뇽 (Cabernet Sauvignon) 100%,15.2,16~18 ℃,"비프 스테이크, 진한 풍미의 붉은 육류 요리, 난자완스 등과 잘 어울린다.",1,3,5,5
184,wine,레드,"코노 수르, 싱글 빈야드 메를로",칠레,코노 수르 Cono Sur,메를로 (Merlot) 100%,13.9,16~18 ℃,모든 육류와 잘 어울린다.,1,3,3,4
185,wine,레드,"코퍼 케인, 퀼트 나파 밸리 카베르네 소비뇽",미국,코퍼 케인 Copper Cane,카베르네 소비뇽 (Cabernet Sauvignon) 100%,14.0,15~17 ℃,"붉은육류, 스테이크, 양갈비, 바비큐, 불고기, 파스타, 다양한 치즈, 햄버거, 한국음식 등과 잘 어울린다.",1,4,5,4
186,wine,화이트,"크레스만, 그랑 리저브 소테른",프랑스,크레스만 Kressmann -C.V.B.G,"세미용 (Semillon) 95%, 뮈스까델 (Muscadelle) 4%, 소비뇽 블랑 (Sauvignon Blanc) 1%",13.0,10~12 ℃,"달콤함 과일계열 디저트, 말린 무화과, 블루 치즈 등과 잘 어울린다.",5,3,4,1
187,wine,화이트,클라우디 베이 샤도네이,뉴질랜드,클라우디 베이 Cloudy Bay,샤르도네 (Chardonnay) 100%,13.5,10~12 ℃,"훈제 연어, 농어, 광어, 회, 스시, 해산물, 샐러드, 야채, 동남아요리, 아시아요리 등과 잘 어울린다.",1,3,3,1
188,wine,로제,"킬리빙빙, 스윗 립스",호주,킬리빙빙 Killibinbin,시라/쉬라즈 (Syrah/Shiraz),11.0,8~10 ℃,"연어, 참치, 해산물, 새우, 다양한 치즈, 건육, 살라미, 프로슈토, 파스타 등과 잘 어울린다.",2,3,2,1
189,wine,로제,"킬리빙빙, 스윗 립스",호주,킬리빙빙 Killibinbin,시라/쉬라즈 (Syrah/Shiraz),11.0,10~12 ℃,"베이컨, 해산물, 샐러드, 순대, 떡볶이, 아시아요리, 동남아요리 등과 잘 어울린다.",3,2,1,2
190,wine,화이트,"킬리빙빙, 스윗 하트",호주,킬리빙빙 Killibinbin,샤르도네 (Chardonnay),13.0,8~10 ℃,디저트와 잘 어울린다.,4,3,2,1
191,wine,레드,"킬리빙빙, 시크릿",호주,킬리빙빙 Killibinbin,"카베르네 소비뇽 (Cabernet Sauvignon) 62%, 시라/쉬라즈 (Syrah/Shiraz) 32%, 말벡 (Malbec) 5%",14.0,15~17 ℃,"붉은육류, 스테이크, 양갈비, 바비큐, 불고기, 파스타, 다양한 치즈, 햄버거, 한국음식 등과 잘 어울린다.",2,4,4,4
192,wine,레드,"타라파카, 레세르바 까베르네 소비뇽",칠레,비냐 산 페드로 타라파카 Viña San Pedro Tarapaca,"카베르네 소비뇽 (Cabernet Sauvignon) 85%, 시라/쉬라즈 (Syrah/Shiraz) 15%",13.0,16~18 ℃,"붉은 육류 요리, 미트 파스타 등과 잘 어울린다.",1,3,4,4
193,wine,레드,타임리스 나파 밸리,미국,실버 오크 Silver Oak Winery,카베르네 소비뇽 (Cabernet Sauvignon),14.5,17~19 ℃,"스테이크, 볼로네제 파스타, 소고기, 양고기 요리 등과 잘 어울린다.",1,3,5,5
194,wine,레드,"탈레, 몬테풀치아노 다브루쪼",이탈리아,까잘 타울레로 Casal Thaulero,몬테풀치아노 (Montepulciano) 100%,14.0,16~18 ℃,"모든 그릴을 이용한 육류 요리, 차가운 육류 요리, 강한 치즈 등과 잘 어울린다.",1,3,4,3
195,wine,레드,"테누떼 로세띠, 띠노 로쏘 토스카나",이탈리아,판티니 그룹 Fantini Group,"산지오베제 (Sangiovese) , 메를로 (Merlot) , 카베르네 소비뇽 (Cabernet Sauvignon)",13.0,16~18 ℃,"양갈비, 구운 사냥 고기 등의 붉은 육류, 숙성된 치즈 등과 잘 어울린다.",1,4,5,4
196,wine,레드,"테누떼 로세띠, 포지오 치베타 고베르노 알루소 토스카노",이탈리아,판티니 그룹 Fantini Group,"산지오베제 (Sangiovese) 70%, 메를로 (Merlot) 20%, 시라/쉬라즈 (Syrah/Shiraz) 5%, 카베르네 소비뇽 (Cabernet Sauvignon) 5%",13.0,16~18 ℃,"소고기 등의 붉은 육류, 야생 사냥고기, 숙성된 치즈, 크림 파스타 등과 잘 어울린다.",1,3,4,4
197,wine,레드,"테누떼 로세띠, 포지오 치베타 끼안티 클라시코",이탈리아,판티니 그룹 Fantini Group,"산지오베제 (Sangiovese) 90%, 카베르네 소비뇽 (Cabernet Sauvignon) 5%, 카나이올로 (Canaiolo) 5%",13.0,16~18 ℃,"그릴에 조리한 스테이크, 치즈 등과 잘 어울린다.",1,3,4,3
198,wine,레드,"테레다비노, '파에시 뚜오이' 바롤로",이탈리아,테레다비노 Terredavino,네비올로 (Nebbiolo) 100%,14.0,16~18 ℃,"로스트 비프, 구운 양고기, 닭이나 오리등 모든 육류와 잘 어울린다.",1,4,3,4
199,wine,레드,"텍스트북, 미장 플라스 오크빌",미국,텍스트북 Textbook,"카베르네 소비뇽 (Cabernet Sauvignon) 89%, 카베르네 프랑 (Cabernet Franc) 11%",13.0,16~18 ℃,"붉은 육류, 스테이크, 갈비찜, 불고기, 양갈비, 버섯, 숙성치즈, 한국음식 과 잘 어울린다.",1,4,4,5
200,wine,레드,"텍스트북, 팡 드 주네 메를로",미국,텍스트북 Textbook,메를로 (Merlot),13.0,16~18 ℃,"붉은육류, 스테이크, 로스트비프, 훈제오리, 파스타, 다양한 치즈, 햄버거, 한국음식 등과 잘 어울린다.",1,4,5,4
201,wine,레드,"투핸즈, 지피스 블록",호주,투 핸즈 와인즈 Two Hands Wines,시라/쉬라즈 (Syrah/Shiraz),13.0,17~19 ℃,"그릴에 구운 야채, 티본 스테이크, 안심 스테이크, 양고기, 고다 치즈, 피자 등과 잘 어울린다.",1,3,4,5
202,wine,레드,"트레드 소프틀리, 그르나쉬",호주,트레드 소프틀리 Tread Softly,그르나슈 (Grenache),10.0,16~18 ℃,None,1,3,3,3
203,wine,로제,"트레드 소프틀리, 로제",호주,트레드 소프틀리 Tread Softly,"시라/쉬라즈 (Syrah/Shiraz) , 그르나슈 (Grenache) , 카베르네 소비뇽 (Cabernet Sauvignon)",11.0,10~12 ℃,"베이컨, 생선회, 해산물, 샐러드, 순대, 떡볶이, 아시아요리, 동남아요리 등과 잘 어울린다.",1,3,3,2
204,wine,스파클링,"트레드 소프틀리, 프로세코",호주,트레드 소프틀리 Tread Softly,블렌드 (Blend ),10.0,6~8 ℃,"식전주, 건육, 프로슈토, 샐러드, 과일, 동남아요리, 아시아요리 등과 잘 어울린다.",2,3,2,1
205,wine,레드,"트루차드 빈야드, 카네로스 멜롯",미국,트루차드 빈야드 Truchard Vineyards,"메를로 (Merlot) 75%, 카베르네 프랑 (Cabernet Franc) 25%",14.0,16~18 ℃,"육류, 파스타 등과 잘 어울린다.",1,3,4,3
206,wine,레드,"트리벤토, 골든 리저브 시라",아르헨티나,트리벤토 Trivento Bodegas y Vinedos,시라/쉬라즈 (Syrah/Shiraz) 100%,13.5,16~18 ℃,삶은 살코기 요리와 계절 채소와 완벽한 조화를 이룬다.,1,4,5,4
207,wine,화이트,"트림바크, 게뷔르츠트라미너",프랑스,트림바크 Trimbach,게뷔르츠트라미너 (Gewurztraminer) 100%,13.5,8~10 ℃,"퓨젼 음식이나 양념이 강하지 않은 한국 음식, 까망베르치즈 등과 잘 어울린다.",1,3,3,1
208,wine,레드,"파비아, 카보네",미국,파비아 Favia Erickson Winegrowers,"카베르네 소비뇽 (Cabernet Sauvignon) 75%, 카베르네 프랑 (Cabernet Franc) 24%, 쁘띠 베르도 (Petit Verdot) 1%",14.8,15~17 ℃,"붉은 육류, 스테이크, 갈비찜, 불고기, 양갈비, 한국음식 과 잘 어울린다.",1,3,4,4
209,wine,스파클링,"파스칼 도께, 꾀르 드 떼루아 프르미에 크뤼 베르투스",프랑스,파스칼 도께 Pascal Doquet,"샤르도네 (Chardonnay) 75%, 피노 누아 (Pinot Noir) 25%",13.0,6~8 ℃,"스시, 회, 해산물, 굴, 랍스터, 게, 다양한 치즈, 샐러드, 아시아요리, 동남아요리, 과일, 디저트 등과 잘 어울린다.",1,5,4,1
210,wine,화이트,"파올로 사라꼬, 모스카토 다스티",이탈리아,파올로 사라꼬 Paolo Saracco,모스카토 (Moscato ),13.0,6~8 ℃,"샐러드, 크림치즈, 리코타, 말린과일, 초콜릿, 스낵 등 디저트와 잘 어울린다.",4,2,2,1
211,wine,스파클링,파이니스트 빈티지 그랑 크뤼 샴페인,프랑스,테스코 파이니스트 Tesco Finest,샤르도네 (Chardonnay) 100%,13.0,6~8 ℃,훈제 생선이나 해산물 요리와 잘 어울린다.,1,4,4,1
212,wine,스파클링,"파이퍼 하이직, 빈티지 브뤼",프랑스,파이퍼 하이직 Piper Heidsieck,"샤르도네 (Chardonnay) , 피노 누아 (Pinot Noir)",12.0,6~8 ℃,"스시, 회, 해산물, 굴, 랍스터, 게, 다양한 치즈, 샐러드, 아시아요리, 동남아요리, 과일, 디저트 등과 잘 어울린다.",1,4,3,1
213,wine,레드,판티니 돈 까밀로,이탈리아,판티니 그룹 Fantini Group,"산지오베제 (Sangiovese) 85%, 카베르네 소비뇽 (Cabernet Sauvignon) 15%",13.5,16~18 ℃,"로즈마리, 세이지등의 허브를 곁들인 양갈비 구이등의 육류와 잘 어울립니다.",1,3,5,4
214,wine,화이트,"판티니, 피노 그리지오",이탈리아,판티니 그룹 Fantini Group,피노 그리지오 (Pinot Grigio),12.0,10~12 ℃,"진한 풍미의 전채요리, 흰색 육류, 치즈, 특히 생선 스프나 구운 생선 등과 잘 어울린다.",1,3,2,1
215,wine,레드,"패러다임, 카베르네 소비뇽 나파 밸리",미국,패러다임 Paradigm,"카베르네 소비뇽 (Cabernet Sauvignon) , 메를로 (Merlot) , 쁘띠 베르도 (Petit Verdot) , 카베르네 프랑 (Cabernet Franc)",14.0,14~16 ℃,"스테이크, 바베큐, 숙성된 치즈 등과 잘 어울린다.",1,3,5,4
216,wine,화이트,"팬마라, 골든 그레이스",호주,팬마라 와인즈 Penmara wines,"세미용 (Semillon) , 베르데호 (Verdejo)",11.5,6~8 ℃,디저트류와 잘어울리고 특히 레몬 타르트나 라임 타르트와 같이 시트러스가 들어간 디저트 들과 잘 어울린다.,4,1,4,1
217,wine,레드,"페렐라다, TG 달리 에디션 레세르바",스페인,페렐라다 Perelada [Castillo de Perelada],"메를로 (Merlot) 40%, 카베르네 소비뇽 (Cabernet Sauvignon) 30%, 템프라니요 (Tempranillo) 20%, 삼소 (Samso) 10%",14.0,16~18 ℃,"와인자체만으로도 훌륭한 풍미와 질감을 가져다 준다. 부드러운 치즈, 고급 스테이크등과 함께하면 좋다.",1,4,5,4
218,wine,화이트,"펠릭스 솔리스, 아날리비아",스페인,펠리스 솔리스 Felix Solis,소비뇽 블랑 (Sauvignon Blanc) 100%,13.0,8~10 ℃,"생선 요리, 해산물, 샐러드,염소 치즈와 잘 어울린다.",1,4,1,1
219,wine,화이트,"폰타나프레다, 몬쿠코 모스카토 다스티",이탈리아,폰타나프레다 Fontanafredda,모스카토 (Moscato ),5.0,6~8 ℃,"디저트, 쿠키, 케익, 패스트리 등과 잘 어울린다.",4,2,2,1
220,wine,레드,"폰타나프레다, 바롤로 세라룽가 달바",이탈리아,폰타나프레다 Fontanafredda,네비올로 (Nebbiolo) 100%,13.0,17~20 ℃,"붉은 육류, 잘 숙성된 치즈, 에담치즈와 쇠고기, 파스타류, 버섯요리 등과 어울린다.",1,3,4,4
221,wine,레드,"폰타나프레다, 바르바레스코 코스테 루빈",이탈리아,폰타나프레다 Fontanafredda,네비올로 (Nebbiolo) 100%,13.0,16~18 ℃,"붉은 육류 요리, 잘 숙성된 치즈 등과 잘 어울린다.",1,3,3,4
222,wine,레드,"폰토디, 플라치아넬로 델라 피에베",이탈리아,폰토디 Fontodi,산지오베제 (Sangiovese) 100%,15.0,16~18 ℃,"토마토소스 파스타나 피자, 토스카나식 스테이크 '비스테카 피오렌티나'",1,4,5,4
223,wine,레드,"폴 자불레 애네, 에르미타주 '라 샤펠'",프랑스,폴 자불레 애네 Paul Jaboulet Aine,시라/쉬라즈 (Syrah/Shiraz) 100%,14.0,16~18 ℃,"모든 구운 육류, 양고기, 오리고기 등과 잘 어울린다.",1,3,5,5
224,wine,화이트,"프란자스, 게뷔르츠트라미너 아로마티코",이탈리아,프란자스 Franz-Haas,게뷔르츠트라미너 (Gewurztraminer) 100%,14.0,10~12 ℃,"버터에 살짝 튀긴 생선, 흰 육류, 야채/버섯이 들어간 리조또와 잘 어울린다.",2,3,3,1
225,wine,레드,"프랑수아 프이예, 모레 생 드니 1er 크뤼 클로 소르베",프랑스,도멘 프랑수아 프이예 Domain Francois Feuillet,피노 누아 (Pinot Noir) 100%,13.0,13~15 ℃,"로스트비프, 오리고기, 닭고기, 연어, 참치, 송이버섯, 구운 아스파라거스, 콩테, 다양한 치즈와 잘 어울린다.",1,4,3,3
226,wine,레드,"프레스코발디, 니포짜노 키안티 루피나 리제르바",이탈리아,프레스코발디 Frescobaldi,"산지오베제 (Sangiovese) 90%, 기타 품종 (Other Grapes) 10%",13.0,16~18 ℃,"가금류 요리, 후라이드 치킨 등과 잘 어울린다.",1,3,3,4
227,wine,스파클링,"프레시넷, 프로세코",이탈리아,프레시넷 Freixenet,글레라 (Glera),11.0,6~8 ℃,"샐러드, 부드러운 치즈, 단단한 치즈, 디저트, 과일, 밀가루 음식 등과 잘 어울린다.",1,5,2,1
228,wine,레드,"프레이 브라더스, 멜롯",미국,프레이 브라더스 Frei Brothers,메를로 (Merlot),14.0,16~18 ℃,"스테이크, 불고기, 닭고기 등의 육류요리와 잘 어울린다.",1,3,4,3
229,wine,화이트,"프렌치 비치스, 콜린 다무르",프랑스,프렌치 비치스 French Beaches,"그로 만생 (Gros Manseng) 45%, 쁘띠 만생 (Petit Manseng) 20%, 우니 블랑 (Ugni Blanc) 20%, 콜롱바르 (Colombard) 15%",13.0,14~16 ℃,"허브를 곁들인 타파스, 커리, 그라탕, 카야잼 토스트 등과 잘 어울린다.",3,2,2,1
230,wine,레드,프리스트 랜치 코치건,미국,프리스트 랜치 와이너리 Priest Ranch Winery,"카베르네 소비뇽 (Cabernet Sauvignon) 75%, 메를로 (Merlot) 12.5%, 쁘띠 베르도 (Petit Verdot) 12.5%",15.5,16~18 ℃,"붉은육류, 스테이크, 양갈비, 바비큐, 불고기, 파스타, 다양한 치즈, 햄버거, 한국음식 등과 잘 어울린다.",1,3,5,4
231,wine,로제,"핀카 바카라, 로제",스페인,핀카 바카라 Finca Bacara,가르나차 (Garnacha),12.5,10~12 ℃,"흰 살 생선 구이, 수비드한 돼지고기 요리, 소시지 요리 등과 잘 어울린다.",1,3,2,1
232,wine,레드,"핑카 펠라, 깔라 레이 템프라니요 시라",스페인,판티니 그룹 Fantini Group,"템프라니요 (Tempranillo) 80%, 시라/쉬라즈 (Syrah/Shiraz) 20%",14.0,16~18 ℃,"구운 고기, 치즈 등과 잘 어울린다.",1,3,3,3
233,wine,레드,"핑카 펠라, 엘 마소",스페인,판티니 그룹 Fantini Group,가르나차 틴토레라 (Garnacha Tintorera) 100%,15.5,16~18 ℃,"첫번째 코스 요리, 붉은 육류로 조리한 요리 등과 잘 어울린다.",1,3,4,4
234,wine,레드,하디스 빈 619 카베르네 소비뇽,호주,하디스 Hardy's,카베르네 소비뇽 (Cabernet Sauvignon) 100%,13.0,16~18 ℃,"갈비구이, 삼겹살, 만두, 햄 등과 잘 어울린다.",1,4,3,3
235,wine,레드,"하디스, 노타지 힐 까베르네 쉬라즈",호주,하디스 Hardy's,"카베르네 소비뇽 (Cabernet Sauvignon) , 시라/쉬라즈 (Syrah/Shiraz)",13.5,16~18 ℃,"양념 오리 요리, 매콤한 양고기 요리와 잘 어울린다.",1,3,3,3
236,wine,화이트,"하디스, 브이알 샤르도네",호주,하디스 Hardy's,샤르도네 (Chardonnay) 100%,13.0,10~12 ℃,"바비큐, 훈제오리, 오리로스, 치킨, 훈제연어, 장어구이, 참치, 새우, 해산물, 숙성 치즈, 피자, 파스타, 탕수육 등과 잘 어울린다.",1,2,3,1
237,wine,레드,"하디스, 브이알 쉬라즈",호주,하디스 Hardy's,시라/쉬라즈 (Syrah/Shiraz) 100%,13.5,16~18 ℃,"스테이크, 로스트비프, 양갈비, 바비큐, 불고기, 양념갈비, 파스타, 다양한 치즈, 한국음식 등과 잘 어울린다.",1,2,3,3
238,wine,화이트,"하디스, 스탬프 샤르도네 세미용",호주,하디스 Hardy's,"샤르도네 (Chardonnay) , 세미용 (Semillon)",13.0,10~12 ℃,"치킨, 돼지고기, 크리미한 파스타, 스파이시한 해산물 요리, 아시안 요리 등과 잘 어울린다.",1,4,2,1
239,wine,레드,"하디스, 스탬프 카베르네 메를로",호주,하디스 Hardy's,"카베르네 소비뇽 (Cabernet Sauvignon) , 메를로 (Merlot) , 말벡 (Malbec)",13.0,16~18 ℃,"소고기, 돼지고기 등과 잘 어울린다.",1,3,3,3
240,wine,레드,하이 플라이어 센터라인,미국,써머스톤 빈야드 Somerston Vineyard,"쁘띠 시라 (Petite Sirah) 45%, 시라/쉬라즈 (Syrah/Shiraz) 30%, 템프라니요 (Tempranillo) 18%, 기타 품종 (Other Grapes) 7%",14.8,16~18 ℃,"양파와 당근을 곁들인 갈비찜, 매콤한 양념이 가미된 해산물 찜, 그릴에 구워진 양갈비 등과 잘 어울린다.",1,3,5,5
241,wine,레드,"하이드 드 빌렌, 벨르 쿠진느",미국,하이드빌렌와인 Hyde de Villaine,"메를로 (Merlot) 53%, 카베르네 소비뇽 (Cabernet Sauvignon) 47%",13.0,16~18 ℃,"붉은육류, 스테이크, 로스트비프, 훈제오리, 파스타, 다양한 치즈 등과 잘 어울린다.",1,3,5,4
242,wine,레드,핸드 인 핸드 그랑 레세르바,칠레,비냐 마올라 Vina Maola,카베르네 소비뇽 (Cabernet Sauvignon) 100%,14.0,16~18 ℃,그릴하거나 로스트한 소고기와 잘 어울린다.,1,3,5,4
243,wine,스파클링,"볼랭저, 알디",프랑스,볼랭저 Bollinger,"피노 누아 (Pinot Noir) 60%, 샤르도네 (Chardonnay) 40%",13.0,6~8 ℃,"버섯 리조또, 가벼운 까나페, 치즈 (꽁떼 comte)와 잘 어울린다.",1,3,4,1
244,wine,레드,"비네티 델 불투레, 피아노 델 체로",이탈리아,비네티 델 불투레 Vigneti del Vulture,알리아니코 (Aglianico) 100%,14.5,16~18 ℃,"와인자체만으로도 훌륭한 풍미와 질감을 가져다 준다. 양념이 된 치즈, 붉은 육류 등 고급 스테이크등과 함께하면 좋다.",1,2,5,4
245,wine,레드,"이모스, 피노 누아",미국,이모스 Emos,피노 누아 (Pinot Noir),14.0,14~16 ℃,"세이지, 허브 그레이비, 로즈메리, 크랜베리를 곁들인 미국 동부식 칠면조 요리, 닭요리와 잘 어울린다.",1,3,3,3
246,wine,스파클링,"크룩, 클로 드 앙보네이",프랑스,크룩 Krug,피노 누아 (Pinot Noir) 100%,12.0,8~10 ℃,"각종 고기, 향이 가미된 양고기, 오리 가슴살 또는 소고기 립, 훈연한 야채 등과 잘 어울린다.",1,4,3,1
247,wine,레드,판티니 까살레 베끼오 몬테풀치아노 다브루쪼,이탈리아,판티니 그룹 Fantini Group,몬테풀치아노 (Montepulciano) 100%,14.0,16~18 ℃,그레이비 소스의 닭안심고르곤졸라 크림소스의 쇠고기 안심 파스타 등과 잘 어울린다.,1,3,4,4
248,wine,화이트,"도멘 마뜨노 말라흐, 부르고뉴 오뜨 꼬뜨 드 본 블랑",프랑스,도멘 마뜨노 말라흐 Domaine Martenot Mallard,샤르도네 (Chardonnay) 100%,13.0,8~10 ℃,None,1,3,2,1
249,wine,레드,"도미누스 에스테이트, 도미누스",미국,도미누스 이스테이트 Dominus Estate,"카베르네 소비뇽 (Cabernet Sauvignon) 83%, 카베르네 프랑 (Cabernet Franc) 9%, 메를로 (Merlot) 5%, 쁘띠 베르도 (Petit Verdot) 3%",13.0,16~18 ℃,"비프 스테이크, 양고기 바베큐, 오리 꽁피 등과 잘 어울린다.",1,3,5,5
250,wine,레드,"로르나노, 키안티 클라시코 레제르바 '레 반디트'",이탈리아,파토리아 로르나노 Fattoria Lornano,산지오베제 (Sangiovese) 100%,14.0,16~18 ℃,"오일 베이스 파스타, 트러플 요리 등 향이 진한 음식, 육향이 진한 스테이크 그리고 치즈 등과 잘 어울린다.",1,4,4,3
251,wine,레드,"로버트 몬다비, 까베르네 소비뇽 리저브",미국,로버트 몬다비 Robert Mondavi,"카베르네 소비뇽 (Cabernet Sauvignon) , 카베르네 프랑 (Cabernet Franc) , 쁘띠 베르도 (Petit Verdot)",14.0,17~19 ℃,어울리는 음식은 파스타를 비롯한 다양한 음식에 모두 다 잘 어울린다.,1,4,5,5
252,wine,레드,"바틱, 메를로",슬로베니아,바틱 Batic,메를로 (Merlot) 100%,13.0,16~18 ℃,"붉은육류, 스테이크, 로스트비프, 불고기, 파스타, 다양한 치즈, 한국음식 등과 잘 어울린다.",1,3,4,2
253,wine,레드,샤또 데 뚜르 그랑드 리저브 꼬뜨 뒤 론,프랑스,샤또 하야스 Chateau Rayas,블렌드 (Blend ),14.0,16~19 ℃,"양고기, 파스타, 갈비, 바베큐, 치즈, 살라미 등과 잘 어울린다.",1,3,3,3
254,wine,화이트,샤토 디켐,프랑스,샤또 디켐 Chateau d'Yquem - Premier Cru Supèrieur,"세미용 (Semillon) , 소비뇽 블랑 (Sauvignon Blanc)",13.0,8~10 ℃,"푸아그라, 블루 치즈, 초콜렛 등과 잘 어울린다.",5,4,5,1
255,wine,스파클링,"샴페인 드라피에, 콰투아",프랑스,샴페인 드라피에 Champagne Drappier,"아르반 (Arbanne) 25%, 쁘띠 메슬리에 (Petit Meslier ) 25%, 피노 블랑 (Pinot Blanc) 25%, 샤르도네 (Chardonnay) 25%",12.0,6~8 ℃,"알리오 올리오 파스타, 송아지 카르파쵸, 연어 스테이크, 치즈 등과 잘 어울린다.",1,5,3,1
256,wine,스파클링,"샴페인 미쉘 고네, 블랑 드 블랑 그랑 크뤼 꿰르 드 메닐",프랑스,샴페인 미쉘 고네 Michel Gonet & Fils,샤르도네 (Chardonnay) 100%,12.0,8~10 ℃,None,1,4,2,1
257,wine,화이트,섭스턴스 소비뇽 블랑,미국,하우스 오브 스미스 House of Smith,소비뇽 블랑 (Sauvignon Blanc),13.0,10~12 ℃,"회, 스시, 연어, 광어, 생선구이, 조개구이, 새우, 해산물, 샐러드, 야채, 동남아요리, 아시아요리 등과 잘 어울린다.",1,3,4,1
258,wine,레드,"슈미트 숀, 돈펠더 라인헤센",독일,슈미트 숀 Schmitt Sohne,돈펠더 (Dornfelder),9.0,6~8 ℃,"육류, 매콤한 한국음식 등과 잘 어울린다.",3,4,2,3
259,wine,레드,"스프링필드, 워크 오브 타임",남아프리카,스프링필드 에스테이트 Springfield Estate,"메를로 (Merlot) 40%, 카베르네 프랑 (Cabernet Franc) 23%, 카베르네 소비뇽 (Cabernet Sauvignon) 21%, 쁘띠 베르도 (Petit Verdot) 16%",13.5,16~18 ℃,치즈 및 육류와 잘 어울린다.,1,3,4,3
260,wine,레드,"실버 오크, 알렉산더 밸리 까베르네 소비뇽",미국,실버 오크 Silver Oak Winery,"카베르네 소비뇽 (Cabernet Sauvignon) 98%, 메를로 (Merlot) 2%",13.0,16~18 ℃,"고급 안심, 등심 스테이크, 그릴에 구운 야채, 바비큐요리, 숙성된 치즈 등과 잘 어울린다.",1,3,5,5
261,wine,화이트,"아리온, 모스카토 다스티",이탈리아,아리오네 Arione,모스카토 (Moscato ) 100%,5.0,8~10 ℃,"초콜렛 케익, 푸레쉬한 과일, 비스켓 등 디저트와 잘 어울리는 와인이다.",4,2,2,1
262,wine,화이트,"아마이나, 가든 블렌드 화이트",칠레,아마이나 Amayna,"리슬링 (Riesling) , 루산느 (Roussanne) , 비오니에 (Viognier) , 소비뇽 그리 (Sauvignon Gris)",13.0,8~10 ℃,"생선, 해산물과 잘 어울린다.",1,3,2,1
263,wine,레드,"엘레베, 시라 그르나슈",프랑스,엘레베 Eleve,"시라/쉬라즈 (Syrah/Shiraz) 50%, 그르나슈 (Grenache) 50%",13.0,15~17 ℃,"소고기, 바비큐 요리, 파스타, 초콜릿이 들어간 디저트류 등과 잘 어울린다.",1,3,3,3
264,wine,화이트,이그렉 디켐,프랑스,샤또 디켐 Chateau d'Yquem - Premier Cru Supèrieur,"세미용 (Semillon) , 소비뇽 블랑 (Sauvignon Blanc)",13.0,8~10 ℃,"돼지고기, 바비큐, 참치, 연어, 치킨, 다양한 치즈, 하몽, 프로슈토, 살라미, 파스타 등과 잘 어울린다.",1,4,4,1
265,wine,레드,"이노바투스, 카베르네 소비뇽 나파밸리",미국,이노바투스 Innovatus,카베르네 소비뇽 (Cabernet Sauvignon) 100%,14.0,16~18 ℃,"불고기, 토마호크 스테이크, 갈비와 잘 어울린다.",1,3,4,3
266,wine,레드,"이모스, 나파 리저브 카베르네 소비뇽",미국,이모스 Emos,카베르네 소비뇽 (Cabernet Sauvignon),14.0,16~18 ℃,"비프부르기뇽, 소고기찜, 스테이크 등과 잘 어울린다.",1,2,4,5
267,wine,레드,"이모스, 카베르네 프랑",미국,이모스 Emos,"카베르네 프랑 (Cabernet Franc) 80%, 메를로 (Merlot) 20%",15.0,16~18 ℃,레드와인에 절인 소고기요리와 잘 어울린다.,1,2,3,4
268,wine,화이트,"콩스가르드, 더 저지 샤르도네",미국,콩스가르드 Kongsgaard,샤르도네 (Chardonnay) 100%,14.0,10~12 ℃,"담백한 닭고기 메뉴, 생선이나 흰색의 육류로 만들어진 모든 음식 등과 잘 어울린다.",1,3,4,1
269,wine,스파클링,"크룩, 빈티지 브뤼",프랑스,크룩 Krug,"샤르도네 (Chardonnay) , 피노 누아 (Pinot Noir) , 피노 뮈니에 (Pinot Meunier)",12.0,8~10 ℃,"파인애플을 곁들인 카라멜 키조개 관자구이와 양넘이 첨가된 소스, 풍미가 가득한 그래비, 스쿼브, 야태나 시트러스 과일이 들어간 콩피 등 자극적 양념이 첨가된 음식과 어울린다. 구운 과일(바나나, 복숭아, 시트러스 과일)로 만든 디저트와는 최상의 궁합을 이룬다.",1,5,4,1
270,wine,스파클링,"크룩, 컬렉션",프랑스,크룩 Krug,"피노 누아 (Pinot Noir) , 샤르도네 (Chardonnay) , 피노 뮈니에 (Pinot Meunier)",12.0,8~10 ℃,"버섯 리조또, 트러플, 오리고기, 디저트, 치즈 등과 잘 어울린다.",1,4,3,1
271,wine,스파클링,"크룩, 클로 뒤 메닐 블랑 드 블랑 브뤼",프랑스,크룩 Krug,샤르도네 (Chardonnay),12.0,8~10 ℃,"생선, 갑각류, 관자요리, 참치 카르파치오, 심지어 육류와도 잘 어울린다.",1,4,2,1
272,wine,레드,"텍스트북, '팡 드 주네' 나파 까베르네 소비뇽",미국,텍스트북 Textbook,"카베르네 소비뇽 (Cabernet Sauvignon) 88%, 카베르네 프랑 (Cabernet Franc) 12%",13.3,16~18 ℃,"붉은육류, 스테이크, 양갈비, 바비큐, 불고기, 파스타, 다양한 치즈, 햄버거, 한국음식 등과 잘 어울린다.",1,3,4,4
273,wine,레드,"톤토니아, 그랑 리제르바",스페인,비나 톤도니아 Vina Tondonia,"템프라니요 (Tempranillo) 75%, 가르나차 (Garnacha) 15%, 마주엘로 (Mazuelo) , 그라시아노 (Graciano) 10%",12.0,15~17 ℃,"고급 안심, 등심 스테이크, 그릴에 구운 야채, 바비큐요리, 숙성된 치즈등과 잘 어울린다.",1,3,5,4
274,wine,레드,"톤토니아, 리제르바",스페인,비나 톤도니아 Vina Tondonia,"템프라니요 (Tempranillo) 75%, 가르나차 (Garnacha) 15%, 마주엘로 (Mazuelo) , 그라시아노 (Graciano) 10%",12.5,16~18 ℃,"베이컨, 하몽, 살라미, 약간 강한 양념으로 조리된 육류, 파스타, 라자냐, 햄 등과 잘 어울린다.",1,3,5,4
275,wine,레드,"트라피체, 이스까이 시라 비오니에",아르헨티나,트라피체 Trapiche,"시라/쉬라즈 (Syrah/Shiraz) 97%, 비오니에 (Viognier) 3%",14.0,16~18 ℃,"붉은 육류, 스테이크, 갈비찜, 스튜, 불고기, 양갈비, 한국음식 과 잘 어울린다.",1,3,5,4
276,wine,화이트,"파토리아 파가노, 팔랑기나",이탈리아,파토리아 파가노 Fattoria Pagano,팔랑기나 (Falanghina),12.0,10~12 ℃,"식전주로 아주 적당한 화이트 와인이며, 해산물 파스타, 해산물 샐러드 등과 잘 어울린다.",1,4,2,1
277,wine,스파클링,판티니 그랑 뀌베 비앙코 스와로브스키,이탈리아,판티니 그룹 Fantini Group,코코촐라 (Cococciola),12.0,6~8 ℃,"아페리티프, 다양한 음식과 매칭이 좋고, 특히 해산물 요리 등과 잘 어울린다.",1,3,2,1
278,wine,레드,"팔메이어, 제이슨 레드 와인",미국,팔메이어 Pahlmeyer,"카베르네 소비뇽 (Cabernet Sauvignon) 83.5%, 메를로 (Merlot) 4%, 카베르네 프랑 (Cabernet Franc) 9.5%, 말벡 (Malbec) 2.5%, 쁘띠 베르도 (Petit Verdot) 5%",14.0,16~18 ℃,주로 육류 메뉴와 잘 어울리는 와인이며 특히 소고기와 잘 어울리는 와인이다.,1,3,5,4
279,wine,레드,"프레스코발디, 카스텔지오콘도 브루넬로 디 몬탈치노",이탈리아,프레스코발디 Frescobaldi,산지오베제 (Sangiovese) 100%,14.0,16~18 ℃,"닭 요리, 포크 바베큐 립, 파스타, 체다 치즈 등과 잘 어울린다.",1,3,4,4
280,wine,레드,"피오 체사레, 오르나토 바롤로",이탈리아,피오 체사레 Pio Cesare,네비올로 (Nebbiolo) 100%,14.0,16~18 ℃,"송로 버섯 요리, 송아지 고기, 사슴 고기",1,4,4,4
281,wine,레드,후안 길 에이틴 메세스,스페인,보데가스 이호스 드 후안 질 Bodegas Hijos de Juan Gil,"모나스트렐 (Monastrell) 60%, 카베르네 소비뇽 (Cabernet Sauvignon) 30%, 시라/쉬라즈 (Syrah/Shiraz) 10%",15.5,16~18 ℃,"붉은 육류, 스테이크, 그릴요리, 소시지, 불고기, 갈비찜, 양념갈비, 한국음식 등 과 잘 어울린다.",1,3,5,4
282,wine,레드,까로,아르헨티나,카로 [보데가스 카로] Caro [Bodegas Caro],"말벡 (Malbec) , 카베르네 소비뇽 (Cabernet Sauvignon)",14.0,16~18 ℃,"소스 곁들여진 고기 요리, 약간 매운 음식, 파스타, 초콜릿 케이크와 잘 어울린다.",1,2,5,5
283,wine,레드,"마르께스 데 리스칼, 프랭크 게리 셀렉션",스페인,마르께스 데 리스칼 Marques de Riscal,템프라니요 (Tempranillo) 100%,14.0,15~17 ℃,"양갈비, 양고기, 소고기, 스테이크, 갈비, 불고기, 하몽, 말린과일, 중국요리, 한국음식 과 잘 어울린다.",1,4,5,5
284,wine,레드,"바타시올로, 바롤로 '체레퀴오'",이탈리아,바타시올로 Batasiolo [Beni di Batasiolo],네비올로 (Nebbiolo) 100%,14.5,16~18 ℃,"붉은 육류 스테이크, 송아지 고기, 향이 강한 치즈 등과 잘 어울어진다.",1,4,4,5
285,wine,레드,"이모스, 나파 에스테이트 카베르네 소비뇽",미국,이모스 Emos,"카베르네 소비뇽 (Cabernet Sauvignon) , 쁘띠 베르도 (Petit Verdot)",14.0,16~18 ℃,"세이지, 타임 등 살짝 스파이시한 재료를 넣은 돼지고기와 송아지고기 투르트 요리와 잘 어울린다.",1,3,4,4
286,wine,레드,"이모스, 비노 델 프로덕터",미국,이모스 Emos,"산지오베제 (Sangiovese) , 메를로 (Merlot) , 카베르네 프랑 (Cabernet Franc) , 카베르네 소비뇽 (Cabernet Sauvignon)",14.0,16~18 ℃,"가지, 토마토, 블랙 올리브 등으로 요리한 카포나타 등과 잘 어울린다.",1,3,3,3
287,wine,레드,인시그니아,미국,조셉 펠프스빈야드 Joseph Phelps Vineyards,"카베르네 소비뇽 (Cabernet Sauvignon) 84%, 쁘띠 베르도 (Petit Verdot) 10%, 메를로 (Merlot) 3%, 말벡 (Malbec) 3%",14.5,16~18 ℃,"가금류 고기 구이, 스테이크, 버섯구이, 치즈 등과 잘 어울린다.",1,3,5,5
288,wine,레드,"자이언트 스텝스, 코어리버 밸리 페이탈 쇼어",호주,자이언트 스텝스 Giant Steps,피노 누아 (Pinot Noir),13.0,14~16 ℃,None,1,3,2,2
289,wine,스파클링,"파스칼 도께, 꾀르 드 떼루아 프르미에 크뤼 레 몽 에메 블랑 드 블랑",프랑스,파스칼 도께 Pascal Doquet,샤르도네 (Chardonnay) 100%,13.0,6~8 ℃,"스시, 회, 해산물, 굴, 랍스터, 게, 다양한 치즈, 샐러드, 아시아요리, 동남아요리, 과일, 디저트 등과 잘 어울린다.",1,5,3,1
290,wine,레드,"파인 릿지, 스택스 립 디스트릭트 까베르네 소비뇽",미국,파인 릿지 빈야드 Pine Ridge Vineyards,"카베르네 소비뇽 (Cabernet Sauvignon) , 쁘띠 베르도 (Petit Verdot) , 말벡 (Malbec)",14.0,17~19 ℃,"소고기 스테이크, 스튜요리, 숙성 치즈 등과 잘 어울린다.",1,3,5,5
291,wine,레드,고스트 파인 피노 누아,미국,루이 마티니 Louis M. Martini,피노 누아 (Pinot Noir) 100%,13.0,15~17 ℃,"구운치킨, 돼지고기 등과 잘 어울린다.",1,4,3,2
292,wine,스파클링,돔 페리뇽 P2,프랑스,모엣 샹동 Moet & Chandon,샹파뉴 블렌드 (Champagne Blend),12.0,8~10 ℃,"스시, 회, 해산물, 굴, 랍스터, 게, 다양한 치즈, 샐러드, 아시아요리, 동남아요리, 과일, 디저트 등과 잘 어울린다.",1,4,3,1
293,wine,스파클링,"루이 로드레, 크리스탈",프랑스,루이 로드레 Louis Roederer,"피노 누아 (Pinot Noir) 55%, 샤르도네 (Chardonnay) 45%",11.0,8~10 ℃,"해산물, 치킨, 치즈 등과 잘 어울린다.",1,4,4,1
294,wine,화이트,"리비오 펠루가, 테레 알테",이탈리아,리비오 펠루가 Livio Felluga,"베르두초 프리울라노 (Verduzzo Friulano) , 피노 비앙코 (Pinot Bianco) , 소비뇽 블랑 (Sauvignon Blanc)",13.0,10~12 ℃,"생선요리와 가장 잘 어울리며, 야채 리조또, 흰 육류, 치즈와도 잘 어울린다",1,3,4,1
295,wine,레드,몰리두커 카니발 오브 러브,호주,몰리두커 Mollydooker,시라/쉬라즈 (Syrah/Shiraz) 100%,15.0,16~18 ℃,"붉은 육류, 스테이크, 갈비찜, 불고기, 양갈비, 버섯, 숙성치즈, 한국음식 과 잘 어울린다.",2,3,5,5
296,wine,스파클링,"발비 소프라니, 브라케토 다퀴",이탈리아,카페타 [프란체스코 카페타 - 발비 소프라니] Capetta [Francesco Capetta - Balbi Soprani],브라케토 (Brachetto) 100%,6.5,6~8 ℃,"아몬드, 헤이즐럿, 디저트류나 딸기, 라즈베리,피스타치오 등의 너트류와 잘 어울린다.",4,1,3,1
297,wine,레드,"비네티 자부, 일빠소",이탈리아,비네티 자부 Vigneti Zabu,"네로 다볼라 (Nero d'Avola) 50%, 네렐로 마스칼레제 (Nerello Mascalese) 50%",13.0,16~18 ℃,"버섯/마늘 소스의 양고기, 소고기 필레, 포트 주처럼 모든 종류의 치즈와 환상적인 궁합을 이룬다.",1,3,4,3
298,wine,레드,샤또 무똥 로칠드,프랑스,샤또 무똥 로칠드 Chateau Mouton Rothschild,"카베르네 소비뇽 (Cabernet Sauvignon) , 메를로 (Merlot) , 카베르네 프랑 (Cabernet Franc) , 쁘띠 베르도 (Petit Verdot)",13.0,16~18 ℃,"기름진 등심 스테이크, 안심, 푸아그라, 양념을 한 육류 요리, 탕수육, 라구 파스타 등과 잘 어울린다.",1,4,5,4
299,wine,레드,알마비바,칠레,비냐 알마비바 Vina Almaviva,"카베르네 소비뇽 (Cabernet Sauvignon) , 카르메네르 (Carmenere) , 카베르네 프랑 (Cabernet Franc) , 쁘띠 베르도 (Petit Verdot) , 메를로 (Merlot)",14.0,16~18 ℃,"그릴에 구운 육류, 스테이크, 양갈비, 꽁떼 치즈 등과 잘 어울린다.",1,3,5,5
300,wine,화이트,오이스터 베이 소비뇽 블랑,뉴질랜드,오이스터 베이 Oyster Bay,소비뇽 블랑 (Sauvignon Blanc) 100%,13.0,10~12 ℃,"겨울철 생굴, 사계절 굴 요리 등과 잘 어울린다.",1,3,2,1
301,wine,레드,오퍼스 원,미국,오퍼스 원 Opus One,"카베르네 소비뇽 (Cabernet Sauvignon) , 메를로 (Merlot) , 카베르네 프랑 (Cabernet Franc) , 쁘띠 베르도 (Petit Verdot) , 말벡 (Malbec)",14.0,16~18 ℃,"붉은육류, 스테이크, 로스트비프, 훈제오리, 파스타, 다양한 치즈, 햄버거, 한국음식 등과 잘 어울린다.",1,3,5,4
302,wine,화이트,"이모스, 리슬링",미국,이모스 Emos,리슬링 (Riesling),12.0,6~8 ℃,"올리브오일, 마늘, 블랙 올리브로 만든 알리오 올리오와 잘 어울린다.",2,2,3,1
303,wine,화이트,"이모스, 샤도네이",미국,이모스 Emos,샤르도네 (Chardonnay),14.0,10~12 ℃,"광어, 연어와 같은 신선한 회 그리고 연어구이, 훈제연어, 삽겹살, 보쌈과 같은 돼지고기와 치킨이나 오일 파스타 등과 잘 어울린다.",1,3,4,1
304,wine,화이트,파이니스트 샤블리 프리미에 크뤼,프랑스,테스코 파이니스트 Tesco Finest,샤르도네 (Chardonnay) 100%,12.5,10~12 ℃,"연어, 조개구이, 치킨 마늘구이, 칠면조, 아스파라거스 요리등과 함께 하면 좋다.",1,4,3,1
305,wine,스파클링,판티니 그랑 뀌베 로제 스와로브스키,이탈리아,판티니 그룹 Fantini Group,알리아니코 (Aglianico) 100%,12.0,6~8 ℃,"아페리티프, 아시아 음식, 전채요리 등과 잘 어울린다.",1,3,3,1
306,wine,레드,판티니 에디찌오네,이탈리아,판티니 그룹 Fantini Group,"몬테풀치아노 (Montepulciano) 33%, 프리미티보 (Primitivo) 30%, 산지오베제 (Sangiovese) 25%, 말바시아 네라 (Malvasia nera) 5%, 네그로아마로 (Negroamaro) 7%",14.0,17~19 ℃,"소스가 가미된 요리, 붉은색 육류, 와인 자체만 즐기기에도 훌륭한 품질이다.",1,4,5,5
307,wine,스파클링,"7 컬러즈, 브륏 샤르마",칠레,세븐 컬러즈 7 Colores,샤르도네 (Chardonnay) 100%,12.0,6~8 ℃,"바비큐, 훈제오리, 오리로스, 치킨, 훈제연어, 장어구이, 참치, 새우, 해산물, 숙성 치즈, 피자, 파스타, 탕수육 등과 잘 어울린다.",1,4,1,1
308,wine,레드,"7 컬러즈, 싱글 빈야드 레드 블렌드",칠레,세븐 컬러즈 7 Colores,"카베르네 소비뇽 (Cabernet Sauvignon) 37%, 카르메네르 (Carmenere) 34%, 까리냥 (Carignan/Carignane) 17%, 무르베드르 (Mourvedre) 12%",13.5,15~17 ℃,"양념 돼지갈비, 베이비 백 립, 큐브 스테이크 등과 잘 어울린다.",1,2,3,3
309,wine,레드,K1 카베르네 소비뇽,호주,와인즈 바이 제프 하디 Wines by Geoff Hardy,카베르네 소비뇽 (Cabernet Sauvignon),14.0,16~18 ℃,"허브로 양념한 양갈비와 같은 양고기 요리 외 소 , 닭 , 오리 요리와 잘 어울린다.",1,3,4,4
310,wine,화이트,가발라스 빈산토,그리스,가발라스 와이너리 Gavalas Winery,"아시르티코 (Assyrtiko) , 앗시리 (Athiri) , 아이다니 (Aidani)",10.0,10~12 ℃,"해산물, 흰 살 고기, 가벼운 치즈와 잘 어울린다.",5,1,4,1
311,wine,레드,"가야, 바르바레스코",이탈리아,가야 Gaja,네비올로 (Nebbiolo) 100%,14.0,16~18 ℃,"붉은육류, 트러플, 훈제오리, 치킨, 바비큐, 라자냐, 파스타, 치즈와 잘 어울린다.",1,3,5,4
312,wine,레드,갤럭시,미국,텔라토 패밀리 빈야드 Terlato Family Vineyards,"카베르네 소비뇽 (Cabernet Sauvignon) 34%, 시라/쉬라즈 (Syrah/Shiraz) 33%, 메를로 (Merlot) 33%",14.5,17~19 ℃,붉은 고기류 및 스테이크 혹은 치즈 등과 잘 어울린다.,1,4,5,4
313,wine,레드,"갤럭시, 리저브 카베르네 쇼비뇽",미국,갤럭시 스타 Galaxy Star,카베르네 소비뇽 (Cabernet Sauvignon),15.0,16~18 ℃,"스테이크, 갈비, 불고기, 양갈비, 버섯, 하몽, 살라미, 한국음식 과 잘 어울린다.",1,3,5,5
314,wine,기타,"게르슈테커, 크리스트 킨들스 글루바인",독일,게르슈텍커 Gerstacker,블렌드 (Blend ),8.5,60~70 ℃,"견과류, 츄러스, 케익, 치즈, 카나페, 스넥 등과 잘 어울린다.",3,4,4,2
315,wine,화이트,"그랜드 토카이, 토카이 아수 6 푸토뇨스",헝가리,그랜드 토카이 Grand Tokaj,"푸르민트 (Furmint) , 살가무쉬코타이 (Sargamuskotaly) , 코베르스졸로 (koverszolo) , 제타 (Zeta) , 할스레베루 (Harslevelu) , 카바르 (Kabar)",9.0,8~10 ℃,"숙성된 치즈, 블루치즈, 거위 간, 초콜릿 디저트, 크렘 브륄레와 잘 어울린다.",3,2,2,1
316,wine,레드,까사 포르타 까베르네 소비뇽,칠레,포르타 와이너리 Porta Winery,카베르네 소비뇽 (Cabernet Sauvignon) 100%,13.5,16~18 ℃,스테이크 등 육류 요리와 어울린다.,4,3,3,1
317,wine,레드,"까스텔 델 레메이, 오다",스페인,까스텔 델 레메이 Castell del Remei,"메를로 (Merlot) 60%, 템프라니요 (Tempranillo) 25%, 카베르네 소비뇽 (Cabernet Sauvignon) 15%",14.5,16~18 ℃,"살라미, 파스타, 바다가재 찜, 송아지 고기, 에멘탈 치즈 등과 잘 어울린다.",1,3,3,3
318,wine,레드,"까스텔로 반피, 벨네로",이탈리아,반피 Banfi,산지오베제 (Sangiovese),13.0,16~18 ℃,"스프, 구운 육류, 적당히 숙성된 치즈 등과 잘 어울린다.",1,3,4,4
319,wine,레드,"나인 햇츠, 콜롬비아 밸리 메를로",미국,나인 햇츠 와인즈 Nine Hats Wines,"메를로 (Merlot) , 카베르네 프랑 (Cabernet Franc) , 쁘띠 베르도 (Petit Verdot)",15.0,16~18 ℃,"스테이크, 로스트비프, 바비큐, 불고기, 파스타, 다양한 치즈 등과 잘 어울린다.",1,3,4,4
320,wine,레드,"나파 셀라, 까베르네 쇼비뇽",미국,나파 셀라 Napa Celllars,"카베르네 소비뇽 (Cabernet Sauvignon) 91%, 메를로 (Merlot) 9%",14.0,16~18 ℃,"이 크래식한 나파밸리 와인은 소금과 레몬을 곁들인 서로인 스테이크와 환상적으로 궁합이 잘 맞는다. 소고기, 야고기와도 잘 어울린다.",1,3,3,4
321,wine,레드,"네스폴리, 보르고 데이 귀디",이탈리아,네스폴리 Poderi dal Nespoli,"산지오베제 (Sangiovese) , 카베르네 소비뇽 (Cabernet Sauvignon) , 메를로 (Merlot)",14.0,16~18 ℃,"T-bone 스테이크 등 정통 스테이크, 향신료가 첨가된 숙성된 치즈 등과 잘 어울린다.",1,3,5,4
322,wine,레드,니켈 & 니켈 도그레그 빈야드 카버네 소비뇽,미국,파니엔테 와이너리 Far Niente Winery,카베르네 소비뇽 (Cabernet Sauvignon),14.0,16~18 ℃,"스테이크, 갈비, 불고기, 양갈비, 버섯, 하몽, 살라미, 한국음식 과 잘 어울린다.",1,4,3,3
323,wine,레드,니켈 & 니켈 수스콜 랜치 빈야드 멀롯,미국,파니엔테 와이너리 Far Niente Winery,메를로 (Merlot),14.0,16~18 ℃,"훈제오리, 치킨, 바비큐, 소시지, 수육, 하몽, 프로슈토, 파스타, 피자 와 잘 어울린다.",1,3,5,5
324,wine,레드,니켈 & 니켈 존 C 슐렌저 빈야드 카버네 소비뇽,미국,파니엔테 와이너리 Far Niente Winery,카베르네 소비뇽 (Cabernet Sauvignon) 100%,14.2,16~18 ℃,"붉은 육류, 스테이크, 갈비찜, 불고기, 양갈비, 버섯, 한국음식 과 잘 어울린다.",1,3,5,5
325,wine,화이트,니켈 & 니켈 트루차드 빈야드 샤도네이,미국,파니엔테 와이너리 Far Niente Winery,샤르도네 (Chardonnay),14.0,10~12 ℃,"바비큐, 훈제오리, 오리로스, 치킨, 훈제연어, 장어구이, 참치, 새우, 해산물, 숙성 치즈, 피자, 파스타, 탕수육 등과 잘 어울린다.",1,3,5,5
326,wine,레드,"니켈 & 니켈, 브랜딩 아이언 빈야드 카버네 소비뇽",미국,파니엔테 와이너리 Far Niente Winery,카베르네 소비뇽 (Cabernet Sauvignon),14.0,16~18 ℃,"스테이크, 갈비, 불고기, 양갈비, 버섯, 하몽, 살라미, 한국음식 과 잘 어울린다.",1,4,4,1
327,wine,화이트,"다나 에스테이트, 허쉬 빈야드 소비뇽 블랑 나파 밸리",미국,다나 에스테이트 Dana Estates,소비뇽 블랑 (Sauvignon Blanc),14.0,16~18 ℃,"훈제 연어, 농어, 광어, 생선구이, 조개구이, 새우, 해산물, 샐러드, 야채, 동남아요리, 아시아요리 등과 잘 어울린다.",1,3,5,5
328,wine,레드,"다리우쉬, 시그니쳐 카베르네 소비뇽",미국,다리우쉬 Darioush,카베르네 소비뇽 (Cabernet Sauvignon) 100%,14.8,16~18 ℃,"로스트 안심과 등심, 진한 소스의 육류, 오래된 숙성 치즈 등과 잘 어울린다.",1,3,3,1
329,wine,레드,"다리우스 II, 카베르네 소비뇽",미국,다리우쉬 Darioush,"카베르네 소비뇽 (Cabernet Sauvignon) 92%, 카베르네 프랑 (Cabernet Franc) 8%",14.8,15~17 ℃,"붉은육류, 스테이크, 양갈비, 바비큐, 불고기, 파스타, 다양한 치즈, 햄버거, 한국음식 등과 잘 어울린다.",1,3,5,5
330,wine,화이트,"다미안, 리볼라 지알라",이탈리아,다미안 Damijan,리볼라 지알라 (Ribolla Gialla) 100%,14.0,12~13 ℃,,1,3,5,4
331,wine,화이트,"닥터 파우스트, 리슬링 스페트레제",독일,모젤란드 Moselland,리슬링 (Riesling) 100%,13.0,8~10 ℃,"베이컨, 꼬치구이, 해산물, 양념치킨, 하몽, 살라미, 아시아요리, 매운음식, 동남아요리등과 잘 어울린다.",1,3,4,1
332,wine,레드,더 빅 레드 몬스터,미국,워룸 셀러즈 Warroom Cellars,"카베르네 소비뇽 (Cabernet Sauvignon) 76%, 쁘띠 베르도 (Petit Verdot) 14%, 쁘띠 시라 (Petite Sirah) 10%",12.0,16~18 ℃,"육류와 구운야채,치즈와 잘 어울린다.",2,5,3,1
333,wine,화이트,"더 아톰, 샤도네이",미국,더 아톰 The Atom,샤르도네 (Chardonnay),13.0,10~12 ℃,"이베리코 소시지, 연어 스테이크, 아보카도 샐러드, 버섯 요리 등과 잘 어울린다.",1,4,4,4
334,wine,레드,"더 프리즈너, 더 프리즈너",미국,더 프리즈너 와인 컴퍼니 The Prisoner Wine Company,"진판델 (Zinfandel) 51%, 카베르네 소비뇽 (Cabernet Sauvignon) 19%, 시라/쉬라즈 (Syrah/Shiraz) 15%, 쁘띠 시라 (Petite Sirah) 12%, 샤르보노 (Charbono) 2%, 그르나슈 (Grenache) 1%",15.2,15~17 ℃,"각종 그릴에 구운 육류요리, 고다치즈, 붉은 육류, 흰살 육류 등과 잘 어울린다.",1,3,2,1
335,wine,레드,"델리카토, 1924 더블 블랙 까베르네 소비뇽",미국,델리카토 패밀리 빈야드 Delicato Family Vineyards - DFV,"카베르네 소비뇽 (Cabernet Sauvignon) 81%, 말벡 (Malbec) 7%, 쁘띠 시라 (Petite Sirah) 6%, 기타 품종 (Other Grapes) 6%",15.0,15~17 ℃,"숯불 베이컨 치즈버거, 매콤한 소시지, BBQ 소스가 묻혀진 돼지 등갈비 등과 잘 어울린다.",1,3,4,3
336,wine,화이트,"델리카토, 1924 스카치 배럴 에이지드 샤도네이",미국,델리카토 패밀리 빈야드 Delicato Family Vineyards - DFV,샤르도네 (Chardonnay) 100%,14.0,8~10 ℃,"오븐에 구운 돼지고기, 구운 사과, 연어구이 등과 잘 어울린다.",1,4,4,3
337,wine,레드,"도멘 뉘당, 알록스 코르통 프리미에 크뤼 '라 꾸띠에르'",프랑스,도멘 뉘당 Domaine Nudant,피노 누아 (Pinot Noir) 100%,13.0,13~15 ℃,"오리고기, 소 안심. 돼지 고기",1,3,2,1
338,wine,화이트,도멘 드루앵 던디 힐 샤르도네 '아서',미국,도멘 드루앵 Domaine Drouhin,샤르도네 (Chardonnay) 100%,14.1,10~12 ℃,"샐러드, 신선한 해산물요리, 그릴에 구운 야채, 부드러운 치즈 등과 잘 어울린다.",1,4,3,3
339,wine,화이트,"도멘 마뜨노 말라흐, 풀리니 몽라쉐",프랑스,도멘 마뜨노 말라흐 Domaine Martenot Mallard,샤르도네 (Chardonnay) 100%,14.0,8~10 ℃,None,1,4,3,1
340,wine,화이트,"도멘 샤를로팽, 샤블리",프랑스,도멘 필립 샤를로팽 빠리죠 Domaine Philippe Charlopin Parizot,샤르도네 (Chardonnay) 100%,12.0,10~12 ℃,"훈제 연어, 스시, 회, 굴, 조개, 해산물, 다양한 치즈, 아시아요리, 동남아요리, 피자, 파스타 등과 잘 어울린다.",1,3,3,1
341,wine,레드,"도멘 에레스틴 마찌니, 부르고뉴 피노누아",프랑스,도멘 에레스틴 마찌니 Domaine Heresztyn Mazzini,피노 누아 (Pinot Noir),13.0,14~16 ℃,"오리고기, 치즈 등과 잘 어울린다.",1,4,3,1
342,wine,화이트,"도멘 오즈테르타그, 리슬링 레 쟈뎅",프랑스,도멘 오즈테르타그 Domaine Ostertag,리슬링 (Riesling),13.0,10~12 ℃,"생선, 해산물, 샐러드와 잘 어울린다.",1,4,3,3
343,wine,화이트,"도멘 티베르, 푸이 퓌세 헤리티지",프랑스,도멘 티베르 Domaine Thibert,샤르도네 (Chardonnay) 100%,13.0,10~12 ℃,"흰 살 생선찜, 훈제한 생선 요리, 로스트 치킨, 빠에야와 잘 어울린다.",1,5,2,1
344,wine,레드,"도멘 파랑, 뽀마르 프르미에 크뤼 레 샤포니에르",프랑스,도멘 파랑 Domaine Parent,피노 누아 (Pinot Noir) 100%,13.0,15~17 ℃,"고급 치즈, 프와그라, 등심 스테이크, 신선한 해산물 볶음 요리, 등과 함께하면 좋다.",1,3,4,1
345,wine,화이트,"도멘 폴 마스, 비녜 드 니콜 블랑",프랑스,도멘 폴 마스 Domaines Paul Mas,"샤르도네 (Chardonnay) , 비오니에 (Viognier)",13.0,8~10 ℃,"조개구이, 생선, 고기, 인도 음식, 카나페와 잘 어울린다.",1,4,3,3
346,wine,화이트,"도멘 피쇼, 르 푀 드 라 모리에트",프랑스,도멘 피쇼 Domaine Pichot,슈냉 블랑 (Chenin Blanc),13.0,8~10 ℃,"해산물, 새우, 문어숙회, 다양한 치즈, 건육 등과 잘 어울린다.",1,3,2,1
347,wine,레드,"도멘 필립 르클레르, 쥬브레 샹베르땅 엉셩",프랑스,도멘 필립 르클레르 Domaine Philippe Leclerc,피노 누아 (Pinot Noir) 100%,13.0,14~16 ℃,"구운 쇠고기 갈비, 트러플을 곁들인 리소또, 치즈와 잘 어울린다.",3,3,2,1
348,wine,화이트,"도우, 샤도네이",미국,도우 와인 Dough Wines,샤르도네 (Chardonnay),14.0,8~10 ℃,"바비큐, 훈제오리, 오리로스, 치킨, 훈제연어, 장어구이, 참치, 새우, 해산물, 숙성 치즈, 피자, 파스타, 탕수육 등과 잘 어울린다.",1,3,3,2
349,wine,레드,"도우, 카베르네 소비뇽",미국,도우 와인 Dough Wines,카베르네 소비뇽 (Cabernet Sauvignon),14.9,14~16 ℃,"양갈비, 치즈와 잘 어울린다.",1,3,3,1
350,wine,레드,"도우, 피노 누아",미국,도우 와인 Dough Wines,피노 누아 (Pinot Noir),12.8,14~16 ℃,"로스트비프, 오리고기, 닭고기, 연어, 참치, 버섯, 다양한 치즈, 파스타와 잘 어울린다.",1,3,4,4
351,wine,로제,"도츠, 아모르 드 도츠 로제",프랑스,도츠 Deutz [Champagne Deutz],"피노 누아 (Pinot Noir) 70%, 샤르도네 (Chardonnay) 30%",12.0,6~8 ℃,약간의 스파이시한 음식과 구운 랍스터 또는 생선 요리 등과 잘 어울린다.,1,3,3,2
352,wine,화이트,"두르뜨, 그랑 테루아 보르도 소비뇽 블랑",프랑스,두르뜨 Dourthe [Vins & Vignobles Dourthe],소비뇽 블랑 (Sauvignon Blanc) 100%,12.0,10~12 ℃,"바비큐, 꼬치구이, 양념치킨, 생선구이, 튀김, 샐러드, 중국요리, 아시아요리, 순대, 떡볶이 등과 잘 어울린다.",1,4,2,1
353,wine,스파클링,드보 디 로제,프랑스,샹파뉴 드보 Champagne Devaux,"피노 누아 (Pinot Noir) , 샤르도네 (Chardonnay)",12.0,6~8 ℃,"스파이시한 랍스터 요리, 치즈 등과 잘 어울린다.",2,4,3,1
354,wine,화이트,"디 메오, 피아노 디 아벨리노",이탈리아,디 메오 Di Meo,피아노 (Fiano),13.0,8~10 ℃,"감자요리, 리코타 치즈, 라비올리와 잘 어울린다.",1,5,3,1
355,wine,스파클링,"떼땅져, 레 폴리 드 라 마케트리",프랑스,떼땅져 Taittinger,"피노 누아 (Pinot Noir) 45%, 샤르도네 (Chardonnay) 55%",12.0,6~8 ℃,"스시, 회, 해산물, 굴, 랍스터, 게, 다양한 치즈, 샐러드, 아시아요리, 동남아요리, 과일, 디저트 등과 잘 어울린다.",1,3,3,1
356,wine,스파클링,"떼땅져, 빈티지 브뤼",프랑스,떼땅져 Taittinger,"샤르도네 (Chardonnay) 50%, 피노 누아 (Pinot Noir) 50%",12.0,6~8 ℃,"굴, 각종해산물, 캐비어, 바닷가재버터구이 등과 잘 어울린다.",1,5,3,1
357,wine,스파클링,"떼땅져, 아티스트 컬렉션 빈티지 브뤼",프랑스,떼땅져 Taittinger,"샤르도네 (Chardonnay) 50%, 피노 누아 (Pinot Noir) 50%",12.5,6~8 ℃,"스시, 회, 해산물, 굴, 랍스터, 게, 다양한 치즈, 샐러드, 아시아요리, 동남아요리, 과일, 디저트 등과 잘 어울린다.",1,5,3,1
358,wine,스파클링,떼레 베르디아네 아마빌레 1813,이탈리아,칸티네 체치 Cantine Ceci,"람브루스코 마라니 (Lambrusco Marani) , 람브루스코 마에스트리 (Lambrusco Maestri )",8.0,8~10 ℃,"살라미, 과일, 페스츄리와 잘 어울린다.",1,4,2,1
359,wine,화이트,"또스띠, 3%",이탈리아,또스띠 Tosti,모스카토 (Moscato ) 100%,3.0,6~8 ℃,"디저트류의 과일, 패스츄리,초밥, 치즈 등과 잘 어울린다.",4,2,2,2
360,wine,레드,라 리오하 알타 그란 리제르바 904,스페인,라 리오하 알타 La Rioja Alta,"템프라니요 (Tempranillo) 90%, 그라시아노 (Graciano) 10%",13.2,16~18 ℃,"붉은육류, 불고기, 갈비찜, 양갈비, 치킨, 순대, 햄버거, 피자, 한국음식 등과 잘 어울린다.",4,2,3,1
361,wine,레드,"라 셰또, 장 발몽 피노 누아",프랑스,라셰또 [라세또] Lacheteau [La Cheteau],피노 누아 (Pinot Noir),12.0,14~16 ℃,"라즈베리 소스를 곁들인 오리 안심, 소프트 치즈, 향신료와 올리브유로 숙성한 치킨 요리 등과 잘 어울린다.",1,3,4,3
362,wine,화이트,"라 콘레리아, 레스 브루게레스 프리오랏 블랑",스페인,라 콘레리아 디'스칼라 데이 La Conreria d'Scala Dei,가르나차 블랑카 (Garnacha Blanca),13.0,8~10 ℃,"베이컨, 소지지, 돼지고기, 후라이드, 해산물, 비빔밥, 오일파스타, 탕수육, 튀김, 샐러드, 복숭아, 크림치즈와 잘 어울린다. ",1,3,3,2
363,wine,레드,"라 크라사드, 블랙 카버네 시라",프랑스,라 크라사드 La Croisade,"카베르네 소비뇽 (Cabernet Sauvignon) 50%, 시라/쉬라즈 (Syrah/Shiraz) 50%",13.5,15~17 ℃,"스테이크, 불고기, 갈비 등의 각종 육류나 치즈 등과 잘 어울린다.",1,3,3,1
364,wine,레드,"라 크레마, 러시안 리버 밸리 피노 누아",미국,잭슨 패밀리 와인 Jackson Family Wines,피노 누아 (Pinot Noir) 100%,13.5,14~16 ℃,"붉은육류, 로스트비프, 오리고기, 닭고기, 연어, 참치, 버섯, 다양한 치즈, 파스타와 잘 어울린다.",1,3,4,4
365,wine,화이트,"라 크레마, 소노마 코스트 샤도네이",미국,잭슨 패밀리 와인 Jackson Family Wines,샤르도네 (Chardonnay) 100%,13.0,10~12 ℃,"연어구이, 부드러운 화이트 소스의 고급 파스타, 샐러드 등과 잘 어울린다.",1,4,3,3
366,wine,레드,"라 크레마, 소노마 코스트 피노 누아",미국,잭슨 패밀리 와인 Jackson Family Wines,피노 누아 (Pinot Noir) 100%,13.0,14~16 ℃,"육류요리, 육전, 가금류, 블랙후추를 가진 계절음식, 치즈 등과 잘 어울린다.",1,4,3,1
367,wine,레드,"라 푸가, 브루넬로 디 몬탈치노",이탈리아,테누테 암브로지오 & 지오반니 폴로나리 Tenute Ambrogio e Giovanni Folonari,브루넬로 (Brunello),14.0,16~18 ℃,"붉은육류, 바비큐, 소시지, 꼬치구이, 파스타, 피자, 다양한 치즈와 잘 어울린다.",1,3,3,2
368,wine,스파클링,"랑송, 르 블랙 리저브",프랑스,랑송 Lanson,"피노 누아 (Pinot Noir) 50%, 샤르도네 (Chardonnay) 35%, 피노 뮈니에 (Pinot Meunier) 15%",12.5,6~8 ℃,"오일 파스타, 파스타, 등심 스테이크, 치즈 등과 잘 어울린다.",1,4,4,4
369,wine,레드,"레드헤즈 스튜디오, 코코 로띠 시라",호주,레드헤즈 스튜디오 Redheads Studio,"시라/쉬라즈 (Syrah/Shiraz) 97%, 비오니에 (Viognier) 3%",14.0,17~19 ℃,"토스티한 향나무와 바닐라향이 뒤덮고 있어 beef, 스튜, 스테이크 및 garlicky lamb과 잘 어울린다.",1,5,2,1
370,wine,화이트,레오 소비뇽 블랑,뉴질랜드,앨런 스콧 페밀리 와인메이커 Allan Scott Family Winemakers,소비뇽 블랑 (Sauvignon Blanc),12.5,8~10 ℃,"아페리티브로나 해산물 요리, 샐러드 등과 잘 어울린다.",1,4,5,4
371,wine,레드,"레오파드 립, 헤리티지 블렌드",남아프리카 공화국,레오파드 립 Leopard's Leap,"시라/쉬라즈 (Syrah/Shiraz) , 쌩쏘 (Cinsault) , 그르나슈 누아 (Grenache Noir)",13.0,16~18 ℃,스테이크와 토마토 스튜 등과 잘 어울린다.,1,5,2,1
372,wine,레드,"레지&실뱅, 부르고뉴 피노누아",프랑스,레지 & 실뱅 Regis & Sylvain,피노 누아 (Pinot Noir),12.0,14~16 ℃,"치즈, 샐러드, 오리고기 등과 잘 어울린다.",1,3,4,4
373,wine,레드,"로버트 몬다비, 투 칼론 빈야드 까베르네 소비뇽",미국,로버트 몬다비 Robert Mondavi,카베르네 소비뇽 (Cabernet Sauvignon) 100%,14.0,18~20 ℃,"스테이크, 갈비, 불고기, 양갈비, 버섯, 하몽, 살라미, 한국음식 과 잘 어울린다.",1,4,3,3
374,wine,레드,"로스 바스코스, 크로마스 까르미네르",칠레,로스 바스코스 Los Vascos [Vina Los Vascos],카르메네르 (Carmenere) 100%,14.0,16~18 ℃,"숙성치즈, 리조또, 비프버거, 소고기 스테이크 등과 잘 어울린다.",1,4,5,5
375,wine,화이트,"로얄 토카이, 5 푸노니우스",헝가리,로얄 토카이 Royal Tokaji,"푸르민트 (Furmint) , 할스레베루 (Harslevelu) , 뮈스까 (Muscat)",10.5,8~10 ℃,"과일, 치즈, 달콤한 케익등의 디져트 음식과 함께하면 좋다.",1,2,5,5
376,wine,화이트,"로얄 토카이, 블루 라벨 5 푸토뇨스",헝가리,로얄 토카이 Royal Tokaji,"푸르민트 (Furmint) 50%, 할스레베루 (Harslevelu) 45%, 뮈스까 (Muscat) 5%",10.0,7~10 ℃,"거위 간 요리, 초콜릿, 과일 타르트, 블루 치즈, 시가 등과 잘 어울린다.",5,3,5,1
377,wine,레드,"로카 디 몬테그로시, 키안티 클라시코",이탈리아,로카 디 몬테그로시 Rocca Di Montegrossi,"산지오베제 (Sangiovese) 91%, 카나이올로 (Canaiolo) 7%, 콜로리노 (Colorino) 2%",13.0,16~18 ℃,"육즙이 가득한 레어한 스테이크, 훈제된 닭요리 등과 잘 어울린다.",5,3,5,1
378,wine,기타,롤라이오 레드 상그리아,스페인,롤라이오 lolailo,템프라니요 (Tempranillo),6.0,6~8 ℃,"샐러드, 야채, 튀김, 다양한 치즈, 견과류 등과 잘 어울린다.",1,4,3,3
379,wine,레드,"루 뒤몽, 샹볼 뮈지니",프랑스,루 뒤몽 Lou Dumont,피노 누아 (Pinot Noir) 100%,13.0,15~17 ℃,"비프 스테이크, 양고기 바베큐, 오리 꽁피 요리와 잘 어울린다.",3,2,2,1
380,wine,화이트,"루이 라뚜르, 그랑 아데슈 샤르도네",프랑스,루이 라뚜르 Louis Latour,샤르도네 (Chardonnay) 100%,13.0,10~12 ℃,"굴, 생선, 닭고기 등 흰 살코기 등과 잘 어울린다.",1,4,2,2
381,wine,스파클링,"루이 로드레, 브뤼 프리미에",프랑스,루이 로드레 Louis Roederer,"피노 누아 (Pinot Noir) 40%, 샤르도네 (Chardonnay) 40%, 피노 뮈니에 (Pinot Meunier) 20%",11.0,6~8 ℃,"애피타이저, 해산물, 치즈 등과 잘 어울린다.",1,4,3,1
382,wine,레드,"루이 막스, 부르고뉴 피노누아 보샤므",프랑스,루이 막스 Louis Max,피노 누아 (Pinot Noir) 100%,12.0,14~16 ℃,"그릴에 구운 고기류, 가금류, 치즈와 잘 어울린다.",1,3,4,1
383,wine,화이트,루이스 펠리페 에드워즈 시그니처 샤도네이,칠레,루이스 펠리페 에드워즈 Luis Felipe Edwards,샤르도네 (Chardonnay),13.0,8~10 ℃,"아페리티프, 해산물 요리, 샐러드 등과 잘 어울린다.",1,4,3,2
384,wine,레드,르 졸리 루즈,프랑스,도멘 비르질 졸리 Domaine Virgile Joly,"시라/쉬라즈 (Syrah/Shiraz) 40%, 까리냥 (Carignan/Carignane) 30%, 그르나슈 (Grenache) 25%, 쌩쏘 (Cinsault) 5%",14.0,17~19 ℃,"붉은 육류, 스테이크, 갈비찜, 불고기, 양갈비, 파스타, 다양한 치즈, 한국음식 과 잘 어울린다.",1,3,3,1
385,wine,레드,"리머릭 레인, 에스테이트 시라 그르나슈",미국,리머릭 레인 Limerick Lane,"시라/쉬라즈 (Syrah/Shiraz) , 그르나슈 (Grenache)",14.0,16~18 ℃,"파스타, 피자, 스테이크 등과 잘 어울린다.",1,3,4,4
386,wine,레드,"리카솔리, 론치코네 키안티 클라시코 그란 셀레지오네",이탈리아,리카솔리 Ricasoli,산지오베제 (Sangiovese),14.0,16~18 ℃,"붉은 육류, 치즈, 훈제,염장 음식, 밀가루 음식과 잘 어울린다.",1,4,4,3
387,wine,레드,"리카솔리, 브롤리오 키안티 클라시코 리제르바",이탈리아,리카솔리 Ricasoli,"산지오베제 (Sangiovese) , 메를로 (Merlot) , 카베르네 소비뇽 (Cabernet Sauvignon)",14.0,16~18 ℃,"붉은 육류, 흰 살 생선, 치즈, 훈제,염장 음식, 밀가루 음식 등과 잘 어울린다.",1,3,4,3
388,wine,레드,"마르케시 디 바롤로, 바르바레스코 리제르바",이탈리아,마르케시 디 바롤로 Marchesi di Barolo,네비올로 (Nebbiolo) 100%,14.0,14~16 ℃,"구운 고기, 양고기와 잘 어울린다.",1,3,4,4
389,wine,레드,"마르케시 디 바롤로, 칸누비 바롤로",이탈리아,마르케시 디 바롤로 Marchesi di Barolo,네비올로 (Nebbiolo) 100%,14.0,16~18 ℃,"양갈비, 티본스테이크, 갈비찜 등과 잘 어울린다.",1,3,3,3
390,wine,스파클링,"마리 드 모이, 그랑 크뤼",프랑스,마리 드 모이 Marie de Moy,샤르도네 (Chardonnay),12.0,6~8 ℃,오븐에 구운 연어요리와 잘 어울린다.,1,4,3,4
391,wine,레드,"마리에따, 크리스토",미국,마리에따 셀라 Marietta Cellars,"시라/쉬라즈 (Syrah/Shiraz) 64%, 그르나슈 (Grenache) 23%, 쁘띠 시라 (Petite Sirah) 7%, 비오니에 (Viognier) 6%",15.2,17~19 ℃,"그릴에 구운 양고기, 크림 파스타 등과 잘 어울린다.",1,4,2,1
392,wine,레드,"마리타나 빈야즈, 젠킨스 랜치 싱글 빈야드 피노 누아",미국,마리타나 빈야즈 Maritana Vineyards,피노 누아 (Pinot Noir),14.5,14~16 ℃,"양꼬치, 바비큐, 보쌈, 훈제오리, 불고기, 편육, 모짜렐라, 리코타와 잘 어울린다.",1,4,5,4
393,wine,레드,마오루,프랑스,플로 드 마오루 Plo de Maorou,"시라/쉬라즈 (Syrah/Shiraz) 38%, 그르나슈 (Grenache) 24%, 까리냥 (Carignan/Carignane) 38%",14.5,16~18 ℃,약간 기름진 음식 등과 잘 어울린다.,1,0,3,2
394,wine,레드,"마이클 포잔, 욘트 밀 하우스 피노 누아",미국,마이클 포잔 Michael Pozzan,피노 누아 (Pinot Noir) 100%,14.0,14~16 ℃,구운 연어와 간단한 비네그레트와 염소 치즈로 장식된 샐러드와 잘 어울린다.,1,3,4,3
395,wine,화이트,마투아 랜드 & 레전드 소비뇽 블랑,뉴질랜드,마투아 Matua,소비뇽 블랑 (Sauvignon Blanc) 100%,12.0,8~10 ℃,식사 전후의 에피타이져와 디져트와 잘 어울린다.,1,3,3,2
396,wine,레드,"매티스, 그르나슈",미국,매티스 와이너리 Mathis Winery,"그르나슈 (Grenache) 82%, 까리냥 (Carignan/Carignane) 10%, 쁘띠 시라 (Petite Sirah) 6%, 알리칸테 부쉐 (Alicante Bouschet) 2%",14.0,16~18 ℃,"덩어리 째 오븐에 구운 육류와 햄, 스테이크, 라자냐, 치즈 등과 잘 어울린다.",1,4,2,1
397,wine,화이트,"메종 카스텔, 소비뇽 블랑",프랑스,메종 카스텔 Maison Castel,소비뇽 블랑 (Sauvignon Blanc),13.0,8~10 ℃,"연어 타르타르 스테이크와 같은 해산물 요리, 샐러드와 같은 야채, 생선 그릴 요리와 잘 어울린다.",1,3,4,5
398,wine,스파클링,"메종 카스텔, 퀴베 블랑쉬 브뤼",프랑스,메종 카스텔 Maison Castel,샤르도네 (Chardonnay),11.0,6~8 ℃,"디저트, 조개, 생선 요리 또는 반주와 잘 어울린다.",1,4,1,1
399,wine,화이트,"메종 카스텔, 푸이 퓌메",프랑스,메종 카스텔 Maison Castel,소비뇽 블랑 (Sauvignon Blanc),13.0,8~10 ℃,"샤프란을 곁들인 생선 스튜 요리 등 생선, 갑각류, 조개 요리, 크림 소스를 곁들인 가금류 요리와 잘 어울린다.",1,4,1,1
400,wine,화이트,"멜쉐이머, 리슬링 파인헤릅",독일,바인굿 멜쉐이머 Weingut Melsheimer,리슬링 (Riesling) 100%,10.5,8~10 ℃,"베이컨, 꼬치구이, 해산물, 양념치킨, 하몽, 살라미, 아시아요리, 매운음식, 동남아요리등과 잘 어울린다.",1,4,1,1
