,주종,상품명,생산국가,제조사,주원료,용량,도수
0,전통주,입장탁주,대한민국,(농) 입장주조㈜,국내산 쌀,750ml,7
1,전통주,톡 한잔 소주,대한민국,(농)(유)대마주조,"국내산 보리, 쌀",500ml,30
2,전통주,자연담은 복분자막걸리,대한민국,(농)국순당고창명주㈜,"국내산 복분자(고창), 정제수",360ml,6
3,전통주,로얄 안동소주,대한민국,(농)유토피아㈜,국내산 쌀,"600ml, 800ml",45
4,전통주,지란지교,대한민국,(유)친구들의 술 지란지교,"찹쌀,멥쌀,전통누룩(밀),정제수",500ml,17
5,전통주,지란지교 무화과 탁주,대한민국,(유)친구들의술지란지교,"찹쌀, 멥쌀(국내산), 전통누룩(국내산 밀), 정제수, 무화과청, 레드비트분말, 밀함유",500ml,12
6,전통주,지란지교 약주,대한민국,(유)친구들의술지란지교,"찹쌀, 멥쌀(국내산), 전통누룩(국내산 밀), 정제수, 밀함유","375ml, 500ml",17
7,전통주,꽃 와인,대한민국,264청포도 와이너리,포도(92%(안동 청수 100%)),"375ml, 750ml",11.5
8,전통주,인사이더 블루베리,대한민국,가나다라브루어리,"사과, 정제수, 효모, 설탕, 블루베리, 구연산(산도조절제), 합성향료(블루베리향),베리류색소,이산화탄소",330ml,3
9,전통주,로제사이더 오미한잔,대한민국,가나다라브루어리,"사과즙(국내산),건조오미자(국내산), 이산화탄소, 효모, 소브산칼륨, 메타중아황산칼륨",500ml,4.5
10,전통주,가야 프리미엄 막걸리,대한민국,가야양조장,김해 쌀(100%),750ml,6
11,전통주,님 그리다,대한민국,가야양조장,"찹쌀, 멥쌀, 누룩(밀)",750ml,6
12,전통주,포엠 로제와인,대한민국,갈기산농업회사,"포도, 설탕, 효모, 메타중아황산나트륨, 소르빈산칼륨",750ml,12
13,전통주,포엠 화이트와인,대한민국,갈기산농업회사,"포도, 백설탕, 효모",750ml,12
14,전통주,로제와인,대한민국,갈기산포도농원,포도(국내산),550ml,12
15,전통주,모리,대한민국,강산명주,"정제수, 보리증류원액",375ml,19
16,전통주,연희유자,대한민국,같이양조장,"멥쌀, 찹쌀, 유자",375ml,10
17,전통주,연희장미,대한민국,같이양조장,"정제수, 멥쌀, 찹쌀, 누룩, 장미",375ml,10
18,전통주,연희민트,대한민국,같이양조장,"정제수, 멥쌀, 찹쌀, 누룩(밀함유), 민트",375ml,9
19,전통주,연희매화,대한민국,같이양조장,"찹쌀, 누룩, 정제수, 매화",375ml,12
20,전통주,산내울 사과애주,대한민국,거창사과원예농협,"사과, 설탕, 주정, 정제수, 과당",750ml,16
21,전통주,산내울 복분자주,대한민국,거창사과원예농협,"복분자, 설탕, 주정, 정제수, 과당",750ml,16
22,전통주,장수홍삼주,대한민국,경원리큐르,국내산 인삼,750ml,25
23,전통주,계룡백일주 40%,대한민국,계룡백일주,"찹쌀, 백미, 누룩, 재래종국화꽃, 오미자, 진달래, 재래종 솔잎",600ml,40
24,전통주,장보고의 꿈 황칠약주,대한민국,고금주조장,"정제수, 경기미햅쌀(국내산 멥쌀), 국, 효모 (밀함유)",500ml,15
25,전통주,완도유자막걸리,대한민국,고금주조장,"정제수, 완도쌀,소맥분,입국,효모,정제효소,유자즙,",750ml,6
26,전통주,징기스칸,대한민국,고도리 와이너리,레드와인,375ml,40
27,전통주,고도리 화이트와인 스위트,대한민국,고도리 와이너리,거봉포도(영천),750ml,10.5
28,전통주,레드 와인 500,대한민국,고도리 와이너리,친환경 거봉 포도,500ml,12
29,전통주,고도리 청수 와인,대한민국,고도리 와이너리,포도(청수),750ml,10.5
30,전통주,고도리 레드와인 스위트,대한민국,고도리 와이너리,MBA 머루포도(영천),750ml,12
31,전통주,고도리 화이트와인 드라이,대한민국,고도리 와이너리,거봉포도(영천),750ml,10.5
32,전통주,고도리 복숭아와인,대한민국,고도리 와이너리,복숭아(경북 영천),750ml,6.5
33,전통주,고도리 로제와인,대한민국,고도리 와이너리,거봉 포도,"375ml, 750ml",12
34,전통주,고도리 아이스와인(아이스 375),대한민국,고도리 와이너리,포도,375ml,12
35,전통주,고도리 샤인머스캣 화이트와인,대한민국,고도리 와이너리,"샤인머스캣99%(국내산), 설탕, 효모, 소브산칼륨, 메타중아황산칼륨","375ml, 750ml",10.5
36,전통주,고도리 징기스칸 브랜디,대한민국,고도리 와이너리,머루포도,375ml,40
37,전통주,고도리 아이스 와인 망고와인,대한민국,고도리 와이너리,mba머루포도 효모 메타중아황사 설탕,375ml,12
38,전통주,고도리 프룬와인,대한민국,고도리 와이너리,"자두 99.585%, 설탕 0.4%, 효모 0.005%, 메타중아황산칼륨 0.005%, 솔빈산칼륨 0.005%",375ml,11.5
39,전통주,꽃빛서리,대한민국,고창서해안복분자주,"증류원액(백미, 생화20가지, 효모), 정제수, 주정, 결정과당, 구연산, L-아스파라긴산, 효소처리스테비아",360ml,17.2
40,전통주,고창선운산 땡큐블루베리주,대한민국,고창선운산,"블루베리과실, 주정, 효모, 구연산, 정제수",300ml,13
41,전통주,쿨샷 7.5,대한민국,고창선운산,"복분자과실, 주정, 효모, 구연산, 정제수",300ml,7.5
42,전통주,고창선운산 복분자주 특1호,대한민국,고창선운산,"복분자과실, 주정, 효모, 구연산, 정제수",1800ml,15
43,전통주,고창선운산 땡큐복분자주,대한민국,고창선운산,"복분자과실, 주정, 효모, 구연산, 정제수",300ml,13
44,전통주,동학 1957,대한민국,고헌정영농조합법인,"국내산 쌀, 구연산, 효모, 젖산, 정제효소제, 국, 주정, 정제수","375ml, 700ml",13
45,전통주,골목막걸리 프리미엄 12,대한민국,골목양조장,"정제수, 쌀(국내산), 국, 효모",350ml,12
46,전통주,과천미주,대한민국,과천도가,"정제수, 경기미햅쌀(국내산 멥쌀), 국, 효모 (밀함유)",500ml,9
47,전통주,광양 생 막걸리 골드,대한민국,광양주조공사,"정제수, 쌀(국산100%), 입국(국산), 곡자(국산누룩), 아스파탐(감미료, 페닐알라닌 함유), 정제효소, 효모, 젖산, 액화효소",750ml,5
48,전통주,광양 생 막걸리,대한민국,광양주조공사,"정제수, 쌀(국산100%), 입국(국산), 곡자(국산누룩), 아스파탐(감미료, 페닐알라닌 함유), 정제효소, 효모, 젖산, 액화효소",750ml,5
49,전통주,경주교동법주,대한민국,교동법주,찹쌀(국내산),900ml,16
50,전통주,구암대추막걸리,대한민국,구암농산,"쌀, 대추",1000ml,6
51,전통주,아이싱 자몽,대한민국,국순당,"쌀, 자몽엑기스","350ml, 300ml",4
52,전통주,국순당 생막걸리 대박,대한민국,국순당,쌀,750ml,6
53,전통주,국순당 이화주,대한민국,국순당,"이화누룩, 국내산쌀",400ml,12.5
54,전통주,옛날막걸리 古,대한민국,국순당,"국내산쌀, 누룩",750ml,8
55,전통주,1000억 유산균 막걸리,대한민국,국순당,"국내산쌀, 누룩",750ml,5
56,전통주,사시통음주,대한민국,국순당,"쌀, 누룩, 밀가루",550ml,18
57,전통주,2017년 햅쌀로 빚은 첫술,대한민국,국순당,국내산 햅쌀,750ml,7
58,전통주,려,대한민국,국순당,"쌀증류소주원액(여주산 쌀 100%), 정제수, 고구마증류소주원액(여주산 고구마 100%)","375ml, 500ml",25
59,전통주,오디랑,대한민국,국순당고창명주㈜,"오디(국산) 18.2%, 정제수, 과당, 주정, 구연산, 효모",330ml,13
60,전통주,명작복분자,대한민국,국순당고창명주㈜,복분자,375ml,13
61,전통주,선운산의 아침 복분자 막걸리,대한민국,국순당고창명주㈜,"복분자, 쌀, 효모, 국, 과당, 구연산, 젖산, 정제수",750ml,6
62,전통주,그랑꼬또 M56,대한민국,그린영농조합,포도,750ml,12
63,전통주,그랑꼬또 로제와인,대한민국,그린영농조합,포도,750ml,12
64,전통주,그랑꼬또 청수,대한민국,그린영농조합,포도,750ml,12
65,전통주,그랑꼬또 레드와인,대한민국,그린영농조합,국내산 포도(캠벨얼리),"750ml, 375ml",12
66,전통주,바랑 탁,대한민국,금계당,"국내산 찹쌀, 국내산 멥쌀, 누룩, 소맥분, 정제수",375ml,15
67,전통주,별바랑,대한민국,금계당,"국내산 찹쌀, 국내산 멥쌀, 누룩, 정제수",375ml,17.5
68,전통주,금산인삼주 12.5%,대한민국,금산인삼주,"국내산쌀 93.5%, 국내산인삼 6.5%",360ml,12.5
69,전통주,명인 홍삼주,대한민국,금산인삼주,"쌀, 홍삼, 누룩, 정제수 등",375ml,12.5
70,전통주,금설,대한민국,금산인삼주,"쌀(국내산)증류원액, 금박(순도97%), 기타과당",375ml,35
71,전통주,미르아토 로제와인,대한민국,금용농산,켐벨포도 등,750ml,12
72,전통주,미르아토 청수 스위트 (화이트)와인,대한민국,금용농산,포도 등,750ml,12
73,전통주,미르아토 증류주 tears of god,대한민국,금용농산,포도 등,200ml,40
74,전통주,사과와인,대한민국,금이산농원,"사과(국내산), 백설탕, 효모, 메타중아황산칼륨",500ml,12
75,전통주,복숭아와인,대한민국,금이산농원,"복숭아(국내산), 백설탕, 효모, 메타중아황산칼륨",500ml,12
76,전통주,금정산성막걸리,대한민국,금정산성 토산주,"백미, 밀(누룩), 정제수",750ml,8
77,전통주,금풍양조,대한민국,금풍양조장,"정제수, 쌀(강화도), 국, 효모, 밀함유",750ml,6.9
78,전통주,과하주23,대한민국,김천과하주,쌀 100%,"400ml, 700ml, 1000ml",23
79,전통주,김천대학교 자두사랑 자두와인,대한민국,김천대학교 자두사랑,피자두 (레드) / 후무사 (화이트),750ml,12
80,전통주,미생 막걸리,대한민국,김포금쌀탁주영농조합법인,"국내산 쌀, 누룩, 효모, 정제효소, 정제수",750ml,6
81,전통주,선호 생막걸리,대한민국,김포금쌀탁주영농조합법인,"국내산 쌀, 누룩, 효모, 정제효소, 천연감미료, 정제수",750ml,6
82,전통주,김포특주,대한민국,김포금쌀탁주영농조합법인,"국내산 쌀, 효모, 정제효소,정제수, 프락토올리고당",375ml,15
83,전통주,한강의설레임,대한민국,김포도가두두,"쌀(김포산), 개량누룩, 효모, 정제수",600ml,11
84,전통주,김포 막걸리,대한민국,김포양조,"쌀, 누룩, 정제수",750ml,6
85,전통주,김포예주,대한민국,김포양조,"국내산 쌀, 옥전분",750ml,13
86,전통주,김포별주,대한민국,김포양조,"쌀, 옥수수 전분, 국, 효모, 젖산, 효소제, 정제수",500ml,13
87,전통주,김포약주,대한민국,김포양조,"옥수수 전분, 밀, 국, 효모, 젖산, 효소제, 정제수",750ml,11
88,전통주,김포예주 프리미엄,대한민국,김포양조,"국내산 쌀, 국, 효모, 젖산, 정제수",750ml,13
89,전통주,까메오 막걸리,대한민국,낙천,"정제수, 쌀, 효모, 누룩, 과당 등",550ml,6
90,전통주,지장수 호박 생 막걸리,대한민국,낙천,"정제수(지장수), 쌀, 효모, 누룩, 과당 등",750ml,6
91,전통주,지장수 호박막걸리,대한민국,낙천,"정제수(지장수), 쌀, 효모, 누룩, 과당 등",550ml,6
92,전통주,낙천 옥수수 생동동주,대한민국,낙천 탁주제조장,"정제수, 쌀, 옥수수분말, 치자, 입국, 효모, 올리고당, 정제효소, 아스파탐, 사카린나트륨, 밀함유",1700ml,5
93,전통주,열대야,대한민국,날씨양조장,"쌀. 찹쌀, 누룩, 망고, 레몬, 정제수, 밀함유",750ml,9
94,전통주,정고집 나주배 약주 9%,대한민국,남도탁주,"쌀, 쌀가루(국내산), 배착즙액(나주산), 정제효소제, 종국, 젖산, 효모",500ml,9
95,전통주,정고집 나주배 약주 15%,대한민국,남도탁주,"쌀, 쌀가루(국내산), 배착즙액(나주산), 정제효소제, 종국, 젖산, 효모",500ml,15
96,전통주,남한산성소주,대한민국,남한산성소주,"쌀, 엿, 누룩",400ml,40
97,전통주,남한산성소주 21,대한민국,남한산성소주,"쌀증류식소주원액{맵쌀백미(국내산), 쌀}, 조청{쌀(국내산), 엿기름(보리, 국내산), 누룩, 정제수}, 정재수",375ml,21
98,전통주,강소주,대한민국,내국양조,"국내산 쌀, 정제수","200ml, 1800ml",50
99,전통주,화주,대한민국,내국양조,"국내산 쌀, 홍삼농축액, 정제수",375ml,25
100,전통주,송이주,대한민국,내국양조,"국내산 쌀, 송이농축액, 누룩, 정제수",375ml,13
101,전통주,능이주,대한민국,내국양조,"국내산 쌀, 능이농축액, 누룩, 정제수",375ml,13
102,전통주,별,대한민국,내국양조,"올벼찹쌀, 누룩, 효모, 젖산, 정제수",375ml,20
103,전통주,하늘,대한민국,내국양조,"보리, 증류식소주원액, 조제종국, 정제수, 젖산, 효모, 구연산, 오크칩",375ml,45
104,전통주,바람,대한민국,내국양조,"쌀, 증류식소주원액,정제주정, 정제수, 구연산",375ml,20
105,전통주,시,대한민국,내국양조,"딸기, 설탕 효모, 구연산, 포도당, 오크칩",375ml,13
106,전통주,줄포 생막걸리,대한민국,내변산(동진주조),국내산 쌀,750ml,6
107,전통주,맑은술 해밀,대한민국,내변산양조장,"쌀, 누룩, 정제수",500ml,15
108,전통주,담진주,대한민국,내올담 양조장,"경기미, 정제수, 우리밀누룩",500ml,9
109,전통주,담골드,대한민국,내올담 양조장,500ml,"경기미, 정제수, 우리밀누룩",12
110,전통주,내장산 복분자주 지통1호,대한민국,내장산 복분자 영농조합,"복분자, 주정, 정제수, 설탕 등",700ml,16
111,전통주,복분자주 360,대한민국,내장산 복분자 영농조합,"복분자, 주정, 정제수, 설탕 등",360ml,16
112,전통주,노미,대한민국,내촌주조,"국내산 찹쌀, 국내산 쌀",700ml,18
113,전통주,너브내스파클링사과와인,대한민국,너브내와이너리,"사과, 배, 효모, 설탕, 아황산, 수크랄로스, 자일리톨",375ml,8.5
114,전통주,끌로너와 스위트와인,대한민국,너와마을영동조합,머루,750ml,12
115,전통주,일지춘,대한민국,노금주가,"철원오대쌀(국내산), 찹쌀(국내산), 누룩(국내산 밀), 정제수","375ml, 500ml",15
116,전통주,고흥유자주 봄에디션,대한민국,녹동양조장,"쌀, 입국, 누룩, 유자, 원당",500ml,8
117,전통주,녹천 소곡화주 500ml,대한민국,녹천주조장,"찹쌀, 누룩, 백미, 정제수",500ml,41
118,전통주,녹천 소곡화주 480ml,대한민국,녹천주조장,"찹쌀, 누룩, 백미 , 정제수",480ml,41
119,전통주,일엽편주,대한민국,농암종택 전통주,"찹쌀, 멥쌀(국내산), 누룩, 정제수, 밀 함유",375ml,38
120,전통주,일엽편주,대한민국,농암종택 전통주,"찹쌀, 멥쌀(국내산), 누룩, 정제수, 밀 함유",750ml,12
121,전통주,일엽편주,대한민국,농암종택 전통주,"찹쌀, 멥쌀(국내산), 누룩, 정제수, 밀 함유",375ml,15
122,전통주,달 1614 스위트와인,대한민국,농업회사 덕유,"머루(국내산), 포도(국내산), 설탕, 메타중아황산칼륨(산화방지제), 효모",750ml,12
123,전통주,달홀진주25,대한민국,농업회사법인 달홀주조,"정제수 증류원액(쌀: 국내산), 국, 효모, 정제효소제",375ml,25
124,전통주,달홀진주40,대한민국,농업회사법인 달홀주조,"정제수 증류원액(쌀: 국내산), 국, 효모, 정제효소제",375ml,40
125,전통주,주향아라,대한민국,농업회사법인 담을,"쌀, 국, 효모, 정제수",500ml,55
126,전통주,주향담을,대한민국,농업회사법인 담을,"쌀, 국, 효모, 정제수",500ml,41
127,전통주,예화,대한민국,농업회사법인 대윤가야곡주조㈜,"쌀, 누룩, 효모, 물엿, 정제수",750ml,13
128,전통주,오목대,대한민국,농업회사법인 동문거리양조장㈜,"보리(국내산), 맥아(국내산), 말토텍스트린, 호프펠렛, 효모, 정제효소제, 정제수","1,000ml",5
129,전통주,삼선,대한민국,농업회사법인 두루㈜,"국내산쌀, 누룩, 정제수",500ml,10
130,전통주,고타다이브,대한민국,농업회사법인 두루㈜,"물, 쌀(국내산), 국, 효모 밀함유",730ml,6
131,전통주,맑은내일 유자,대한민국,농업회사법인 맑은내일 주식회사,"정제수, 쌀, 입국[쌀], 주정, 유자과즙, 기타과당, 누룩[밀], 효모, 아밀라아제",735ml,7
132,전통주,밤빛머루,대한민국,농업회사법인 산들벗㈜,무주 머루,360ml,16.9
133,전통주,오롯이 복숭아,대한민국,농업회사법인 솔티마을,"복숭아(국내산) 68%, 설탕, 효모, 이산화탄소, 구연산",375ml,9
134,전통주,우주멜론미 스파클링 막걸리,대한민국,농업회사법인 시향가㈜,"정제수, 멥쌀, 찹쌀, 멜론과즙, 누룩, 설탕, 밀함유",300ml,5
135,전통주,시향가,대한민국,농업회사법인 시향가㈜,"물, 쌀(국내산), 건조토란(국내산), 국, 젖산, 효모, 밀",500ml,8
136,전통주,산막 생유 막걸리,대한민국,농업회사법인 신탄진주조㈜,"국내산 쌀, 소맥분, 종국, 효모",750ml,6
137,전통주,하타,대한민국,농업회사법인 신탄진주조㈜,"쌀, 쌀입국, 효모, 정제수",500ml,16
138,전통주,겨울소주45,대한민국,농업회사법인 아리랑주조㈜,"증류원액[쌀(국내산), 국, 효모, 효소] 100%",360ml,45
139,전통주,연천 연주,대한민국,농업회사법인 연천양조㈜,"쌀(국내산), 누룩, 정제수",500ml,12
140,전통주,연천 우주,대한민국,농업회사법인 연천양조㈜,"쌀(국내산), 누룩, 효모, 효소, 연천율무, 정제수",360ml,22
141,전통주,연천 아주,대한민국,농업회사법인 연천양조㈜,"쌀(국내산), 누룩, 정제수",750ml,8
142,전통주,율무 동동주,대한민국,농업회사법인 연천양조㈜,"쌀(국내산), 누룩, 효모, 연천 율무, 정제수",750ml,14
143,전통주,김유정역,대한민국,농업회사법인 예술,"쌀, 정제수, 밀누룩",300ml,6
144,전통주,오매백주,대한민국,농업회사법인 오산양조㈜,"쌀(국내산), 국, 효모, 정제수",500ml,12
145,전통주,오산막걸리,대한민국,농업회사법인 오산양조㈜,"쌀(국내산), 국, 효모, 정제수",500ml,6
146,전통주,맑은내일 Winery 단감명작,대한민국,농업회사법인 우포의아침 주식회사,"단감, 정제수, 설탕, 효소제, 무수구연산, 효모, 무수아황산(산화방지제), 소브산(보존료)",750ml,7
147,전통주,맑은내일 스파클링막걸리 Signature,대한민국,농업회사법인 우포의아침 주식회사,"정제수, 맵쌀(국내산), 누룩, 정제효소, 아스파탐(합성감미료 / 페닐알라닌함유), 밀함유",970ml,6
148,전통주,맑은내일 발효막걸리 Signature,대한민국,농업회사법인 우포의아침 주식회사,"정제수, 백미(국내산), 누룩, 정제효소, 아스파탐(합성감미료/페닐알라닌함유), 밀함유",930ml,6.5
149,전통주,사화정미소,대한민국,농업회사법인 우포의아침 주식회사,"정제수, 찹쌀(국내산), 맵쌀(국내산), 쌀입국, 누룩, 효모, 정제효소, 밀함유",480ml,12
150,전통주,조선주조사,대한민국,농업회사법인 우포의아침 주식회사,"쌀(국내산), 입국, 누룩, 주정, 정제수","300ml, 700ml",14
151,전통주,여유25,대한민국,농업회사법인 유한회사 양촌양조,"증류원액(쌀 국내산 100%), 정제수",375ml,25
152,전통주,여유소주19,대한민국,농업회사법인 유한회사 양촌양조,"증류원액(쌀: 국내산100%), 정제수",375ml,19
153,전통주,이상헌 소주,대한민국,농업회사법인 이가수불㈜,증류소주원액,500ml,52
154,전통주,다랭이팜 유자 막걸리,대한민국,농업회사법인 주식회사 다랭이팜,"정제수, 유기농7분도쌀, 친환경유자원액, 혼합제과 누룩",750ml,6
155,전통주,다랭이팜 생막걸리,대한민국,농업회사법인 주식회사 다랭이팜,"지하정제수, 9분도쌀, 찹쌀, 혼합제제 누룩,",750ml,6
156,전통주,감천막걸리,대한민국,농업회사법인 주식회사 벗드림,"정제수, 멥쌀(국내산), 누룩, 효모, 밀함유",750ml,6
157,전통주,화전일취 15,대한민국,농업회사법인 주식회사 지시울,찹쌀(국내산) 멥쌀(국내산) 전통누룩(국내산 밀) 정제수,500ml,15
158,전통주,선비 진,대한민국,농업회사법인 토끼소주㈜,"진증류원액, 찹쌀(국내산), 감귤(국내산)",375ml,48
159,전통주,선비 보드카,대한민국,농업회사법인 토끼소주㈜,"정제수, 주정, 쌀증류식소주원액",750ml,40
160,전통주,토끼 소주,대한민국,농업회사법인 토끼소주㈜,"정제수, 찹쌀, 누룩, 효모, 효소제\\",375ml,23
161,전통주,냥이탁주 화이트,대한민국,농업회사법인 행주산성주가,"정제수, 쌀, 누룩, 밀함유",350ml,10.5
162,전통주,지리산 강쇠,대한민국,농업회사법인(유)술소리,"정제수, 쌀, 누룩, 오가피, 산수유, 오미자, 정백당 ,구연산, 정제효소, 야관문",375ml,13
163,전통주,주몽복분자주,대한민국,농업회사법인(유)술소리,"국내산 쌀, 국내산 복분자",375ml,16
164,전통주,황진이주,대한민국,농업회사법인(유)술소리,"국내산 오미자, 국내산 산수유",375ml,13
165,전통주,천마이야기 막걸리,대한민국,농업회사법인산들벗㈜,"팽화미, 입국미, 무주천마분말, 오미자추출액",750ml,6
166,전통주,블루베리 이야기,대한민국,농업회사법인산들벗㈜,"국내산 산머루 50%, 블루베리 50%",375ml,12
167,전통주,오마이갓스파클링,대한민국,농업회사법인송도향(유),"정제수, 목련발효청, 쌀, 입국, 쌀보리, 고구마, 탄산가스, 누룩, 효모, 정제효소",500ml,9
168,전통주,송도막걸리,대한민국,농업회사법인송도향(유),"정제수, 쌀(국내산), 쌀보리(국내산), 고구마(국내산), 레몬, 자일리톨, 종국, 효모, 정제효소",700ml,6
169,전통주,도원결의,대한민국,농업회사법인영덕주조,"정제수, 쌀, 복숭아, 조효소제, 효모, 젖산, 정제효소제, 효소처리스테비아, 구연산, 복숭아향",375ml,15
170,전통주,해방주,대한민국,농업회사법인영덕주조,해방풍연한잎(국내산),375ml,18.8
171,전통주,대대포 막걸리,대한민국,농업회사법인㈜담양죽향도가,"쌀, 벌꿀, 정제수, 정제효소, 스테비올배당체, 젖산, 종국, 효모",750ml,6
172,전통주,도깨비술 11,대한민국,농업회사법인㈜도깨비양조장,"정제수, 쌀, 국,효모",750ml,11
173,전통주,애석,대한민국,농업회사법인㈜두루,"국내산쌀, 누룩, 정제수",500ml,15
174,전통주,진맥소주 22%,대한민국,농업회사법인㈜밀과노닐다,유기농 우리밀 100%,375ml,22
175,전통주,볼빨간막걸리 10,대한민국,농업회사법인㈜벗드림,"찹쌀(국내산), 누룩, 정제수",500ml,10
176,전통주,봉하쌀 생막걸리,대한민국,농업회사법인㈜봉하마을,"쌀(국내산), 정제효소, 젖산, 효모, 아스파탐, 정제수",750ml,6
177,전통주,붉은진주 머루와인 드라이,대한민국,농업회사법인㈜붉은진주,"머루(99.965%), 무수아황산(산화방지제) 0.035%",750ml,12
178,전통주,붉은진주 머루와인 스위트,대한민국,농업회사법인㈜붉은진주,"머루.(91.445%), 백설탕 (8.5%), 무수아황산(산화방지제) (0.035%), 소르빈산(보존료) (0.02%)",750ml,12
179,전통주,백자주,대한민국,농업회사법인㈜산수,"국내산 찹쌀, 멥쌀, 잣, 누룩, 정제수",500ml,10
180,전통주,동정춘,대한민국,농업회사법인㈜산수,"쌀, 누룩, 정제수",500ml,8
181,전통주,백이주,대한민국,농업회사법인㈜세찬,"쌀(국산), 홍마늘액(국산), 감초(국산), 개량누룩(국산), 효모, 정제효소제, 정제수, 밀함유",800ml,35
182,전통주,당당하리,대한민국,농업회사법인㈜세찬,"쌀(국산), 홍마늘(국산), 감초(국산), 효모, 개량누룩, 정제효소제, 정제수, 복분자(국산), 설탕, 올리고당, DL-사과산, 구연산, 무수이황산",375ml,15
183,전통주,명가원 산머루주,대한민국,농업회사법인㈜솔송주,"머루(국내산)49.22%, 정제수, 주정(45%), 설탕, 액상과당, 효모, 구연산, 호박산",750ml,16
184,전통주,청주신선주탁주,대한민국,농업회사법인㈜신선,"청원생명쌀(청주산), 정제수, 찹쌀(국내산), 전통누룩(국내산)(밀함유), 약재(국화, 쇠무릅, 당귀, 하수오, 구기자, 맥문동, 인삼, 육계(계피), 숙지황, 생지황)",500ml,10
185,전통주,죽향 생 막걸리,대한민국,농업회사법인㈜죽향도가,"쌀(국내산), 정제효소, 젖산, 효모, 아스파탐, 정제수",750ml,6
186,전통주,담향 대대포 블루,대한민국,농업회사법인㈜죽향도가,"백미(국내산, 무기농 무농약), 벌꿀(국내산), 정제수",600ml,6
187,전통주,밀담40,대한민국,농업회사법인㈜착한농부,"단수수(국내산)증류원액, 정제수",360ml,40
188,전통주,예천주복 만월24,대한민국,농업회사법인㈜착한농부,"복분자(국내산)증류원액, 복분자(국내산)과즙, 정제수",350ml,40
189,전통주,예천주 사월365,대한민국,농업회사법인㈜착한농부,"오미자(국내산)증류원액, 건오미자(국내산)추출액, 정제수",375ml,36.5
190,전통주,예천주 사월24,대한민국,농업회사법인㈜착한농부,"오미자(국내산)증류원액, 건오미자(국내산)추출액, 정제수",375ml,24
191,전통주,착한농부 막시모 25,대한민국,농업회사법인㈜착한농부,"단수수(국내산)증류원액, 주정, 오미자(국내산)추출액, 합성향료(오미자향, 복분자향), 캬라멜, 정제수",360ml,25
192,전통주,착한농부 막시모 17,대한민국,농업회사법인㈜착한농부,"단수수(국내산)증류원액, 주정, 오미자(국내산)추출액, 합성향료(오미자향, 복분자향), 캬라멜, 정제수",360ml,17
193,전통주,착한농부 막시모파인오크 40,대한민국,농업회사법인㈜착한농부,"단수수(국내산)증류원액, 오미자(국내산)추출액, 합성향료(오미자향, 복분자향), 정제수",200ml,40
194,전통주,진안블랙,대한민국,농업회사법인㈜태평주가,"팽화미, 블랙보리, 누룩, 수삼, 홍삼농축액, 보리침출 주정(이상 국내산), 효모, 정제수",500ml,40
195,전통주,북한강25,대한민국,농업회사법인㈜화천주가,"쌀(화천군), 누룩(국내산), 효모(토종), 정제수 [밀(곡류)함유]",375ml,25
196,전통주,화천용화산,대한민국,농업회사법인㈜화천주가,"정제수,쌀(화천군),곡자(밀/국내산),이소말토올리고당,효모, 정제효소제 밀함유",750ml,10
197,전통주,라봉,대한민국,다도참주가,"물, 쌀(국내산), 한라봉(국내산), 올리고당, 누룩, 아스파탐(감미료, 페닐알라닌함유),",650ml,5.5
198,전통주,딸링 막걸리,대한민국,다도참주가,"물, 쌀, 올리고당, 딸기, 누룩, 조제종국, 효모, 아스파탐(감미료, 페닐알라닌 함유)",650ml,5.5
199,전통주,참주가 솔 막걸리,대한민국,다도참주가,"물, 쌀(국내산), 솔잎(국내산), 당귀(국내산), 한라봉(국내산), 누룩, 올리고당, 아스파탐(감미료, 페닐알라닌함유), 조제종국, 효모 밀,우유함유",650ml,5.5
200,전통주,오곡 진상주,대한민국,대강양조장,"쌀, 밀, 보리, 옥수수, 조 등",750ml,7
201,전통주,호담 300ml,대한민국,대농바이오우리산삼,"산양산삼, 정제수, 주정",300ml,20
202,전통주,산삼가득 명술,대한민국,대농바이오우리산삼,"국내산 주정, 국내산 산양산삼 5년근",375ml,20
203,전통주,만품 산삼가득,대한민국,대농바이오우리산삼,"국내산쌀(경기미), 국내 산양산삼",350ml,13
204,전통주,호담 산양산삼 막걸리,대한민국,대농바이오우리산삼,"쌀(경기미), 입국, 산양산삼, 정제수, 아스파탐",750ml,6
205,전통주,"진도홍주, 만홍",대한민국,대대로영농조합법인,"국내산 쌀, 국내산 지초","400ml, 500ml",40
206,전통주,진도홍주 루비콘,대한민국,대대로영농조합법인,"쌀, 누룩, 지초, 정제수",375ml,40
207,전통주,"진도홍주 아라리35%, 루비콘40%",대한민국,대대로영농조합법인,"국내산 쌀, 국내산 지초","375ml, 500ml, 700ml",35
208,전통주,명품홍주,대한민국,대대로영농조합법인,"쌀, 지초",375ml,38
209,전통주,진도 백주,대한민국,대대로영농조합법인,"쌀(국내산)100%, 정제수, 조제종국, 효모, 지초(국내산), 올리고당, 구연산, 알라닌",375ml,38
210,전통주,대윤 가야곡 왕주,대한민국,대윤가야곡주조,"쌀, 누룩, 효모, 물엿, 정제수",300ml,13
211,전통주,모을동주 약주,대한민국,대작영농조합법인,"쌀(국내산), 조제종국 효모, 정제효소, 정제수",375ml,13
212,전통주,멜론서리,대한민국,댄싱사이더 컴퍼니,"사과즙(국산), 멜론과즙(국산), 정제수, 건조녹차(국산), 탄산가스, 페퍼민트티, 사과산(산도조절제), 구연산(산도조절제), 효모, 메타중아황산칼륨, 멜론항아황산류함유",330ml,5
213,전통주,신애유자,대한민국,댄싱사이더 컴퍼니,"사과즙(국산), 정제수, 벌꿀(국산), 생강즙(국산), 유자과즙(국산), 탄산가스, 로즈마리티, 사과산(산도조절제), 구연산(산도조절제), 천일염, 메타중아황산칼륨, 효모아황산류","330ml, 750ml",5
214,전통주,루드베리,대한민국,댄싱사이더 컴퍼니,"사과즙(국산), 정제수, 딸기퓌레(국산), 건조레몬그라스(국산), 탄산가스, 동결건조딸기분말(국산), 바질잎, 사과산(산도조절제), 효모, 메타중아황산칼륨(산화방지제), 아황산류함유",750ml,4.5
215,전통주,요새로제,대한민국,댄싱사이더 컴퍼니,"사과즙(국산), 오미자, 라즈베리차, 정제수, 효모, 사관산(산도조절제), 탄산가스, 메타중아황산칼륨(산화방지제)",750ml,6.4
216,전통주,댄싱사이더 치키피치,대한민국,댄싱사이더 컴퍼니,"사과즙, 정제수, 복숭아즙, 벌꿀, 복숭아티, 사과산, 구연산, 효모, 메타중아황산칼륨, 아황산류 함유",330ml,4.6
217,전통주,문앞에봄,대한민국,댄싱사이더 컴퍼니,"사과산,바질잎,동결건조딸기분말,이산화탄소,사과즙,정제수,딸기퓌레,설탕,건조레몬그라스,효모,메타중아황산칼륨",750ml,4.5
218,전통주,원매,대한민국,더한주류,"매실원주액, 매실청, 꿀, 카라멜, 효소처리스테비아, 정제수",750ml,15
219,전통주,서울의 밤,대한민국,더한주류,"매실증류주원액, 벌꿀, 포도당, 노간주나무열매, 정제수",375ml,25
220,전통주,매실원주 허니,대한민국,더한주류,"국내산 황매  80%, 청매20%",300ml,13
221,전통주,원매 프리미엄,대한민국,더한주류,국내산 황매실,700ml,20
222,전통주,천매,대한민국,더한주류,매실,600ml,30
223,전통주,명랑 스컬,대한민국,더한주류,"매실증류주원액, 벌꿀, 포도당, 노간주나무열매, 정제수",375ml,17
224,전통주,원매,대한민국,더한주류,"매실원주액, 매실청, 꿀, 카라멜, 효소처리스테비아, 정제수",750ml,20
225,전통주,무주구천동머루와인,대한민국,덕유양조,머루,750ml,12
226,전통주,도깨비술 7,대한민국,도깨비양조장,"국내산 멥쌀, 누룩, 효모, 정제수",750ml,7
227,전통주,도깨비술 9,대한민국,도깨비양조장,"국내산 멥쌀, 누룩, 효모, 정제수",750ml,9
228,전통주,샤토미소 랑,대한민국,도란원,청수,375ml,12
229,전통주,샤토미소 레드 드라이,대한민국,도란원,"MBA, 산머루, 캠벨 얼리",750ml,13
230,전통주,샤토미소 레드 스위트,대한민국,도란원,"포도, 산화방지제, 효모, 설탕 등",750ml,12
231,전통주,샤토미소 로제스위트와인,대한민국,도란원,국내산 포도원액,375ml,12
232,전통주,샤토미소 영동,대한민국,도란원,포도,200ml,40
233,전통주,미소 아이스,대한민국,도란원,"포도, 산화방지제, 효모",375ml,12
234,전통주,샤토미소 아이스와인,대한민국,도란원,"포도(국내산100%), 메타중아황산칼륨, 소르빈산칼륨, 효모",375ml,12
235,전통주,샤토미소 웨딩 자두와인,대한민국,도란원,"자두(국내산100%), 메타중아황산칼륨, 소르빈산칼륨, 설탕, 효모","375ml, 750ml",12
236,전통주,DOK막걸리,대한민국,독브루어리,"정제수, 맵쌀, 찹쌀, 누룩, 효소, 효모","1,000ml",6
237,전통주,레드듀 RED DEW,대한민국,동강산머루영농조합법인,무농약머루,750ml,13
238,전통주,얼떨결에,대한민국,동강주조,"쌀(국내산), 정제수, 정제효소, 효모, 젖산, 기타과장, 곡자(밀)",920ml,6
239,전통주,얼떨결에 퍼플,대한민국,동강주조,"쌀(국내산), 찰보리쌀(국내산), 포도즙(국내산), 정제수, 정제효소, 효모, 젖산(산도조절제), 기타과당, 곡자(밀), 밀함유",935ml,6
240,전통주,부안참뽕막걸리,대한민국,동진주조,"쌀(국내산) 오디과즙,스테비올배당체,스쿠랄로스",950ml,6
241,전통주,부안참뽕와인,대한민국,동진주조,"정제수, 오디(국내산), 주정, 과당",750ml,13
242,전통주,영일만친구 막걸리,대한민국,동해명주,"국내산 쌀, 물엿, 우뭇가사리, 효모, 조제 종국, 정제효소제, 아스파탐, 젖산",750ml,6
243,전통주,도구막걸리,대한민국,동해명주,"정제수, 밀가루, 효모, 조제종국, 정제효소제, 젖산, 아스파탐, 아세설팜칼륨",750ml,6
244,전통주,세오녀탁주,대한민국,동해명주,"정제수, 쌀(국내산, 포항쌀), 누룩, 효모, 조제종국, 정제효소제, 젖산",750ml,6
245,전통주,동해동동주,대한민국,동해명주,쌀100%(포항쌀),750ml,6
246,전통주,연오랑탁주,대한민국,동해명주,"정제수, 쌀(국내산, 포항쌀), 누룩, 효모, 조제종국, 정제효소제, 젖산",750ml,12
247,전통주,북극곰 막걸리,대한민국,동해명주,"정제수, 쌀(국내산_포항유기농쌀), 물엿, 효모, 국, 정제효소제, 아스파탐(합성감미료, 페닐알라닌함유), 아세설팜칼륨(합성감미료), 젖산(산도조절제), 밀 함유",750ml,6
248,전통주,도구막걸리,대한민국,동해명주,"밀(외국산), 쌀(국내산, 외국산), 물엿, 효모, 조제종국, 정제효소제, 아스파탐, 젖산",750ml,6
249,전통주,메밀로,대한민국,두루,"국내산 쌀, 메밀, 누룩, 정제수",500ml,45
250,전통주,대관람차,대한민국,두루미양조장 / 구름아양조장,"정제수,맵쌀,(철원 오대쌀),국,효모",500ml,12
251,전통주,술헤는밤,대한민국,두루전통양조,"쌀(국내산), 누룩(국내산)",750ml,8
252,전통주,희양산 막걸리 15도,대한민국,두술도가,"정제수, 쌀(국내산), 누룩(국내산), 효모",500ml,15
253,전통주,희양산 막걸리 9도,대한민국,두술도가,"정제수, 쌀(국내산), 누룩(국내산), 효모",750ml,9
254,전통주,구기홍주 14,대한민국,두이술공방,"국내산 쌀, 국, 구기자추출액, 올리고당, 효모, 효소, 아세설팜칼륨, 정제수","360ml, 750ml",14
255,전통주,겨울소주 25,대한민국,두이술공방,"국내산 쌀, 증류원액, 효모, 효소, 정제수",360ml,25
256,전통주,걍즐겨,대한민국,디오케이브루어리,"멥쌀,찹쌀,누룩,프렌치세종,석류,히비스커스",600ml,8
257,전통주,대장부23,대한민국,롯데칠성음료,"정제수, 쌀, 효모, 종국, 보리",375ml,23
258,전통주,설하담,대한민국,리큐랩주식회사,"국내산 멥쌀 100%, 개량 누룩, 정제수, 이산화탄소","950ml, 475ml",8
259,전통주,솜솜 막걸리,대한민국,마깨주,"쌀, 누룩, 물",375ml,8
260,전통주,문삼이공(moon320) 잣 주,대한민국,마마스팜,"찹쌀19.02%, 멥쌀13.16%, 누룩3.3%, 잣1.02%, 정제수63.5%",500ml,12
261,전통주,백년친구 쌀막걸리,대한민국,만수주조(영농조합법인),"백미, 소맥분",750ml,6
262,전통주,백년친구 풍기홍삼막걸리,대한민국,만수주조(영농조합법인),"국내산 쌀, 홍삼","750ml, 900ml",6
263,전통주,진맥 소주,대한민국,맹개술도가,통밀 소주원액,200ml,40
264,전통주,메들리손막걸리,대한민국,메들리 주식회사,"쌀, 누룩",375ml,8
265,전통주,메들리아카시아,대한민국,메들리 주식회사,"꿀, 물, 효모",375ml,7
266,전통주,면천두견주 700,대한민국,면천두견주,"국내산 찹쌀, 누룩, 진달래꽃",700ml,18
267,전통주,면천두견주 360,대한민국,면천두견주,"국내산 찹쌀, 누룩, 진달래꽃",360ml,18
268,전통주,매실향기 담은 술,대한민국,명세주가,"국내산 쌀, 효모, 조효소재, 물엿, 아스파탐, 정제수",500ml,14
269,전통주,명인 안동소주 22%,대한민국,명인안동소주,"쌀(국내산), 누룩, 정제수",360ml,22
270,전통주,명인 안동소주 하회탈,대한민국,명인안동소주,국내산 쌀 100%,800ml,45
271,전통주,명인 안동소주,대한민국,명인안동소주,국내산 쌀 100%,800ml,45
272,전통주,명인 안동소주 양반탈,대한민국,명인안동소주,"국내산 쌀, 누룩, 정제수",800ml,45
273,전통주,대천바다 금빛,대한민국,명주도가,"찹쌀, 밀, 누룩",300ml,16
274,전통주,느낌 30,대한민국,명품 안동소주,"국내산 백미, 누룩, 효모, 정제수",360ml,30
275,전통주,느낌 19.8,대한민국,명품 안동소주,"국내산 백미, 누룩, 효모, 정제수",360ml,19.8
276,전통주,각시탈,대한민국,명품안동소주,"쌀증류원액(쌀: 국내산), 정제수, 발효주정",200ml,45
277,전통주,모월 청,대한민국,모월,"쌀(국내산), 누룩, 정제수",500ml,16
278,전통주,모월 연,대한민국,모월,"국내산 쌀, 밀누룩(국산)",500ml,13
279,전통주,모월 인,대한민국,모월,"국내산 쌀, 정제수, 밀누룩",500ml,41
280,전통주,모월 로,대한민국,모월,"쌀(국내산), 누룩, 정제수",500ml,25
281,전통주,모월로미니,대한민국,모월,"쌀(국내산), 누룩, 정제수",150ml,25
282,전통주,모월인미니,대한민국,모월,"쌀(국내산), 누룩, 정제수",150ml,41
283,전통주,소풍,대한민국,몬스터빌리지,"정제수, 쌀(국내산산청메뚜기쌀), 입국, 에리스리톨, 포도당, 효소처리 스테비아, 혼잡제제(효모, 유당, 넥스트린), 효소제, 탄산칼슘, 우유",750ml,5.5
284,전통주,설레 7도,대한민국,몬스터빌리지,"정제수, 쌀(국내산산청메뚜기쌀), 국, 효모, 밀함유",750ml,7
285,전통주,맑은 문희주,대한민국,문경주조,"국내산 유기농찹쌀, 국내산 멥쌀, 전통누룩, 정제수",750ml,13
286,전통주,오희 스파클링 막걸리,대한민국,문경주조,"백미, 건오미자, 조효소제, 효모, 정제수",500ml,8.5
287,전통주,구름을 벗삼아,대한민국,문경주조,"백미(국내산: 지역햅쌀 100%), 우리밀 전통누룩",750ml,12
288,전통주,오미자 생막걸리,대한민국,문경주조,"정제수, 백미(국내산), 입국(쌀, 밀), 올리고당, 물엿, 허브(유기농), 오미자 2.4%(국내산, 문경로동산), 정제효소, 아스파탐·아세셀펌칼륨(함성감미료, 메닐알라닌 함유)",750ml,6.5
289,전통주,문희 탁주,대한민국,문경주조,국내산 쌀,700ml,13
290,전통주,오미로제 스파클링 와인,대한민국,문경주조,국내산 오미자,750ml,12
291,전통주,호산춘,대한민국,문경호산춘,"멥쌀(국내산), 찹쌀(국내산), 정재수, 누룩, 솔잎, 밀(곡류)함유",700ml,18
292,전통주,문배술,대한민국,문배주양조원,"국내산 찰수수, 국내산 메조","500ml, 1000ml",40
293,전통주,문배술 헤리티지 40도,대한민국,문배주양조원,"메조, 찰수수, 쌀",200ml,40
294,전통주,문배술 헤리티지 25도,대한민국,문배주양조원,"메조, 찰수수, 쌀",375ml,25
295,전통주,경산대추약주 추,대한민국,미송주가,"찹쌀, 맵쌀 , 누룩, 대추 (국내산100%)",375ml,16
296,전통주,민속주 안동소주,대한민국,민속주안동소주,"국내산 쌀, 누룩, 정제수",400ml,45
297,전통주,가야곡왕주,대한민국,민속주왕주,"쌀, 야생 국화, 구기자, 오미자, 솔잎, 매실",750ml,13
298,전통주,소호,대한민국,밝은세상영농조합,"평택 쌀(발아 현미, 백미), 누룩, 정제수, 대나무잎","350ml, 750ml",36.5
299,전통주,호랑이배꼽,대한민국,밝은세상영농조합,"평택 쌀(현미 40%, 백미 60%), 누룩, 정제수, 정백당","350ml, 750ml",6.5
300,전통주,도문대작 생막걸리,대한민국,방풍도가,"강릉 쌀, 누룩, 갯방풍나물, 정제수",750ml,10
301,전통주,김천 배금도가,대한민국,배금도가,"찹쌀, 멥쌀, 누룩",500ml,12
302,전통주,주교주,대한민국,배다리도가,"쌀(국내산), 누룩, 정제수, 정제효소, 효모",500ml,16
303,전통주,가와지탁주,대한민국,배다리도가,"효모, 입국, 가와지쌀",500ml,7.5
304,전통주,아띠,대한민국,배상면주가,쌀(국내산),450ml,6
305,전통주,심술 10,대한민국,배상면주가,"정제수, 옥수수전분, 기타과당, 백설탕, 주정, 젖산, 과채가공품, 이산화탄소,국,활성건조효모,아세설팜칼륨",330ml,10
306,전통주,심술 7,대한민국,배상면주가,"정제수, 옥수수전분, 기타과당, 백설탕, 주정, 젖산, 과채가공품, 이산화탄소,국,활성건조효모,아세설팜칼륨",330ml,7
307,전통주,심술6 막걸리,대한민국,배상면주가,"쌀(국내산), 국(입국), 건조효모, 아세설팜칼륨, 아스파탐",500ml,6
308,전통주,오매락퍽,대한민국,배상면주가,국내산 배증류원액,500ml,40
309,전통주,오매락,대한민국,배상면주가,"배를 증류한 원액, 정제수, 설탕, 매실, 오매(구운 매실)",500ml,40
310,전통주,민들레대포,대한민국,배상면주가,"쌀, 누룩, 민들레",330ml,13
311,전통주,느린마을 막걸리,대한민국,배상면주가,"쌀, 국, 효모, 정제수",750ml,6
312,전통주,감아락 25,대한민국,배상면주가,"국내산 쌀, 감증류원액",500ml,25
313,전통주,느린마을소주21,대한민국,배상면주가,"쌀, 정제수, 입국, 조효소제, 건조효모",375ml,21
314,전통주,복분자음,대한민국,배상면주가,"복분자(국내산), 정제수",375ml,12
315,전통주,빙탄복,대한민국,배상면주가,복분자,370ml,7
316,전통주,복분자아락40,대한민국,배상면주가,"복분자증류원액(국내산), 정제수",500ml,40
317,전통주,오디아락40,대한민국,배상면주가,오디증류주원액,500ml,40
318,전통주,느린마을 증류주,대한민국,배상면주가,쌀(국내산),360ml,16.9
319,전통주,심술 알쓰,대한민국,배상면주가,복분자,180ml,3.8
320,전통주,느린마을 약주,대한민국,배상면주가,"정제수, 쌀(국내산), 기타과당, 설탕, 국[곡자(밀), 조효소제(밀), 정제효소제], 젖산, 건조효모",700ml,12
321,전통주,우곡생주,대한민국,배혜정도가,"국내산 쌀, 누룩, 효모, 정제수",750ml,10
322,전통주,호두땅콩막걸리,대한민국,배혜정도가,"물, 쌀(국내산), 고과당, 국(밀), 땅콩(국내산)",750ml,6
323,전통주,메로니아,대한민국,배혜정도가,"국내산 쌀, 물엿, 합성착향료(메론향), 효모, 국, 혼합제제, 아스파탐, 젖산, 합성 향료(밀크향), 효소처리스테비아, 멜론농축액",750ml,4
324,전통주,호랑이 생 막걸리,대한민국,배혜정도가,"물, 쌀(국내산),에리스리톨, 효모, 국, 젖산, 합성향료,밀함유",750ml,6
325,전통주,메로니아,대한민국,배혜정도가,"쌀, 국, 효모, 젖산, 멜론 향, 물엿 등",750ml,4
326,전통주,매실탁테일,대한민국,배혜정도가,"국내산 백미, 매실천연과즙",375ml,7
327,전통주,이담,대한민국,배혜정도가,"국내산 쌀, 국내산 배",700ml,55
328,전통주,로아40 옐로우,대한민국,배혜정도가,"쌀(국산), 배(국산)",350ml,40
329,전통주,우곡주,대한민국,배혜정도가,쌀,375ml,13
330,전통주,매화마름 호랑이 막걸리,대한민국,배혜정도가,쌀,375ml,7
331,전통주,부자 송산포도,대한민국,배혜정도가,"쌀, 누룩, 포도즙",375ml,9
332,전통주,부자,대한민국,배혜정도가,"쌀, 정제수, 고과당, 효모 등","375ml, 300ml, 300ml",10
333,전통주,배도가 로아 40도 옐로우,대한민국,배혜정도가,"국내산 쌀, 국내산 배",350ml,40
334,전통주,로아40 레드,대한민국,배혜정도가,사과소주원액,350ml,40
335,전통주,배도가 심플리 애플,대한민국,배혜정도가,"정제수, 사과즙(국산), 쌀(국산), 벌꿀(국산), 천연향료(사과향), 구연산, 국, 효모, 비타민C, 밀함유",350ml,12
336,전통주,매화마름,대한민국,배혜정도가,"물, 유기농 갈색설탕(필리핀산), 유기농쌀(국내삼), 국, 효모, 산도조절제, 잔탄검(밀함유)",375ml,14
337,전통주,로아19레드,대한민국,배혜정도가,"사과소주원액(사과(국내산), 설탕, 효모, 메타중아황산칼륨(산화방지제), 셀룰라아제), 정제수",350ml,19
338,전통주,로아19옐로우,대한민국,배혜정도가,"배소주원액(배(국내산), 쌀(국내산), 물, 효모, 국, 젖산), 물",350ml,19
339,전통주,로아40퍼플,대한민국,배혜정도가,"포도소주원액(포도(국내산), 효모, 설탕, 메타중아황산칼륨(산화방지제), 정제수",350ml,40
340,전통주,로아19화이트,대한민국,배혜정도가,"물, 쌀소주원액(쌀(국내산), 국, 효모, 젖산, 물), 주정, 벌꿀(국내산, 천연), 아카시아향(합성착향료)",350ml,19
341,전통주,로아40화이트,대한민국,배혜정도가,"쌀소주원액(쌀(국내산), 물, 국, 효모, 젖산), 물, 주정, 벌꿀(국내산, 천연), 아카시아향(합성착향료)",350ml,40
342,전통주,생 옥수수 동동주,대한민국,배혜정도가,"쌀, 옥수수분말, 물엿, 국, 효모, 젖산, 치자분말추출물, 아스파탐, 구연산, 효소처리 스테미아 밀함유",750ml,6
343,전통주,매실 막걸리,대한민국,백운주가,"쌀, 매실과즙",750ml,7
344,전통주,백운 복분자 와인,대한민국,백운주가,"쌀, 토종 복분자과즙",360ml,11
345,전통주,백운복분자주,대한민국,백운주가,"국내산 쌀, 국내산 복분자",360ml,13
346,전통주,매화깊은밤,대한민국,백제명가주조,"쌀(국산), 매실(국산), 누룩(국산)밀함유, 정제효소제, 효모, 설탕, 조제종국, 정제수",375ml,8
347,전통주,보리수헤는밤,대한민국,백제명가주조,"쌀(국산), 보리수(국산), 매실(국산), 홍국쌀, 누룩(국산)밀함유, 정제효소제, 효모, 설탕, 조제종국, 정제수",375ml,8
348,전통주,청량주,대한민국,법전양조장,"백미, 누룩, 종국, 효모",750ml,6
349,전통주,라이스퐁당,대한민국,벗드림양조장,"정제수, 찹쌀, 누룩, 삼지구엽초, 감초",500ml,13
350,전통주,볼빨간막걸리 7,대한민국,벗드림양조장,"정제수, 찹쌀, 누룩",500ml,7
351,전통주,관악산생막걸리,대한민국,별네트웍스 과천도가,"정제수, 멥쌀(국내산), 국, 효모, 밀함유",1000ml,6
352,전통주,병영설성 생막걸리,대한민국,병영양조장,"쌀(국내산), 효모, 누룩, 정제수",750ml,6
353,전통주,병영설성 동동주,대한민국,병영양조장,"쌀(국내산), 전분, 효모, 누룩, 정제수",1700ml,6
354,전통주,병영소주,대한민국,병영양조장,"정제수, 보리증류식 소주원액(보리: 국내산)",700ml,40
355,전통주,설성 만월 막걸리,대한민국,병영주조장,"정제수, 유기농쌀국내산, 누룩, 유기농올리고당 등",750ml,6
356,전통주,병영설성사또,대한민국,병영주조장,"국내산 쌀, 국내산 오디, 국내산 복분자",750ml,40
357,전통주,청세주,대한민국,병영주조장,국내산 쌀,375ml,18
358,전통주,보석막걸리,대한민국,보석양조장,"정제수, 쌀(국내산), 국, 효모",500ml,12
359,전통주,보성 강하주,대한민국,보성강하주,국내산 찹쌀100%,350ml,15
360,전통주,복순도가 탁주,대한민국,복순도가,"정제수, 쌀(국산), 곡자(밀), 밀함유",935ml,10
361,전통주,복순도가 손막걸리,대한민국,복순도가,"정제수, 쌀(국산), 곡자(밀), 물엿, 설탕, 아스파탐(감미료,페닐알라닌함유)",935ml,6.5
362,전통주,복순도가 약주,대한민국,복순도가,"정제수, 쌀(국산), 곡자(밀)",750ml,10
363,전통주,빨간쌀막걸리,대한민국,복순도가,"쌀(국산), 곡자(밀), 정제수, 홍국쌀",935ml,6.5
364,전통주,복순도가 과하주,대한민국,복순도가,"쌀(국산), 곡자(밀), 정제수",750ml,15
365,전통주,복순도가 슈퍼드라이,대한민국,복순도가,"정제수, 쌀(국산), 곡자(밀)",935ml,6.5
366,전통주,백수환동주,대한민국,봇뜰,"쌀, 정제수, 누룩",375ml,12
367,전통주,봇뜰 막걸리 10도,대한민국,봇뜰,"쌀, 정제수, 누룩, 밀 함유",750ml,10
368,전통주,불로생우리쌀막걸리,대한민국,불로생우리쌀막걸리,국내산 쌀,750ml,6
369,전통주,포항불로주,대한민국,불로주,국내산 쌀,"35-750ml, 45-800ml",35
370,전통주,시나브로 레드 드라이,대한민국,불휘농장,캠벨얼리,750ml,12
371,전통주,시나브로 청수 화이트,대한민국,불휘농장,청수 100%,750ml,12
372,전통주,시나브로 에뚜왈 로제 스파클링,대한민국,불휘농장,포도(캠벨얼리),750ml,5
373,전통주,시나브로 로제와인,대한민국,불휘농장,포도(캠벨얼리),500ml,10
374,전통주,시나브로 레드 스위트,대한민국,불휘농장,포도(캠벨얼리),750ml,12
375,전통주,시나브로 드 글로리아,대한민국,불휘농장,포도(캠벨얼리),750ml,12
376,전통주,시나브로 에뚜왈 화이트 스파클링와인,대한민국,불휘농장,국산포도(영동포도),750ml,5
377,전통주,붉은진주머루와인,대한민국,붉은진주,"머루, 정백당, 아황산칼륨, 소르빈산칼륨",750ml,12
378,전통주,베리와인1168 스위트와인,대한민국,블루컴퍼니,포도 87%,500ml,13
379,전통주,왕율주,대한민국,사곡양조원,"국내산 쌀, 밤, 누룩, 정제수",330ml,25
380,전통주,공주애 오디와인,대한민국,사곡양조원,"국내산 오디, 정제수, 주정, 과당, 효모",375ml,15
381,전통주,공주알밤 왕밤주,대한민국,사곡양조장,"공주밤(국내산), 백미(국내산), 아스파탐",750ml,6
382,전통주,진쾌남,대한민국,사곡양조장,"국내산 쌀, 밤, 누룩, 구기자, 오미자, 산수유, 오가피, 동충하초, 정제수",330ml,25
383,전통주,밤꽃향기,대한민국,사곡양조장,"국내산 쌀, 밤, 누룩, 정제수",375ml,13.5
384,전통주,소백산(샤토소백) 스위트 레드와인,대한민국,산내들 와이너리,국내산포도 100%,750ml,12
385,전통주,머루이야기,대한민국,산들벗㈜,국내산 머루(전북 무주),350ml,12
386,전통주,산막와이너리 증류주 환희,대한민국,산막 와이너리,국내산 캠벨얼리 100%,375ml,40
387,전통주,"산막와이너리, 초련",대한민국,산막 와이너리,"포도, 아황산칼륨, 백설탕, 증류주",500ml,20
388,전통주,"산막와이너리, 아로퓨어",대한민국,산막와이너리,"아로니아, 아황산칼륨, 백설탕",750ml,13
389,전통주,"산막와이너리, 라라",대한민국,산막와이너리,"포도, 아황산칼륨, 백설탕",750ml,12
390,전통주,"산막와이너리, 비원퓨어",대한민국,산막와이너리,"포도, 아황산칼륨, 백설탕",750ml,13
391,전통주,"산막와이너리, 미",대한민국,산막와이너리,"포도, 아황산칼륨, 백설탕",750ml,13
392,전통주,"산막와이너리, 비원",대한민국,산막와이너리,"포도, 아황산칼륨, 백설탕",750ml,13
393,전통주,"산막와이너리, 화몽",대한민국,산막와이너리,"포도, 아황산칼륨, 백설탕",750ml,13
394,전통주,감악산 산머루주,대한민국,산머루농원,"머루원액 78.5%(경기 파주), 주정(국내산, 수입산)",360ml,12
395,전통주,무주구천동산머루주,대한민국,산머루농원,머루,"750ml, 360ml",16
396,전통주,너와머루와인,대한민국,산머루농원영농조합법인,국내산 산머루 100%,"500ml, 700ml",12
397,전통주,도로시 머루주,대한민국,산머루농원영농조합법인,"국내산 산머루원액 78.5%, 주정",500ml,12
398,전통주,호모루덴스,대한민국,산수양조장,"쌀, 누룩, 정제수",500ml,12
399,전통주,찹쌀 생막걸리 12도,대한민국,삼산주조장,"찹쌀, 멥쌀, 누룩",750ml,12
400,전통주,찹쌀생막걸리 9도,대한민국,삼산주조장,"찹쌀(해남산), 멥쌀(해남산), 누룩",750ml,9
401,전통주,두륜탁주,대한민국,삼산주조장,"쌀, 밀가루, 누룩, 당귀","1,700ml",6
402,전통주,삼양춘 청주,대한민국,삼양춘,"정제수, 찹쌀, 맵쌀, 누룩",500ml,15
403,전통주,삼양춘 생약주,대한민국,삼양춘,"강화섬쌀, 전통누룩, 정제수",500ml,15
404,전통주,삼양춘 스파클링,대한민국,삼양춘,"정제수, 쌀(국내산), 전통누룩(밀), 탄산가스, 효모, 정제효소제",500ml,13
405,전통주,오 마이 갓,대한민국,삼양춘,"정제수, 쌀(국내산), 입국, 전통누룩(밀), 백설탕, 백목련꽃잎, 효모",500ml,14
406,전통주,엄청주,대한민국,삼오식품,"엄나무(국내산), 천일염, 토종꿀(국내산), 정제수",360ml,18
407,전통주,도갓집 막걸리,대한민국,삼호주조장,"정제수, 쌀(국내산), 국(국내산), 물엿, 누룩(밀함유), 효모, 아세설팜칼륨(감미료)",750ml,6
408,전통주,너브내 로제 스파클링,대한민국,샤또나드리,"국산포도 효모, 설탕, 아황산나트륨, 수트랄로스, 자일리톨",750ml,12
409,전통주,너브내 스파클링 화이트,대한민국,샤또나드리,"국산포도 효모, 설탕, 아황산나트륨, 수트랄로스, 자일리톨",750ml,12
410,전통주,서울골드,대한민국,서울양조장,"멥쌀, 찹쌀, 누룩, 정제수",500ml,15
411,전통주,인생막걸리,대한민국,서울장수㈜,"정제수,팽화미,팽화밀가루,말토올리고당,국,혼합제제효모,아스파탐,아세설팜칼륨",750ml,5
412,전통주,장홍삼 장수 막걸리,대한민국,서울장수㈜,"백미,말토올리고당,홍삼분말",750ml,6
413,전통주,월매 쌀막걸리(캔),대한민국,서울장수㈜,"백미, 말토올리고당, 정제수",350ml,6
414,전통주,장수 생막걸리,대한민국,서울장수주식회사,"백미(국내산), 말토올리고당, 홍삼분말",750ml,6
415,전통주,단홍,대한민국,서울효모방,"정제수, 찹쌀(국내산), 개량누룩, 효모, 유산균, 라즈베리(폴란드산), 히비스커스, 화자오, 비트(국내산), 우뭇가사리",500ml,13.5
416,전통주,온섶,대한민국,서울효모방,"정제수, 찹쌀(국내산), 개량누룩, 효모, 유산균, 계피, 생강, 감초, 넛맥, 파인애플(외국산)",500ml,12.8
417,전통주,석로주,대한민국,석이원주조,"국내산 쌀, 석이버섯, 누룩, 효모, 정제수",720ml,13
418,전통주,벗이랑 강황,대한민국,석이원주조,"쌀(국내산), 정제수, 강황(국내산), 프락토올리고당(국내산)",500ml,15
419,전통주,벗이랑 버찌 홍국,대한민국,석이원주조,"쌀(국내산), 정제수, 버찌;(국내산), 홍국쌀(국내산), 프락토올리고당(국내산)",500ml,15
420,전통주,벗이랑 조릿대 산죽,대한민국,석이원주조,"쌀(국내산), 정제수, 고려조릿대(국내산), 프락토올리고당(국내산)",500ml,15
421,전통주,자자헌주,대한민국,석이원주조,"정제수, 멥쌀(국내산), 석이버섯약재추출물(국내산), 누룩(밀함유), 효모",500ml,13
422,전통주,독도소주,대한민국,설악프로방스배꽃마을,"쌀 증류주 원액, 해양심층수, 주정, 에리스리톨, 결정과당, 고과당, 효소처리스테비아",375ml,17.3
423,전통주,동해소주,대한민국,설악프로방스배꽃마을,"쌀 증류주, 해양 심층수, 주정, 에리스리톨, 결정과당, 고과당, 효소처리스테비아",360ml,17.5
424,전통주,행운 생유자 동동주,대한민국,성포양조장,"쌀(국내산), 소맥분(미국산), 전분당, 정제수, 유자과즙, 치자, 정제효소, 종국, 효모, 젖산, 아스파탐","750ml, 1700ml",6
425,전통주,성포 생막걸리,대한민국,성포양조장,"쌀(국내산), 소맥분(미국산), 전분당, 정제수, 무농약 미나리추출액, 정제효소, 종국, 효모, 아스파탐",750ml,6
426,전통주,팔공산미나리 생막걸리,대한민국,성포양조장,"쌀, 소맥분, 전분당, 정제수, 무농약 미나리추출액, 정제효소, 종국, 효모, 아스파탐, 밀 함유",750ml,6
427,전통주,소계리 595 스위트 레드와인,대한민국,소계리 와이너리,"포도(국내산), 설탕, 효모, 메타중아황산칼륨",750ml,12
428,전통주,소양강 생 막걸리,대한민국,"소양강도가(구, 천정양조장)","백미, 소맥분, 정제수, 팽화미, 아스파탐, 물엿, 정제수",750ml/ 1700ml,6
429,전통주,자연송이주,대한민국,솔래원,자연송이버섯,720ml,18
430,전통주,설궁,대한민국,솔래원,"자연산 송이버섯, 산양산삼, 토종벌꿀",700ml,30
431,전통주,솔송주,대한민국,솔송주,"백미(국내산) 90%, 솔잎·송순(국내산) 10%",375ml,13
432,전통주,명가원 복분자술,대한민국,솔송주,"복분자(37.65%), 주정, 정제수, 구연산, 호박산, 정제식염, 액상과당, 효모, 설탕",750ml,16
433,전통주,녹파주,대한민국,솔송주(명가원),"국내산 찹쌀, 멥쌀, 누룩, 정제수",375ml,15
434,전통주,담솔,대한민국,솔송주(명가원),"백미(함양산) 90%, 솔잎·송순(함양산) 10%","500ml, 750ml",40
435,전통주,삼양춘 생탁주,대한민국,송도향전통주조,"강화섬쌀, 전통누룩, 정제수",500ml,12.5
436,전통주,송로주,대한민국,송로주,"멥쌀, 솔옹이, 솔잎, 복령",700ml,48
437,전통주,송화백일주,대한민국,송화양조원,"송화, 솔잎, 산수유, 오미자, 구기자",700ml,38
438,전통주,산머루 크라테 로제,대한민국,수도산와이너리,산머루,375ml,11.5
439,전통주,산머루 크라테 드라이,대한민국,수도산와이너리,산머루,750ml,11.5
440,전통주,산머루 크라테 스위트,대한민국,수도산와이너리,산머리(국내산),750ml,11.5
441,전통주,크라테 자두와인,대한민국,수도산와이너리,"자두(국내산) 95.97%, 효모, 설탕, 메타중아황산칼륨(산화방지제)",375ml,8.5
442,전통주,크라테 미디엄드라이,대한민국,수도산와이너리,산머루(100%),750ml,11.5
443,전통주,크라테 화이트스위트,대한민국,수도산와이너리,청수(100%),375ml,11.5
444,전통주,왕매실 막걸리,대한민국,순성왕매실영농조합,"국내산쌀, 매실원액1%",750ml,6
445,전통주,성읍민속마을 오메기술,대한민국,술다끄는집,"좁쌀, 누룩",375ml,12
446,전통주,바텐더의막걸리,대한민국,술담화,"정제수, 멥쌀, 국, 효모, 기타과당, 물엿, 구연산, 아스파탐",500ml,14
447,전통주,맑은바당,대한민국,술도가 제주바당,"쌀(국내산), 국(밀누룩)",375ml,15
448,전통주,제주낭만,대한민국,술도가제주바당,"쌀, 백도라지",500ml,40
449,전통주,키위술,대한민국,술도가제주바당,"그린키위, 골드키위",500ml,40
450,전통주,메밀이슬,대한민국,술도가제주바당,"메밀(제주산), 입국(국내산), 효모, 정제수",500ml,40
451,전통주,사십오도,대한민국,술빚는전가네,"쌀, 효모, 젖산, 옥분, 억새어린순, 지초뿌리, 정제수",250ml,45
452,전통주,입술,대한민국,술빚는전가네,"쌀 효모, 젖산, 옥분, 억새어린순, 야관문, 정제수",250ml,40
453,전통주,주홍춘,대한민국,술빚는전가네,"포천쌀, 흑미찹쌀, 전가네이화곡, 연잎, 정제수",350ml,10
454,전통주,육십일도,대한민국,술빚는전가네,"쌀, 효모, 젖산, 옥분, 억새어린순, 지초뿌리, 정제수",250ml,61
455,전통주,그리움,대한민국,술샘,"국내산 쌀, 누룩, 효모, 정제수",700ml,14
456,전통주,아임프리,대한민국,술샘,"정제수, 쌀, 국, 효모",500ml,9
457,전통주,꿀샘 16,대한민국,술샘,"정제수, 주정, 설탕, 천연꿀, 생강, 구연산",375ml,16
458,전통주,술샘19,대한민국,술샘,"주정, 증류식소주, 정백당, 생강, 강황(국내산)",375ml,19
459,전통주,술샘16,대한민국,술샘,"쌀(국내산), 오미자(국내산), 주정, 정백당",375ml,16
460,전통주,미르,대한민국,술샘,"쌀, 정제수",375ml,25
461,전통주,감사블루,대한민국,술샘,"쌀(국내산 경기미 100%), 누룩, 효모, 정제수",375ml,14
462,전통주,감사,대한민국,술샘,"쌀(국내산 경기미 100%), 누룩, 정제수",375ml,14
463,전통주,붉은 원숭이,대한민국,술샘,"쌀(국내산 경기미 100%), 누룩, 홍국, 정제수",375ml,10.8
464,전통주,술취한 원숭이,대한민국,술샘,"쌀(국내산 경기미 100%), 누룩, 홍국, 정제수",375ml,10.8
465,전통주,빡치주,대한민국,술샘,"증류원액(쌀 국내산 100%), 정제수",375ml,25
466,전통주,서설,대한민국,술샘,"쌀(국내산 경기미), 쌀누룩(국내산 경기미 조제종국)주정, 설탕, 구연산, 효모, 정제수",375ml,13
467,전통주,볼빨간미자,대한민국,술샘,"물, 주정, 정백당, 오미자(국내산)",375ml,16
468,전통주,아임프리6.0,대한민국,술샘,"정제수, 쌀(국내산, 경기미), 국(쌀누룩 국내산), 오미자, 효모",500ml,6
469,전통주,이화주(술샘),대한민국,술샘,"쌀(국내산 경기미 100%), 누룩, 정제수",100,8
470,전통주,술아 핸드메이드 막걸리,대한민국,술아원,"국내산 찹쌀, 누룩, 정제수",450ml,8
471,전통주,복단지,대한민국,술아원,"쌀(경기미),누룩(국내산),정제수,복분자(국내산)",350ml,14
472,전통주,경성과하주,대한민국,술아원,"찹쌀(여주산),누룩(국내산),정제수,쌀증류원액(경기미)",375ml,20
473,전통주,술아 순곡주,대한민국,술아원,"국내산 찹쌀, 누룩, 증류주, 정제수",375ml,20
474,전통주,술아 국화주,대한민국,술아원,"국내산 찹쌀, 누룩, 건조국화꽃, 증류주, 정제수",375ml,15
475,전통주,술아 연화주,대한민국,술아원,"국내산 찹쌀, 누룩, 건조연화꽃, 증류주, 정제수",375ml,15
476,전통주,술아 매화주,대한민국,술아원,"찹쌀(여주산),누룩(국내산),정제수,주정,매화꽃",375ml,15
477,전통주,필,대한민국,술아원,"고구마증류원액(고구마여주산100%),정제수",375ml,25
478,전통주,복단지 350,대한민국,술아원,"쌀(경기미), 정제수, 복분자(국내산), 누룩(국내산 밀 함유)",350ml,14
479,전통주,PS 애플시드르,대한민국,시나브로 와이너리,"사과, 정제수, 백설탕, 탄산가스, 효모, 메타중아황산칼륨, 소브산칼륨, 아황산함유",750ml,5
480,전통주,미상25,대한민국,시트러스,"감귤(제주산)증류주원액, 정제수, 스테비올배당제",350ml,25
481,전통주,귀감,대한민국,시트러스,"제주산 감귤과즙, 백설탕, 액상효모, 스테비올배당체, 무수아황산",350ml,25
482,전통주,신례명주,대한민국,시트러스,"제주산감귤, 감귤 증류주",750ml,50
483,전통주,말이야 막걸리야,대한민국,시향가,"건조토란(국내산), 쌀(국내산), 정제수, 젖산(산도조절제), 효모","200ml, 3000ml",6
484,전통주,시향가 미니캔막걸리,대한민국,시향가주식회사,"물, 쌀, 건조토란, 젖산, 누룩, 효모, 정제효소제",200ml,8
485,전통주,산막생대덕주,대한민국,신탄진주조,"국내산 찹쌀, 누룩",750ml,13
486,전통주,백련 맑은술,대한민국,신평양조장,"백미, 정제수, 물엿, 과당, 누룩, 백련잎, 누룩 등",375ml,12
487,전통주,백련 생막걸리 snow (스노우),대한민국,신평양조장,"백미, 연잎, 정제수, 종국, 효모, 아스파탐, 물엿 등",750ml,6
488,전통주,하얀연꽃 백련생막걸리,대한민국,신평양조장,"국내산 백미, 국내산 백련잎","375ml, 750ml",7
489,전통주,하얀연꽃 백련막걸리,대한민국,신평양조장,국내산 쌀,375ml,7
490,전통주,하얀연꽃 백련맑은 술,대한민국,신평양조장,"국내산 쌀, 백련잎","375ml, 750ml",12
491,전통주,씨(C) 그린막걸리,대한민국,씨(C) 막걸리,"쌀, 물, 누룩, 케일, 개똥쑥",500ml,12
492,전통주,씨(C) 옐로막걸리,대한민국,씨(C) 막걸리,"쌀, 물, 누룩, 당근, 레몬그라스",500ml,12
493,전통주,씨(C) 막걸리 시그니처 큐베,대한민국,씨(C) 막걸리,"쌀, 물, 누룩, 노간주나무열매, 건포도",500ml,12
494,전통주,술공방 9.0 막걸리,대한민국,아리랑주조,"정제수, 쌀(국내산), 국(쌀, 국내산), 누룩(밀)",500ml,9
495,전통주,허니문,대한민국,아이비영농조합법인,벌꿀(국내산),375ml,8
496,전통주,허니비,대한민국,아이비영농조합법인,벌꿀(국내산),500ml,8
497,전통주,악양생막걸리,대한민국,악양주조,"정제수, 백미(국내산), 입국(국내산), 누룩(국내산), 조효소제(밀), 젖산(산도조절제), 혼합제제(효모, 덱스트린, 유당), 혼합제제(스테비올 배당체, 덱스트린), 혼합제제(효소:아밀라아제, 효소:글루코아밀라아제, 탄산칼슘, 황산칼슘)",750ml,6
498,전통주,정감생막걸리,대한민국,악양주조,"정제수, 백미(국내산), 찹쌀(국내산), 입국(국내산), 누룩(국내산), 조효소제(밀), 미강(쌀겨), 젖산(산도조절제), 혼합제제(효모, 덱스트린, 유당), 혼합제제(스테비올 배당체, 덱스트린), 혼합제제(효소:아밀라아제, 효소:글루코아밀라아제, 탄산칼슘, 황산칼슘)",750ml,6
499,전통주,안동소주 일품 17도,대한민국,안동소주일품,"국내산 쌀, 입국",350ml,17
500,전통주,안동소주 일품 40도 골드,대한민국,안동소주일품,"국내산 쌀, 입국",500ml,40
501,전통주,안동소주 일품 21도,대한민국,안동소주일품,"국내산 쌀, 입국",350ml,21
502,전통주,안양동동주,대한민국,안양주조장,"국내산 햅쌀, 국내산 친환경 햇찹쌀",1700ml,6
503,전통주,장수 오미자주,대한민국,알에프,"오미자(국내산), 정제수, 주정, 설탕, 효모",360ml,16.5
504,전통주,오미시앙 스페셜,대한민국,알에프,"오미자, 주정, 설탕, 효모",500ml,12
505,전통주,과하주 온,대한민국,양온소 온,"찹쌀, 정제수, 누룩, 더덕, 주정",500ml,18.5
506,전통주,자작막걸리,대한민국,양온소온양조장,"자작나무 수액, 누룩으로 빚은 삼양주 원주",500ml,12
507,전통주,양조학당 뜰,대한민국,양조학당,"멥쌀, 찹쌀, 백국, 효모, 솔잎, 쑥, 정제수",500ml,12
508,전통주,이화주,대한민국,양주골이가전통주,"양주쌀59.5%, 정제수24.6%, 쌀누룩15.9%(국내산)",120ml,8.5
509,전통주,별산막걸리,대한민국,양주도가,"정제수, 쌀(국내산), 입국, 효모, 당류가공품",800ml,6.5
510,전통주,별산오디 스파클링 막걸리,대한민국,양주도가,"정제수, 쌀(국내산), 당류가공품(원당, 올리고), 오디(국내산), 종국, 효모",800ml,6
511,전통주,양지백주,대한민국,양지술곳간,"국내산 쌀, 누룩, 효모, 정제수",500ml,15
512,전통주,모든날에,대한민국,양지술곳간,"정제수48.8%, 찹쌀(국내산, 39%), 멥쌀(국내산, 7.8%), 밀누룩4.4%",500ml,15
513,전통주,아치23,대한민국,양촌감양조장,"감 발효증류주, 정제수",375ml,23
514,전통주,감이슬,대한민국,양촌감영농조합법인,국내산 감,375ml,23
515,전통주,양촌 생 동동주,대한민국,양촌양조,"정제수, 백미 효소제, 효모 등",750ml,10
516,전통주,양촌 생 막걸리,대한민국,양촌양조,"팽화미, 소맥분, 정제수, 물엿, 효소, 국 등",750ml,6
517,전통주,우렁이쌀 손막걸리 DRY,대한민국,양촌양조,"정제수, 찹쌀(국내산), 쌀(국내산), 효모, 종국",500ml,7.5
518,전통주,양촌 우렁이쌀 청주,대한민국,양촌양조,"무농약우렁이찹쌀, 우렁이 쌀, 정제수, 종국, 효모(무감미료)",500ml,14
519,전통주,우렁이쌀 손 막걸리,대한민국,양촌양조,"쌀, 정제수 효모, 정제효소, 효소처리 스테비아",750ml,7.5
520,전통주,마크홀리 오리지널 6.0,대한민국,어메이징브루잉컴퍼니,"정제수, 살(김포산), 국, 산도조절제, 효모",650ml,6
521,전통주,에델 미디움 스위트와인,대한민국,에델농원,"매실(100%), 정제수, 정제당, 효모",375ml,13
522,전통주,에델 스위트와인,대한민국,에델농원,"매실(100%), 정제수, 정제당, 효모",375ml,13
523,전통주,여민락주,대한민국,여주육묘영농조합법인,"국내산 쌀, 누룩, 효모, 정제수",500ml,16
524,전통주,초선의 꿈,대한민국,여포와인농장,국내산 포도,375ml,12
525,전통주,여포의 꿈 (화이트),대한민국,여포와인농장,국내산 포도,750ml,12
526,전통주,여포의 꿈 레드(SWEET),대한민국,여포와인농장,국내산 포도 100%,750ml,12
527,전통주,여포의 꿈 레드(Dry),대한민국,여포와인농장,국내산 포도 100%,750ml,12
528,전통주,역전주,대한민국,역전양조장 (역전회관),"정제수, 멥쌀(국내산), 찹쌀(국내산), 누룩",600ml,9
529,전통주,나 와인,대한민국,영농법인에스비케이조합,국내산 찹쌀 100%,500ml,10
530,전통주,오가피와인,대한민국,영농조합법인 금이산농원,"오가피 열매(국내산), 백설탕, 효모, 메타중아황산칼륨",500ml,12
531,전통주,설련주,대한민국,영농조합법인 석전상온전통주가,"백련, 찹쌀, 멥쌀, 누룩",750ml,16
532,전통주,울금생막걸리 정,대한민국,영덕주조,"국내산 쌀, 국내산 울금",750ml,6
533,전통주,새송이 쌀막걸리 정,대한민국,영덕주조,"국내산 쌀, 새송이버섯",750ml,6
534,전통주,인어교주해적술,대한민국,영덕주조,"정제수, 증류원액(쌀, 국내산), 포도당, 포도과육(국내산), 효소처리스테비아, 포도향(합성향료), 구연산(산도조절제), 진주빛색소, 식용색소청색 제 1호(착색료), 이산화탄소",360ml,15
535,전통주,행복한 상상 쵸코맛,대한민국,영덕주조,"정제수, 정수, 사과(국내산), 복숭아(국내산), 포도과육,(국내산), 카카오",300ml,15
536,전통주,동강더덕주,대한민국,영월더덕영농조합법인,"더덕, 대추구기자, 감초, 원지",360ml,20
537,전통주,예밀와인 로제,대한민국,예밀2리영농조합법인,포도(캠벨얼리),750ml,12
538,전통주,예밀와인 레드 스위트,대한민국,예밀2리영농조합법인,포도(캠벨얼리),750ml,12
539,전통주,예밀와인 레드 드라이,대한민국,예밀2리영농조합법인,포도(캠벨얼리),750ml,13
540,전통주,산내울 오미자주,대한민국,예산사과와인,"오미자, 설탕, 주정, 정제수, 과당",750ml,16
541,전통주,추사40,대한민국,예산사과와인,"사과증류원액, 정제수",500ml,40
542,전통주,추사 블루베리 와인,대한민국,예산사과와인,"예산블루베리 60%(국내산), 설탕, 구연산, 무수아황산, 소르빈산칼륨",375ml,11
543,전통주,추사 애플와인,대한민국,예산사과와인,사과(국내산),375ml,12
544,전통주,추사 로제,대한민국,예산사과와인,사과,375ml,12
545,전통주,추사47,대한민국,예산사과와인,"예산사과(100%), 효모",500ml,47
546,전통주,추사백25,대한민국,예산사과와인,"증류원액(사과증류원액, 사과: 국내산), 정제수",350ml,25
547,전통주,추사백40 사과 증류식 소주,대한민국,예산사과와인,"증류원액(사과증류원액, 사과: 국내산), 정제수",500ml,40
548,전통주,만강에 비친 달,대한민국,예술주조,"홍천쌀, 단호박, 곡자(밀누룩)",500ml,10
549,전통주,예술주조 `무작`,대한민국,예술주조,"정제수, 누룩, 쌀",500ml,53
550,전통주,동짓달 기나긴 밤,대한민국,예술주조,"찹쌀, 맵쌀, 복분자, 전통누룩, 정제수",500ml,16
551,전통주,동몽,대한민국,예술주조,"홍천 쌀, 정제수, 단호박, 국(밀 누룩)",500ml,17
552,전통주,배꽃 필 무렵,대한민국,예술주조,"정제수, 멥쌀(국내산), 누룩","20ml, 140ml",9
553,전통주,홍천강 탁주,대한민국,예술주조,"홍천 쌀, 정제수, 국(밀 누룩)",500ml,11
554,전통주,남산애 포트와인,대한민국,예인화원,"포도(캠벨얼리, MBA, 산머루)",750ml,18.5
555,전통주,남산애 레드와인,대한민국,예인화원,"포도(캠벨얼리, MBA, 산머루)",750ml,14
556,전통주,영탁막걸리,대한민국,예천양조,"정제수, 백미(국내산), 입국(쌀, 밀), 물엿, 올리고당, 누룩(밀), 효모, 아스파탐, 아세설팔칼륨",750ml,6
557,전통주,오계리 아이스와인,대한민국,오계리 와이너리,영천포도,375,14
558,전통주,감자술 13%,대한민국,오대서주양조,"국내산 백미, 국내산 감자, 누룩, 효모, 정제수",700ml,13
559,전통주,서주 16%,대한민국,오대서주양조,"백미(국내산), 감자(국내산), 누룩, 효모, 정제수",400ml,16
560,전통주,다래와인 7004S,대한민국,오름주가,참다래,750ml,8
561,전통주,다래와인 7004D,대한민국,오름주가,참다래,750ml,12
562,전통주,다래와인 3004,대한민국,오름주가,참다래,375ml,8
563,전통주,문경바람 오크,대한민국,오미나라,사과(문경),"750ml, 375ml",40
564,전통주,고운달 백자,대한민국,오미나라,오미자(문경산),500ml,52
565,전통주,고운달 오크,대한민국,오미나라,오미자(문경산),"200ml, 500ml",52
566,전통주,오미로제 연,대한민국,오미나라,오미자,750ml,8
567,전통주,스파클링와인 오미로제 결,대한민국,오미나라,오미자,750ml,12
568,전통주,오미로제 프리미어와인,대한민국,오미나라,오미자(문경산),750ml,12
569,전통주,혼,대한민국,오미나라,문경사과(국내산),375ml,22
570,전통주,독산 53,대한민국,오산양조,"국내산 쌀, 누룩, 효모, 정제수",250ml,53
571,전통주,하얀까마귀,대한민국,오산양조,"물, 쌀(국내산), 국, 효모 (밀 함유)",850ml,8
572,전통주,독산 30,대한민국,오산양조,"정제수, 쌀(국내산), 누룩, 정제효소제, 효모",250ml,30
573,전통주,이천쌀생막걸리,대한민국,오성주조장,국내산 쌀,"750ml, 1,500ml",6
574,전통주,마주 소곡주,대한민국,옥순가 소곡주 마주,"국내산 찹쌀, 국내산 백미, 모싯잎, 우리밀 누룩, 정제수, 효모",500ml,16
575,전통주,마주 소곡화주,대한민국,옥순가 소곡주 마주,"국내산 찹쌀, 국내산 백미, 모싯잎, 우리밀 누룩, 정제수, 효모",500ml,41
576,전통주,옹근달 본막걸리,대한민국,옹근달양조장,"쌀(강화섬 쌀), 정제수, 누룩",375ml,15
577,전통주,어우야,대한민국,왕지케양조장,"야관문(제주산), 정제수, 포도당, 효모",365ml,16
578,전통주,강냉이 막걸리,대한민국,용두산 조은술,"정제수, 쌀, 소맥분, 옥분, 입국, 올리고당, 치자분말, 정제효소제, 효모, 아스파탐, 아세설팜칼륨, 밀함유","1,000ml",6
579,전통주,신선주,대한민국,용두산조은술,"쌀, 능금, 신선초, 천궁, 구기자, 당귀솔잎, 대추, 인삼",750ml,16
580,전통주,예주,대한민국,용두산조은술,"복분자, 주정, 효모, 정제수",750ml,15
581,전통주,소백산생막걸리,대한민국,용두산조은술,"정제수, 쌀, 소맥분, 평화미",750ml,6
582,전통주,금휘,대한민국,용두산조은술(영),"국내산 쌀, 황기, 금나노화된 황금물",500ml,35
583,전통주,소나무와 학,대한민국,용두산조은술(영),"국내산 쌀, 황기",700ml,43
584,전통주,톡쏘는 옥수수동동,대한민국,우리술,"쌀, 정제수, 입국, 옥수수 농축액, 옥수수 추출물 등",750ml,6
585,전통주,톡쏘는 고구마동동,대한민국,우리술,"쌀, 정제수, 입국, 고구마 농축액, 고구마 추출물 등",750ml,6
586,전통주,톡쏘는 알밤동동,대한민국,우리술,"쌀, 정제수, 입국, 밤 농축액, 밤 추출물 등",750ml,6
587,전통주,가평 잣 생막걸리,대한민국,우리술,"쌀, 정제수, 쌀입국, 잣, 효모, 정제효소 등",750ml,6
588,전통주,톡쏘는 쌀 막걸리,대한민국,우리술,국내산 쌀,"750ml, 950ml",6
589,전통주,황도배기 햅쌀막걸리,대한민국,우리술,고창 황토배기 햅쌀,900ml,6
590,전통주,경기백주,대한민국,우리술별처럼 과천도가,"정제수, 경기미 햅쌀, 국, 효모",500ml,14
591,전통주,타락40,대한민국,우유로 만든 증류주 타락,"증류원액(국내산 우유), 정제수","200ml, 375ml",40
592,전통주,맑은내일 발효 막걸리,대한민국,우포의 아침 주식회사,"정제수, 백미(국내산), 누룩, 정제효소, 아스파탐(합성감미료 / 페닐알라닌함유), 밀함유",930ml,6.5
593,전통주,맑은내일 우포,대한민국,우포의아침,"국내산 쌀, 옥수수전분, 효모, 누룩, 양파, 정제수","325ml, 500ml",12
594,전통주,맑은내일 스파클링 막걸리,대한민국,우포의아침,"정제수, 멥쌀(수입산), 누룩, 정제효소, 아스파탐(감미료/페닐알라닌 함유), 밀함유",750ml,5
595,전통주,맑은내일 운암1945,대한민국,우포의아침,"정제수, 쌀, 누룩, 효소제",750ml,12
596,전통주,황감찰,대한민국,운곡도가,"국내산 쌀, 찹쌀, 누룩, 효모, 정제수",750ml,8
597,전통주,토끼구름,대한민국,운곡도가,"정제수, 쌀, 올리고당, 전분, 조효소제, 혼합제제",750ml,6.8
598,전통주,왕피천을 품은 미소생막걸리,대한민국,울진술도가,"쌀, 누룩, 정제수",750ml,7
599,전통주,미소 생막걸리,대한민국,울진술도가,"쌀(국내산), 누룩, 정제수",750ml,7
600,전통주,원소주,대한민국,원스피리츠 농업법인 주식회사,"물, 쌀(국내산)",375ml,22
601,전통주,원조소곡주,대한민국,원조소곡주,"찹쌀(36%), 누룩(3%)",720ml,16
602,전통주,한산 소곡화주,대한민국,원조소곡주,"찹쌀, 멥쌀, 누룩","300ml, 500ml",41
603,전통주,그랑티그르 M1988,대한민국,월류원,"캠벨얼리 포도, 오미자",750ml,12
604,전통주,그랑티그르 CE2002,대한민국,월류원,캠벨얼리 포도,750ml,12
605,전통주,오드린 베베마루 아내를 위한,대한민국,월류원,캠벨얼리 포도,375ml,10
606,전통주,베베마루 캠밸로제,대한민국,월류원,포도(캠벨얼리),375ml,12
607,전통주,베베마루 캠벨로제 스위트,대한민국,월류원,포도(캠벨얼리),375ml,10
608,전통주,베베마루 설레임 로제 스위트와인,대한민국,월류원 오드린,포도(캠벨얼리 100%),"375ml, 750ml",12
609,전통주,위 (we)레드 (2018)와인,대한민국,위 와이너리,국내산포도 100%,750ml,12
610,전통주,은자골 생 탁배기,대한민국,은척양조장,"백미, 소맥분, 정제수, 전분당, 국, 누룩, 효소, 아스파탐",750ml,5
611,전통주,이상헌 약주,대한민국,이가수불,"아산쌀, 국(국내산 밀누룩), 정제수",500ml,18
612,전통주,남산둘레길,대한민국,이대앞양조장,"물, 쌀(국산), 국(밀함유), 솔잎(국산)",750ml,7.6
613,전통주,눈내린여름밤,대한민국,이대앞양조장,"쌀, 누룩, 물",375ml,12
614,전통주,이동 생 쌀 막걸리,대한민국,이동주조,"정제수, 백미, 팽화미, 입국, 아스파탐 등",750ml,6
615,전통주,뱁새,대한민국,이쁜꽃양조장,"쌀, 찹쌀, 모싯잎, 생강, 구절초",375ml,23
616,전통주,아이원 막걸리,대한민국,이원양조장,"쌀, 밀, 입국, 누룩, 정제수",750ml,6
617,전통주,시인의마을,대한민국,이원양조장,"쌀(국내산), 누룩, 정제수",700ml,10
618,전통주,우리밀 막걸리 향수,대한민국,이원양조장,"쌀, 밀, 입국, 누룩, 정제수",700ml,9
619,전통주,이화백주 순탁주,대한민국,이화백주,"정제수, 쌀(국내산), 누룩, 설탕, 물엿, 밀, 아스파탐",940ml,6
620,전통주,인천 생 소성주,대한민국,인천탁주,"쌀, 팽화미, 정제수, 국, 효모, 아스파탐, 효소, 이소말토 올리고당",750ml,6
621,전통주,천안연미주,대한민국,입장주조㈜,국내산 쌀,375ml,13
622,전통주,자두와인,대한민국,자두사랑,국내산 자두,750ml,12
623,전통주,홍삼명주,대한민국,자연과 인삼,홍삼(국내산),"375ml, 500ml, 750ml",14
624,전통주,자희향 나비,대한민국,자희자양,"찹쌀(국내산), 멥쌀(국내산), 누룩(국내산), 정제수",500ml,8
625,전통주,자희향,대한민국,자희자양,"찹쌀(국내산), 멥쌀(국내산), 누룩(국내산), 정제수",500ml,12
626,전통주,자희향 국화주,대한민국,자희자양,국내산 쌀,375ml,15
627,전통주,레돔 시드르,대한민국,작은알자스,사과,750ml,6
628,전통주,레돔 내추럴 스파클링 로제와인,대한민국,작은알자스,포도,750ml,7.5
629,전통주,세종대왕어주 탁주,대한민국,장희도가,"쌀(국내산), 누룩, 정제수",500ml,13
630,전통주,세종대왕어주 약주,대한민국,장희도가,"쌀, 누룩 정제수",500ml,15
631,전통주,고향춘,대한민국,전가네,"포천쌀, 찹쌀, 향미찹쌀, 전가네이화곡, 정제수",350ml,10
632,전통주,이강주,대한민국,전주 이강주,"쌀, 소맥분, 정맥, 배, 생강, 계피, 울금, 꿀",375ml,19
633,전통주,경기전,대한민국,전주술로시티,"국내산 보리, 맥아, 호프펠렛, 효모, 정제효소제, 정제수",1000ml,5
634,전통주,오디여라,대한민국,전주이강주,"오디증류원액(오디:국내산), 정제수, 올리고당",375ml,25
635,전통주,청진주,대한민국,전통주연구개발원,"찹쌀, 누룩, 정제수",375ml,16
636,전통주,아리아리,대한민국,정선명주,"정제수, 과실주증류주원액(정제수, 오가피열매: 정선산, 설탕, 효모)",500ml,40
637,전통주,곤드레생막걸리,대한민국,정선명주,"백미(국내산), 감자(정선산), 곤드레(정선산)",750ml,6
638,전통주,청혼골드,대한민국,제이앤제이브루어리,"경기미(용인백옥쌀), 밀누룩, 국, 효모, 증류소주",375ml,19.5
639,전통주,청혼 화이트,대한민국,제이앤제이브루어리유한회사,"경기미(용인백옥쌀), 밀누룩, 국, 효모",375ml,13
640,전통주,청혼 레드25,대한민국,제이앤제이브루어리유한회사,"경기미(용인백옥쌀), 경기미(보리), 밀누룩, 국, 효모",375ml,25
641,전통주,청혼 블루,대한민국,제이앤제이브루어리유한회사,"경기미(용인백옥쌀), 밀누룩, 국, 효모",375ml,15
642,전통주,문경바람 백자 25,대한민국,제이엘,사과(문경산),750ml/375ml,25
643,전통주,문경바람 백자 40,대한민국,제이엘,사과(문경산),750ml/375ml,40
644,전통주,기다림 34,대한민국,제이케이크래프트,"국내산 멥쌀, 국내산 찹쌀, 곡자, 정제수",500ml,12
645,전통주,기다림 25,대한민국,제이케이크래프트,"국내산 백미, 국내산 찹쌀, 곡자, 정제수",750ml,8
646,전통주,기다림 16,대한민국,제이케이크래프트,"국내산 찹쌀, 국내산 흑미, 곡자, 정제수",750ml,9
647,전통주,기다림 맑은술,대한민국,제이케이크래프트,"국내산 멥쌀, 국내산 찹쌀, 곡자, 정제수",500ml,15
648,전통주,동래아들,대한민국,제이케이크래프트,"정제수, 찹쌀, 맵쌀, 밀누룩",750ml,6
649,전통주,제주술익는집 고소리술,대한민국,제주고소리술익는집,"잡곡, 누룩, 정제수",400ml,40
650,전통주,오메기 맑은술,대한민국,제주고소리술익는집,"좁쌀, 햅쌀, 정제수, 누룩",500ml,16
651,전통주,패치배치 만다린,대한민국,제주곶밭,"멥쌀, 감귤, 감귤과피, 당유자과피, 귤꽃",600ml,8
652,전통주,"동백꽃, 제주",대한민국,제주본초협동조합 왕지케양조장,"동백꽃잎, 정제수, 포도당 효모",365ml,16
653,전통주,세우리,대한민국,제주샘주,"산양삼, 하수오, 구기자, 쌀",700ml,45
654,전통주,고소리술,대한민국,제주샘주,"백미, 차조, 입국, 누룩, 효모(팽창제), 정제효소, 스테비올배당체(감미료), 정제수","29,40-375ml, 40-500ml",29
655,전통주,오메기술,대한민국,제주샘주,"쌀, 차조, 입국, 누룩, 효모, 효소, 청호, 조릿대, 감초, 정제수",375ml,13
656,전통주,니모메,대한민국,제주샘주,"백미, 누룩, 감귤 진피, 효모",375ml,11
657,전통주,고소리술,대한민국,제주샘주,"쌀, 차조, 입국, 누룩, 효모, 효소, 정제수, 스테비올 배당체",375ml,40
658,전통주,제주감귤주 귤로만,대한민국,제주와이너리,감귤원액(제주),750ml,7
659,전통주,제주몬순커피주,대한민국,제주커피수목원,"정제수, 설탕, 커피생두, 효모",200ml,11
660,전통주,커피와인 톡시,대한민국,제주커피수목원,커피생두 발효액,200ml,11
661,전통주,커피냑,대한민국,제주커피수목원,"커피생두, 백설탕, 효모, 정제수, 클로로겐산",200ml,40
662,전통주,의림소주,대한민국,제천한약(영),국내산 쌀,700ml,40
663,전통주,한비 유자술,대한민국,제천한약(영),"쌀(국내산), 유자(국내산)",750ml,35
664,전통주,한비 무병장수술,대한민국,제천한약(영),"국내산쌀, 흑삼, 인삼, 오가피, 오미자, 구기자, 복분자, 차전자, 토사자, 산수유","375ml, 750ml",35
665,전통주,한비 동충하초술,대한민국,제천한약(영),"국내산 쌀, 누룩, 가시오가피 뿌리, 동충하초, 정제수","375ml, 750ml",35
666,전통주,한비오가피술골드,대한민국,제천한약(영),"국내산 쌀, 국내산 오가피",500ml,35
667,전통주,한비 오가피술,대한민국,제천한약영농조합법인,"국내산 쌀, 누룩, 가시오가피 뿌리, 정제수","375ml, 750ml",35
668,전통주,한비 쌀소주,대한민국,제천한약영농조합법인,"국내산 쌀, 누룩, 정제수","375ml, 750ml",40
669,전통주,젤코바 스페셜와인,대한민국,젤코바와이너리,"국내산 산머루, MBA포도","375ml, 500ml, 750ml",11.5
670,전통주,젤코바 프리미엄 와인,대한민국,젤코바와이너리,"국내산 산머루, MBA포도","500ml, 750ml",12
671,전통주,젤코바 캠벨와인,대한민국,젤코바와이너리,"유기농 캠벨포도, 유기농 설탕",750ml,13.5
672,전통주,홍시와인,대한민국,젤코바와이너리,"감열매(국내산), 효모, 메타중아황산칼륨, 이산화황",375ml,10.5
673,전통주,우도땅콩전통주,대한민국,조은술 세종,"쌀, 우도땅콩",750ml,6
674,전통주,세종청주생막걸리,대한민국,조은술 세종,"쌀, 소맥분","750ml, 1200ml",6
675,전통주,세종 알밤주,대한민국,조은술 세종,"정제수, 백미, 소맥분, 알밤(국내산), 전분당, 효모, 젖산",750ml,6
676,전통주,생 청주 막걸리,대한민국,조은술 세종,"쌀, 소맥분, 국, 조제종국, 효모, 물엿 등",750ml,6
677,전통주,우도 땅콩 전통주,대한민국,조은술 세종,"정제수, 전분당, 백미, 국, 땅콩분, 효모, 젖산 등",750ml,6
678,전통주,바나나 주,대한민국,조은술 세종,"쌀, 국, 정제수, 바나나 농축액, 조제종국, 효모, 물엿",750ml,4
679,전통주,괴산 세종 찰옥수수 전통주,대한민국,조은술 세종,"정제수, 백미, 국, 옥수수분, 전분당, 조제종국, 효모, 조효소제, 치자색소,젖산, 아스파탐, 아세설팜칼륨,허브후레바E, 누룽지향, 구연산",750ml,6
680,전통주,아이엠더문,대한민국,조은술 세종,"쌀증류식소주원액(유기농쌀100%), 주정, 정제수, 과실농축액(국내산-사과,포도,딸기,오렌지,망고) 등","375ml, 750ml",17
681,전통주,이도 22,대한민국,조은술 세종,쌀(국내산),375ml,22
682,전통주,세종 오가닉,대한민국,조은술 세종,"정제수, 유기농 백미, 국, 효모, 정제효소, 구연산",375ml,13
683,전통주,유기농이도 14,대한민국,조은술 세종,"물, 유기농쌀(국내산),국[유기농쌀(국내산)], 우리밀누룩(국내산)",750ml,14
684,전통주,세종 쌀막걸리,대한민국,조은술 세종,국내산 쌀,"750ml, 1200ml, 1700ml",6
685,전통주,유기농 이도 42,대한민국,조은술 세종,"유기농쌀 (100%), 정제수, 증류원액, 국, 조제종국, 효모 등","375ml, 750ml",42
686,전통주,유기농 이도 32,대한민국,조은술 세종,"물, 증류원액(유기농 쌀, 국내산)",375ml,32
687,전통주,미나리싱싱주,대한민국,조은술 세종,"쌀(유기농,국내산), 찹쌀(유기농, 국내산), 미나리(친환경, 국내산), 국(유기농쌀,국내산), 종국, 효모, 과당, 아스파탐",300ml,14.5
688,전통주,술그리다 생탁주,대한민국,좋은술,"국내산쌀, 누룩",500ml,10
689,전통주,천비향 오양주 탁주,대한민국,좋은술,"국내산쌀, 누룩",500ml,14
690,전통주,술예쁘다 생탁주,대한민국,좋은술,"국내산 쌀, 누룩",500ml,13
691,전통주,천비향 화주,대한민국,좋은술,"국내산 쌀, 누룩",375ml,40
692,전통주,천비향 오양주 약주,대한민국,좋은술,"국내산 쌀, 누룩",500ml,16
693,전통주,1932 새싹땅콩+햅쌀/흑미,대한민국,㈜1932 포천일동막걸리,"새싹땅콩+고시히카리 쌀, 새싹땅콩+진도산 흑미","500ml, 900ml",6
694,전통주,담은,대한민국,㈜1932 포천일동막걸리,"쌀(국내산), 입국, 효모, 고과당, 정제효소제, 정제수",750ml,6.5
695,전통주,금산인삼백주,대한민국,㈜금산인삼주,"국내산쌀 95.8%, 국내산 인삼 4.2%",500ml,43
696,전통주,금산인삼주 수삼 500,대한민국,㈜금산인삼주,"국내산 쌀, 국내산 인삼",500ml,43
697,전통주,수삼단본 720,대한민국,㈜금산인삼주,"국내산 쌀, 국내산 인삼",720ml,43
698,전통주,배꽃담은연,대한민국,㈜농업회사법인 술 빚는 전가네,"쌀 26.1%, 효모 0.07%, 젖산 0.05%, 정제수 72.31%",720ml,10
699,전통주,산정호수 동정춘막걸리,대한민국,㈜농업회사법인 술 빚는 전가네,"국내산 쌀, 누룩, 정제수",720ml,6
700,전통주,동백우리쌀생막걸리,대한민국,㈜동백양조,"정제수, 쌀 소맥분 물엿, 곡자, 효모, 조제종국, 정제효소, 아스파탐,아세설팜칼륨",750ml,6
701,전통주,두레앙목통숙성주,대한민국,㈜두레양조,목통숙성주원액,500ml,35
702,전통주,두레앙22,대한민국,㈜두레양조,"포도, 메타중아황산칼륨, 효모, 설탕, 정제수",375ml,22
703,전통주,두레앙 일반증류주,대한민국,㈜두레양조,국내산 포도,750ml,35
704,전통주,두레앙와인,대한민국,㈜두레양조,거봉포도,750ml,12
705,전통주,아우내,대한민국,㈜두레양조,"포도주 증류원액, 주정",360ml,20
706,전통주,쑥크레,대한민국,주방장양조장,"쌀, 누룩, 쑥, 물",375ml,10
707,전통주,도래하,대한민국,㈜배혜정농업회사법인,"정제수, 주정, 쌀소주원액(정제수, 쌀(국내산), 국, 효모, 젖산), 합성함료(진향, 감초향), 구연산, 천연향료(고수향), 아스파탐(감미료, 페닐알라닌 함유)",350ml,19
708,전통주,백제한산군주,대한민국,㈜백제명가주조,"찹쌀, 물, 멥쌀, 주정, 효모, 홍고추, 구절초, 과당, 소금, 스테비아",250ml,25
709,전통주,부자진 오미자 진,대한민국,㈜부자진농업회사법인,"솔잎, 쑥, 헛개, 한라봉, 오미자 등",375ml,44
710,전통주,부자진 배치#0001,대한민국,㈜부자진농업회사법인,"캐모마일, 라벤더, 레몬 베버나, 노간주나무 열매, 한라봉, 헛개나무, 솔잎,쑥",375ml,44
711,전통주,사임주,대한민국,㈜사리원,"국내산 찹쌀, 국내산 멥쌀",500ml,16
712,전통주,삼해소주,대한민국,㈜삼해소주,"멥쌀, 찹쌀, 누룩",400ml,45
713,전통주,선운산 복분자주 프리미엄,대한민국,㈜선운산복분자주 흥진,"복분자(고창산), 과당, 구연산, 아스파탐, 무수아황산",700ml,19
714,전통주,선운산 복분자주,대한민국,㈜선운산복분자주 흥진,"복분자(고창산), 과당, 구연산, 아스파탐, 무수아황산",375ml,16
715,전통주,선운산 복분자와인,대한민국,㈜선운산복분자주 흥진,"복분자(고창산), 구연산, 과당, 아스파탐, 주정, 정제수",300ml,13
716,전통주,샹스프랑보아즈,대한민국,㈜선운산복분자주 흥진,"복분자(고창산), 구연산, 과당, 구연산, 아스파탐, 주정, 정제수",500ml,13
717,전통주,미담,대한민국,㈜성광주조,국내산 쌀,750ml,6
718,전통주,수성 프리미엄 백주43,대한민국,㈜수성주류,"수수, 정제수",500ml,43
719,전통주,혼디주,대한민국,㈜시트러스,"제주산감귤, 백설탕, 구연산, 무수아황산",330ml,12
720,전통주,한청,대한민국,주식회사 초가,"정제수, 철원오대미, 정제효소제, 효모, 정제주정, 기타과당, 젖산",300ml,15
721,전통주,고향생막걸리,대한민국,㈜찬우물,국내산 쌀,750ml,6
722,전통주,고향인삼막걸리,대한민국,㈜찬우물,"국내산쌀90%, 국내산인삼10%",750ml,6
723,전통주,SSOA-포도,대한민국,㈜포천조술당,국내산 포도,355ml,5
724,전통주,고리진,대한민국,㈜하우스오브헤리티지,"노간주열매, 유자, 복분자, 오미자, 구기자, 인삼, 우엉, 생강, 감초, 산초",500ml,47
725,전통주,금과 명주,대한민국,㈜한국애플리즈,"사과증류주, 고과당, 사과향, 카라멜",750ml,40
726,전통주,애피소드호프,대한민국,㈜한국애플리즈,"사과과즙, 보리, 쌀, 홉",500ml,3.5
727,전통주,The 찾을수록,대한민국,㈜한국애플리즈,"사과와인, 정제수, 정제주정 외 제품별 농축액 (복숭아, 포도, 사과, 감귤, 생강, 커피향 등)",360ml,14
728,전통주,애피소드 상그리아,대한민국,㈜한국애플리즈,"포도와인, 정제주정, 정제수, 포도농축액, 고과당",500ml,3.5
729,전통주,애피소드 애플,대한민국,㈜한국애플리즈,사과,500ml,3.5
730,전통주,한스오차드 사과와인,대한민국,㈜한국애플리즈,사과,750ml,11
731,전통주,프리미엄 애플와인 한스오차드,대한민국,㈜한국애플리즈,국내산 사과,750ml,11
732,전통주,"화요 41%, 25%, 17%",대한민국,㈜화요,국내산 쌀,"375ml, 500ml, 750ml",41
733,전통주,죽향41,대한민국,죽향도가,"정제수, 쌀(국내산), 벌꿀, 조제종국, 정제효소, 젖산",375ml,41
734,전통주,대대포9,대한민국,죽향도가,"정제수, 쌀, 정제효소, 젖산, 종국, 효모, 물엿, 은행나무견과, 우유함유",600ml,9
735,전통주,청명주,대한민국,중원당,국내산 쌀,500ml,17
736,전통주,청명주 750,대한민국,중원당,"찹쌀,누룩,소맥분",750ml,17
737,전통주,호호막걸리,대한민국,중원당,"정제수, 찹쌀(국내산), 멥쌀(국내산), 단호박(국내산), 누룩(국내산), 밀함유",375ml,9
738,전통주,보은주,대한민국,중원당,"찹쌀(국내산), 멥쌀(국내산), 누룩(국내산)",375ml,10
739,전통주,선희주,대한민국,중원당,"찹쌀(국내산), 멥쌀(국내산), 누룩(국내산), 정제수, 밀함유",375ml,12
740,전통주,지리산 정담 생쌀 막걸리,대한민국,지리산 운봉주조,"쌀(국내산), 종국, 정제수, 누룩, 효모",750ml,6
741,전통주,지리산 허브잎술 쌀 막걸리,대한민국,지리산 운봉주조,"쌀(국내산), 입국, 정제수, 효모, 곡자, 국내산허브(로즈마리, 라벤다잎줄기추출액, 울금) 등",750ml,6
742,전통주,야관문 쌀 막걸리,대한민국,지리산 운봉주조,"팽화미, 입국, 효모, 곡자(밀), 정제수, 야관문잎 줄기 추출액 등",750ml,6
743,전통주,지평 이랑이랑,대한민국,지평주조,"정제수, 쌀, 자일리톨, 국, 효모, 레몬농축액, 허브류",750ml,5
744,전통주,지평 생 옛막걸리,대한민국,지평주조,"밀, 정제수, 국, 분말종국, 효모, 정제효소 등","1,700ml",5
745,전통주,지평 생 쌀막걸리,대한민국,지평주조,"쌀(국내산), 정제수, 국, 효모, 정제효소 등","700ml, 1,700ml",5
746,전통주,예천주복 만월40,대한민국,착한농부,"복분자증류원액, 복분자과즙, 정제수",350ml,40
747,전통주,막시모 40,대한민국,착한농부,"국내산 오미자 증류원액, 국내산 오미자 원액, 정제수",500ml,40
748,전통주,참주가 동해밤바다,대한민국,참주가,"증류원액[쌀(국내산), 입국(국내산), 효모], 정제수, 주정, 매실(국내산), 과당, 효소처리스테비아, 에리스라톨, L-아스파라간산(영양강화제)",360ml,17.2
749,전통주,참주가 청화랑,대한민국,참주가,"증류원액[쌀(국내산), 블루베리(국내산), 입국(국내산), 효모], 정제수, 주정, 과당, 효소처리스테비아, 에리스리톨, L-아스파라간산(영양강화제)",360ml,17
750,전통주,참주가 서해밤바다,대한민국,참주가,"증류원액[쌀(국내산), 입국(국내산), 효모], 정제수, 주정, 매실(국내산), 과당, 효소처리스테비아, 에리스라톨, L-아스파라간산(영양강화제)",360ml,17.1
751,전통주,감그린 아이스와인,대한민국,청도감와인,감(국내산),375ml,10
752,전통주,감그린 스페셜,대한민국,청도감와인,감(국내산),750ml,12
753,전통주,감그린 레귤러,대한민국,청도감와인,감(국내산),750ml,12
754,전통주,편백숲 산소막걸리 스파클링,대한민국,청산녹수,"찹쌀, 맵쌀, 누룩",940ml,6.8
755,전통주,편백숲 산소막걸리 딸기 스파클링,대한민국,청산녹수,"찹쌀, 멥쌀, 누룩, 딸기, 올리고당",940ml,6.8
756,전통주,편백숲 산소막걸리 순수령 8%,대한민국,청산녹수,"찹쌀, 맵쌀, 누룩",750ml,8
757,전통주,편백숲 산소막걸리 순수령,대한민국,청산녹수,"찹쌀, 맵쌀, 누룩",750ml,5.8
758,전통주,편백숲 산소막걸리,대한민국,청산녹수,"쌀, 사과농축액,누룩,올리고당,아스파탐",750ml,5.2
759,전통주,생탁주,대한민국,청산녹수,"쌀, 올리고당, 사과농축액, 아스파탐, 효모, 정제수",750ml,6
760,전통주,꿀막걸리,대한민국,청산녹수,"쌀(국내산), 벌꿀(국내산), 사과농축액, 효모, 정제효소",750ml,8
761,전통주,사미인주,대한민국,청산녹수,"유기농 햅쌀, 벌꿀",750ml,8
762,전통주,G12 골디락스,대한민국,청산녹수,"정제수, 멥쌀(국내산), 찹쌀(국내산), 누룩, 종국, 효모, 밀함유",500ml,12
763,전통주,52C,대한민국,청산녹수,"정제수, 주정, 증류식소주원액, 오이",500ml,17.5
764,전통주,주산지 막걸리,대한민국,청송양조장,"쌀(국내산), 밀가루, 누룩, 입국, 효모, 고과당, 물엿, 아스파탐, 삭카린나트륨, 정제수",750ml,6
765,전통주,청양둔송구기주,대한민국,청양둔송구기주,"쌀, 누룩, 구기자, 감초, 두충껍질",700ml,16
766,전통주,유자향주,대한민국,청정영농조합법인,"쌀(국내산), 유자(고흥산), 아스파탐",750ml,6
767,전통주,미인약주,대한민국,최행숙전통주가,"찹쌀, 누룩, 정제수",500ml,15
768,전통주,아황주,대한민국,최행숙전통주가,"찹쌀, 멥쌀, 누룩, 정제수",500ml,17
769,전통주,미인탁주,대한민국,최행숙전통주가,"찹쌀, 누룩, 정제수",500ml,10
770,전통주,대통대잎술,대한민국,추성고을,"쌀, 누룩, 갈근, 구기자, 솔잎, 진피 등",700ml,15
771,전통주,르깔롱,대한민국,추성고을,"정제수, 주정, 고과당, 죽력, 메론후레바, 레이지라임, 코코넛향, 윌튼스카이아이싱칼라",500ml,16
772,전통주,티나(TINA),대한민국,추성고을,딸기(국내산),750ml,16
773,전통주,추성주,대한민국,추성고을,"국내산 쌀, 국내산 한약재",350ml,25
774,전통주,타미앙스,대한민국,추성고을,"국내산 쌀, 국내산 한약재",400ml,40
775,전통주,대통주,대한민국,추성고을,"국내산 쌀, 국내산 매실농축액, 국내산 대나무잎",360ml,11
776,전통주,담양 죽력고,대한민국,추성고을,"정제수, 국내산 쌀, 누룩, 죽력, 계피, 석창포, 생강, 효모",350ml,25
777,전통주,대잎술,대한민국,추성고을,"쌀, 누룩, 댓잎, 솔잎, 진피, 갈근, 오미자, 구기자, 죽력 등",300ml,12
778,전통주,순향주,대한민국,추연당,"쌀, 누룩, 정제수",375ml,15
779,전통주,백년향,대한민국,추연당,"쌀,누룩,정제수",500ml,10
780,전통주,소여강,대한민국,추연당,"쌀(경기미), 누룩(국내산), 물(정제수)",375ml,42
781,전통주,소여강 25%,대한민국,추연당,"쌀증류주원액(국내 여주쌀), 정제수",375ml,25
782,전통주,석탄주 탁주,대한민국,케이소주,"국내산 찹쌀, 누룩, 정제수",500ml,15
783,전통주,방문주 탁주,대한민국,케이소주,"국내산 찹쌀, 누룩, 정제수",500ml,15
784,전통주,방문주 약주,대한민국,케이소주,"국내산 찹쌀, 누룩, 정제수",500ml,15
785,전통주,두리향,대한민국,케이소주,"국내산 찹쌀, 누룩, 정제수",500ml,43
786,전통주,석탄주 약주,대한민국,케이소주(전주가양주연구소),"국내산 찹쌀, 누룩, 정제수",500ml,15
787,전통주,"코이버펑크, 머스캣 베일리 에이 2017",대한민국,코이버펑크,머스캣 벨일리 베이 포도품종 100% (경북 영천),750ml,12.5
788,전통주,"코이버펑크, 카베르네 소비뇽 2019",대한민국,코이버펑크,카베르네 소비뇽 포도품종 100% (경북 영천),750ml,12.5
789,전통주,"코이버펑크, 샤르도네 세미용 2018",대한민국,코이버펑크,"샤르도네 포도품종, 세미용 포도품종, 실바너 포도품종",750ml,11.5
790,전통주,탁112클래식,대한민국,탁브루,"정제수, 찹쌀, 국, 효모, 밀함유",750ml,12
791,전통주,송명섭 막걸리,대한민국,태인합동주조장,"국내산쌀, 곡자, 정제수",500ml,6
792,전통주,죽력고,대한민국,태인합동주조장,"국내산쌀, 죽력, 누룩, 정제수",700ml,32
793,전통주,손가네 태종대 개똥쑥생막걸리,대한민국,태종대양조,"정제수, 쌀, 태종대개똥쑥추출물, 입국, 누룩, 정제효소, 이소말토올리고당, 구연산, 아스파탐, 효모",750ml,6
794,전통주,라이코펜 토마토와인,대한민국,토마토와인주식회사,국내산 토마토,"350ml, 500ml",12
795,전통주,녹고의 눈물,대한민국,토향,섬오가피,500ml,16
796,전통주,팔팔막걸리,대한민국,팔팔양조장,"정제수, 쌀(김포산, 김포금쌀), 국, 산도조절제, 효모, 밀함유",750ml,6
797,전통주,풍정사계 추(秋),대한민국,풍정사계,풍정사계 추(秋),500ml,12
798,전통주,풍정사계 춘(春),대한민국,풍정사계,"찹쌀, 향온곡",500ml,15
799,전통주,풍정사계 동(冬),대한민국,풍정사계,"찹쌀, 향온곡",375ml,25
800,전통주,매아랑,대한민국,하동매실 영농조합법인,국내산 매실,750ml,10.7
801,전통주,산머루와인 달콤한 스위트,대한민국,하미앙 와인밸리,산머루,750ml,10.5
802,전통주,산머루와인 깊은맛 드라이,대한민국,하미앙 와인밸리,산머루,750ml,12
803,전통주,오크와인,대한민국,하미앙 와인밸리,산머루,750ml,12
804,전통주,2018년산 하미앙 오크와인,대한민국,하미앙 와인밸리,국내산 산머루,750ml,12
805,전통주,2016년산 하미앙 드라이,대한민국,하미앙 와인밸리,국내산 산머루,"375ml, 750ml",12
806,전통주,2016년산 하미앙 스위트,대한민국,하미앙 와인밸리,국내산 산머루,"375ml, 750ml",10.5
807,전통주,하향주,대한민국,하향주가,찹쌀,750ml,17
808,전통주,나루 생 막걸리 6도,대한민국,한강주조,"정제수, 쌀(국내산), 국, 효모(밀함유)",935ml,6
809,전통주,나루 생 막걸리 11.5도,대한민국,한강주조,"정제수, 쌀(국내산), 국, 효모(밀함유)",500ml,11.5
810,전통주,김수한무,대한민국,한국고량주 농업회사법인,"수수(국내산), 누룩(국내산), 효모(국내산), 정제수",375ml,39
811,전통주,계룡산 산삼주 금수강산 21%,대한민국,한국산삼,"산양산삼, 정제수, 주정",740ml,21
812,전통주,계룡산 산삼주 금수강산 40%,대한민국,한국산삼,"산양산삼, 정제수, 주정",740ml,40
813,전통주,헤베,대한민국,한국애플리즈,사과와인(사과과즙 100%),330ml,9
814,전통주,스타베리오디,대한민국,한국와인,양조용포도(영천),500ml,12
815,전통주,뱅꼬레 아이스와인,대한민국,한국와인,양조용포도(영천),375ml,12
816,전통주,뱅꼬레 로제와인,대한민국,한국와인,양조용포도(영천),375ml,11.5
817,전통주,뱅꼬레 레드와인,대한민국,한국와인,양조용포도(영천),375ml,12
818,전통주,뱅꼬레 화이트와인,대한민국,한국와인,양조용포도(경북 영천),375ml,11
819,전통주,뱅꼬레 더감,대한민국,한국와인,"감, 효모",750ml/375ml,12
820,전통주,불소곡주,대한민국,한산소곡주,"찹쌀, 국내산 멥쌀",700ml,43
821,전통주,한산소곡주,대한민국,한산소곡주,"찹쌀, 국내산 멥쌀","700ml, 1800ml",18
822,전통주,일오백화이트,대한민국,한산소곡주,"찹쌀(국내산), 백미(국내산), 누룩(밀:국내산), 정제수, 야국, 메주콩, 생강, 홍고추",700ml,18
823,전통주,일오백골드,대한민국,한산소곡주,"찹쌀(국내산), 백미(국내산), 누룩(밀:국내산), 정제수, 꿀, 들국화, 생지황, 메주콩, 홍고추",700ml,43
824,전통주,불소주,대한민국,한산소곡주,"멥쌀(국내산), 찹쌀(국내산), 누룩(국내산 밀함유), 효모, 정제수",500ml,41
825,전통주,백송,대한민국,한산소곡주,"멥쌀(국내산), 찹쌀(국내산), 누룩(국내산 밀함유), 효모, 정제수",500ml,16
826,전통주,일오백블루,대한민국,한산소곡주,"찹쌀(국내산), 백미(국내산), 누룩(밀:국내산), 정제수, 꿀, 들국화, 생지황, 메주콩, 생강, 홍고추",700ml,43
827,전통주,한산소곡주 생주,대한민국,한산소곡주,"멥쌀(국내산), 찹쌀(국내산), 누룩(국내산 밀함유), 효모, 정제수","750ml, 1.5L, 1.8L",16
828,전통주,예담은 한산소곡주,대한민국,한산예담은소곡주,"찹쌀, 멥쌀, 누룩, 대두, 구절초",750ml,16
829,전통주,한산예담은 한산소곡화주,대한민국,한산예담은소곡주,"찹쌀, 멥쌀, 누룩, 대두, 구절초",500ml,41
830,전통주,아홉쌀,대한민국,한아양조,"정제수, 멥쌀(국내산), 국, 효모",500ml,9
831,전통주,일곱쌀,대한민국,한아양조,"정제수, 멥쌀(국내산), 국, 효모",500ml,7
832,전통주,열두쌀,대한민국,한아양조,"정제수, 멥쌀(국내산), 국, 효모",500ml,12
833,전통주,한영석 하향주,대한민국,한영석의발효연구소,"찹쌀, 정제수, 한영석 누룩(향미주국)",375ml,13.8
834,전통주,안성맞춤 생막걸리,대한민국,한주양조,"국내산 쌀, 누룩, 효모, 젖산, 정제효소, 정제수",1000ml,6
835,전통주,한주,대한민국,한주양조,"국내산 쌀, 밀누룩, 정제수","360ml, 500ml",35
836,전통주,백구막걸리,대한민국,한통술양조장,"쌀. 설향곡(누룩), 시나몬(스리랑카), 벌꿀, 둥글레, 감초",330ml,8
837,전통주,연꽃담은술,대한민국,한통술이노베이션주식회사,"둥굴레(국내산),개똥쑥(국내산),감초(국내산),향온곡누룩(녹두,보리,밀(국내산)), 사카린나트륨제제(포도당(70%),사카린나트륨(30%)(감미료))",850ml,8
838,전통주,천지향 증류주,대한민국,함평천지복분자(영),국내산 복분자,500ml,40
839,전통주,해남진양주,대한민국,해남진양주,국내산 찹쌀(해남),375ml,16
840,전통주,세인트하우스 모과와인,대한민국,해미읍성딸기와인,모과 80%,500ml,12
841,전통주,세인트하우스 살구와인,대한민국,해미읍성딸기와인,살구 80%,500ml,12
842,전통주,해창 막걸리 9도,대한민국,해창주조장,"햅쌀, 찹쌀, 물, 누룩",900ml,9
843,전통주,냥이탁주 9도,대한민국,행주산성주가,"정제수, 쌀(국내산), 찰보리(국내산), 찰수수(국내산), 벌꿀(국내산), 오미자(국내산), 송순(국내산), 누룩, 개량누룩, 밀함유","350ml, 500ml",9
844,전통주,냥이탁주 fresh,대한민국,행주산성주가,"정제수, 쌀(국내산), 찰보리(국내산), 찰수수(국내산), 벌꿀(국내산), 오미자(국내산), 송순(국내산), 누룩, 개량누룩, 밀함유",350ml,5
845,전통주,대관령 복분자주,대한민국,홍지원,국내산 복분자,400ml,16
846,전통주,화백,대한민국,화백,"멥쌀(국내산), 찹쌀(국내산), 누룩(국내산 밀함유), 효모, 정제수",500ml,25
847,전통주,산천어막걸리,대한민국,화천주가,"정제수,팽화미(쌀/외국산),입국(쌀),국(밀),설탕,정제효소제, 효모,아스파탐(감미료,페닐알라닌 함유)",750ml,6
848,전통주,황금보리 증류주 17,대한민국,황금보리(유)농업회사법인,"보리(국내산) 39.9%, 누룩(국내산)3.3%, 효소(액화효소), 효모(향미증진제), 정제수, 과당, 구연산(산도조절제)",375ml,17
849,전통주,황금보리 증류주 25,대한민국,황금보리(유)농업회사법인,"정제수, 보리(국내산) 40.05%, 누룩, 효소(액화효소), 효모, 과당, 구연산(산도조절제)",375ml,25
850,전통주,황금보리 증류주 40,대한민국,황금보리(유)농업회사법인,"보리(국내산) 40.27%, 누룩, 효소(액화효소), 효모(향미증진제), 정제수, 과당, 구연산(산도조절제)",375ml,40
